emg_mean,emg_std,emg_min,emg_max,emg_range,emg_slope,flex_mean,flex_std,flex_min,flex_max,flex_range,flex_slope,flow_mean,flow_std,flow_min,flow_max,flow_range,flow_slope,temp_mean,temp_std,temp_min,temp_max,temp_range,temp_slope,intensity_mean,intensity_std,intensity_min,intensity_max,intensity_range,intensity_slope,fatigue,strain_risk,injury_risk,overexertion
84.46197084082543,21.656097449605667,25.324576014347926,150.7061734814286,125.38159746708068,-0.027745549256972927,398.83972868255523,94.11990895163346,143.60587453206574,571.3912610822081,427.78538655014233,0.5123256975510687,60.65494310141468,10.589458584225927,39.735073737118384,80.59645661994954,40.86138288283115,-0.1281648340592627,36.511054085046844,0.3463228628434952,35.78528319249163,37.38423899241338,1.5989557999217467,-0.0046657315334517595,2.024884849600383,0.7403282212087572,0.38701749525290796,3.956175170696791,3.5691576754438827,-0.01793419353747756,0,0,0,0
77.43307970337891,19.452500636587068,41.11843025709212,122.87335827353928,81.75492801644717,0.0710953821514981,386.44564895519494,93.79910129070345,168.92015041309395,601.9017793061658,432.9816288930719,-0.46973297353691135,63.46786392080272,10.06936180583807,42.43874673009269,82.82014726639578,40.38140053630309,-0.1339853136505206,36.48880323768585,0.28431206877860604,35.997467779045586,37.43387049666951,1.4364027176239276,0.000310127460793099,1.841341786122704,0.7953134054879367,0.2399484406878758,3.9257514954504966,3.685803054762621,0.013849212570496539,0,0,0,0
81.7258030184752,17.131470769572335,46.41157547174939,126.52869436163292,80.11711888988353,0.15526127076610555,412.9326291130933,109.12031579778596,166.46518515419527,700.2272378437447,533.7620526895494,0.3125260891664187,58.94107809692367,9.018342636162664,38.66945613997164,77.548487516667,38.87903137669535,0.1302398312446507,36.493541749961906,0.31252443057573903,35.8065261802574,37.28358793538497,1.477061755127572,-0.0010862971891087364,2.069678060469794,0.8415174003729295,0.6445109547636223,4.209741252125139,3.5652302973615164,0.010661538881909061,0,0,0,0
80.95509301672654,18.01821393187697,41.979557107383926,124.53969647740291,82.56013937001899,0.02841782172810428,428.7833991756896,84.53731569388553,248.563030622279,678.2000436820026,429.6370130597236,-0.4422314154025618,58.01191569171933,10.600009793533689,34.761627906071304,83.89815607532711,49.136528169255804,-0.2439214452083863,36.451777756580874,0.30627007352485053,35.933636663791475,37.29063479016886,1.356998126377384,4.9237214455014324e-05,2.1092916719438555,0.9034244063747137,-0.30386474295876864,4.400985729823752,4.704850472782521,-0.0015264621008341305,0,0,0,0
77.26278804889675,19.732941133434547,39.241520362997846,125.1079383746188,85.86641801162095,0.33036717385672426,405.7946348032993,81.57138731552081,182.59072357370525,553.6372460878132,371.04652251410795,-0.35874349201765376,59.75759057383807,10.492013924647392,33.687440571760796,78.18765690776058,44.50021633599979,-0.043761076562183907,36.526342993657664,0.36927511876272273,35.78020999654265,37.33678848141595,1.5565784848732989,0.0014857779145463674,1.9233556612238059,0.7966056162190506,0.7059194093133847,3.5717050410174167,2.865785631704032,0.003705650922077882,0,0,0,0
80.55200204174561,17.791347246111574,38.464920434907654,116.60947768919732,78.14455725428967,-0.28752555805814284,404.8242499608787,90.72055176490458,191.64405136261115,576.6610412101496,385.01698984753847,-1.3662166152774429,59.4975440105333,11.106723730803672,37.18027294716357,84.50047508669985,47.32020213953628,0.007647246646595408,36.57463615740084,0.2919350177057405,36.058638229866915,37.4132129167576,1.354574686890686,-0.0014523574335044659,1.954249792404854,0.7137685501079428,-0.15829597911702775,3.34305970984257,3.5013556889595976,0.021044603130355492,0,0,0,0
78.85132130449082,16.106130158505202,35.41347158885173,105.48893829007812,70.07546670122639,-0.32857917294557437,398.5274195683677,101.58945766045241,187.8915422916834,634.0908275945047,446.1992853028213,1.0802501660925232,60.35042934990527,10.359182126971254,30.066515902540367,81.13210469035766,51.0655887878173,-0.19618714281859356,36.491523481025574,0.3078859845589598,35.87475456748079,37.057988677662436,1.183234110181644,-0.0007911629835344293,1.8777811955185288,0.7483962130309716,0.42096574449280055,3.3318194975849975,2.910853753092197,-0.005093104635674608,0,0,0,0
79.22524334279818,23.014168261218757,20.451208968819913,134.76822780163457,114.31701883281465,-0.1840740739646573,417.22541822559316,95.60788099497442,198.8086200974248,588.0708002793483,389.2621801819235,-0.8985944665624394,59.2064514707393,9.75968579070243,40.40233563608932,76.88466488499557,36.482329248906254,0.12346699170912874,36.4970670888604,0.2777007572607466,35.90286904725441,37.02391732436993,1.12104827711552,-0.003587364040039738,2.004839272136076,0.7269224545943113,0.6458376842787805,4.250367181645505,3.604529497366724,-0.004216054824166842,0,0,0,0
82.23418356096627,21.899445342006423,28.0312661170786,143.30965027244298,115.27838415536438,-0.32246075080550857,388.668045704595,90.21205973691187,201.025581048005,591.7453769864709,390.7197959384659,0.7390639377983936,60.56045799931186,8.034911038592242,44.058648069995634,79.76977982777035,35.711131757774716,0.08593218929949094,36.52583504993713,0.2850423663750749,35.85312260950714,37.05517212277131,1.2020495132641713,-0.002792234665958071,1.9365425252845034,0.9160884590048987,0.36258767746151466,3.9911799411311426,3.6285922636696277,0.010283677376239942,0,0,0,0
80.43291766604092,18.541062923164457,45.03314363513838,131.68648825933903,86.65334462420066,0.18580789724779662,405.66814866987914,94.9014560843075,132.1416260578673,596.0934764865497,463.95185042868235,-0.35387136773802846,62.140539033162156,8.78883476997455,39.215770329542465,77.944974981721,38.72920465217854,0.01660008174173498,36.4652585491893,0.35635768753857994,35.70905374744661,37.13227468087701,1.4232209334304002,-0.00014176620341303296,1.9207457365924332,0.8794520603298149,0.045724179266705134,3.283733326781693,3.2380091475149877,0.0021945033954712872,0,0,0,0
83.9300045074006,17.118587856367594,50.04511085745383,129.24470043098765,79.19958957353381,-0.24319878581419108,413.2841201186482,114.35232542168748,192.78178185093915,672.002085933233,479.22030408229386,-0.10690303597452497,59.16369674943935,9.280568414091167,39.946348954222096,78.72991985127453,38.783570897052435,-0.14447331585176076,36.45957065830627,0.3338863438032866,35.73007808581868,37.127034462176006,1.3969563763573234,0.00020834167291975555,2.0375069359767597,0.7648631345361063,-0.13609460646814275,3.3910145641140446,3.5271091705821873,-0.021666876090864373,0,0,0,0
80.9737223203126,18.5069915434676,28.317626854387107,111.9468306318602,83.6292037774731,0.15774005150048548,389.90094113498367,109.29372115475071,188.02687084855526,614.482573816859,426.45570296830374,-0.4966546951021493,59.45016980462505,9.756959591851889,41.29954545859384,86.70463382072472,45.40508836213088,0.1345934690584639,36.53938246073867,0.28174749799917065,35.92984373770476,37.29420018526789,1.3643564475631322,-0.0064632822763939415,1.76715485481552,0.8905142062695653,-0.9969217939843009,3.412995518966225,4.409917312950526,0.0015240009164058054,0,0,0,0
79.50709637310734,16.619083581110157,35.37672949059227,120.38165015365543,85.00492066306316,0.062368998332574914,429.9189331945512,100.96853346551939,234.1369866305108,715.828315069615,481.69132843910415,0.7754155504552199,61.63621265213043,9.119997760949294,43.737581322142475,79.64552422636075,35.907942904218274,0.10910372703366576,36.43903430482291,0.26441413363783584,35.7943346964094,36.946664234058034,1.152329537648633,-0.0038402871432535856,1.8219353280312651,0.9281449350107177,0.25697870893275643,4.1095998051406255,3.8526210962078693,0.0063888533641542344,0,0,0,0
80.10254285019946,17.652519042841742,34.571541468992024,114.72977463680385,80.15823316781183,0.012965517104500777,384.8529702755884,93.38584650231387,169.88581982190186,570.0067784438988,400.120958621997,-1.2092844923846764,61.56820143286056,9.616100382658066,44.611213472675274,85.88766294513184,41.27644947245656,-0.020934146794851862,36.459694975945524,0.27935051057935606,35.92955978403813,37.24524257334513,1.3156827893069973,-0.002687588318414044,1.9158371553918492,0.9008319055076418,-0.4040792473489949,3.786884905154812,4.190964152503807,0.011033157712428795,0,0,0,0
83.45933228263381,19.88618579197478,34.32187615138528,125.64901759883588,91.3271414474506,0.06487970351643325,398.94614418232277,103.08909148643174,177.0347725453525,678.3848606628733,501.3500881175208,-0.10225569831509736,59.7378904852012,11.310377398037632,27.761047178984313,83.22647798857562,55.46543080959131,-0.08978233795241577,36.527551674361426,0.2854865906705004,36.01031643755402,37.09681889897585,1.08650246142183,0.000245617463293737,2.0341117950190077,0.8359509432615437,-0.31048488515117034,4.054757104828488,4.365241989979658,0.004689927402079705,0,0,0,0
76.49998028365573,17.046531250582234,27.593901600783212,103.75582998555412,76.1619283847709,0.11169559179842987,407.5279965944532,89.55915306727107,203.5102500208688,577.9172498921873,374.40699987131853,-0.23853746724637306,58.904694089953985,11.231658239630981,31.679931950832337,81.1391342277079,49.45920227687556,-0.039515788047553915,36.48139329460208,0.29952377086476867,36.04424990533711,37.38485130704292,1.3406014017058112,-8.909489074802118e-05,1.9410738936757375,0.770097251676205,0.19799917239251386,3.6062694272797655,3.4082702548872517,-0.002646021144507044,0,0,0,0
84.23558596990557,20.225619446954333,28.140750823530837,128.36881852374978,100.22806770021894,0.4654808384934523,396.88216299186456,94.66161301712648,174.66038927159647,587.0066464777907,412.3462572061942,-1.720734254966334,58.268279594717704,9.982569141720518,39.25899066521685,85.53238592430095,46.273395259084104,-0.034888483226624044,36.466115508533065,0.2998424855442609,35.69994408998575,37.10853991522649,1.408595825240738,0.0012401540296236376,2.1017499605855776,0.898123953011899,0.4125230060438849,4.567255417729175,4.15473241168529,0.010697037077263835,0,0,0,0
80.89615178846931,17.919790870424052,30.642444321913437,117.3407144404712,86.69827011855776,-0.032878609791959244,399.16825345238544,106.0296171717919,199.50923537504113,728.0495531301632,528.540317755122,0.0108108198989143,59.780750822970965,9.120644089675821,40.241874132438426,80.36163075982259,40.11975662738416,0.08296928797369078,36.41724154467749,0.2594685043854131,35.94105973575306,37.15017179729546,1.209112061542399,-0.0015519931473076025,1.9554601606840885,0.8159997627841405,-0.6020863044896032,3.5634133030636725,4.165499607553276,0.019216571214053395,0,0,0,0
78.558886291022,19.23175416471408,31.97457247432468,117.58045708772173,85.60588461339705,-0.07181368896760883,401.1210339305299,100.51792946901905,144.55169505897203,594.4215382626679,449.8698432036959,1.471876427734752,60.56195062969751,8.852512224491155,43.57852266440919,80.29099630164194,36.71247363723275,0.04799511288042988,36.53722454797715,0.2564798629284805,36.14017738238735,37.388359228597004,1.2481818462096541,-0.0025169293494214456,1.9254887032075272,1.000075759464714,-0.05503130845629567,3.683000616183988,3.7380319246402838,-0.002784346654793442,0,0,0,0
76.1914034366651,22.484344828871244,12.50028037113745,122.60705530655443,110.10677493541698,0.02032693539391364,385.72158383142954,98.45275590955482,182.3788446200805,661.6213996474012,479.2425550273207,-1.2469417084933188,58.77574688257036,8.12073143566826,37.91574469635833,78.44820601509699,40.532461318738655,-0.05251479632571858,36.54010535285998,0.28719506774636266,36.03561267665278,37.036282047946216,1.0006693712934336,-0.001427057394209807,1.9733157794118825,0.7544383490025809,0.7204622171714337,4.02859103118038,3.308128814008946,0.006731583226875842,0,0,0,0
79.09585175073659,18.123712376999976,49.83450231901756,136.34343914695452,86.50893682793696,0.04429863181255714,404.9719098637395,109.3995245909129,222.76985036998863,647.0285512772747,424.2587009072861,-0.06963097295172863,62.78651283053439,9.810961428768673,37.21910210740436,86.55861635060117,49.33951424319681,-0.15384207173885234,36.51955685465684,0.2576413958821529,35.933521639012696,37.00659214936305,1.0730705103503553,-0.0020815550745352123,1.988678370192387,0.7866801954858025,-0.8547828064061656,3.6110588564106028,4.465841662816768,0.002633702985164372,0,0,0,0
82.46225120353537,18.2518175978718,32.91553651664887,121.60875645977566,88.69321994312679,-0.054747990950941766,408.05461261128164,93.63815138043618,211.53115328007274,605.3422475927297,393.8110943126569,-1.5267691542639348,60.84096379715037,9.645035349580239,40.48860590649788,84.36879628504268,43.880190378544796,0.09638054581715273,36.483615566023694,0.3095837967400218,35.76390293447316,37.27377090772875,1.509867973255595,-0.0030955119085479097,1.992328042925715,0.7366163995688121,0.015061653232917749,3.3285195654288273,3.3134579121959096,-0.006426121371836038,0,0,0,0
76.8246154949794,19.96660630723846,32.81313707133859,118.71748095302823,85.90434388168964,-0.18642868309159308,396.11117742889115,94.03190163346541,181.3618781092039,602.5947865761577,421.23290846695386,-1.0351804835535516,60.23074166516451,12.010968609159596,35.74013633430964,82.66613010705149,46.92599377274185,-0.012859621209707217,36.52619498840971,0.26824628477041657,35.92153218311074,37.05873949959985,1.1372073164891106,-0.0005814360816137864,2.080656639781948,0.6934776576458104,0.5599434871597966,4.022502323462522,3.4625588363027253,0.0035552679147374073,0,0,0,0
80.61297452916617,20.345793078092587,34.70105576381502,119.42768079912639,84.72662503531137,-0.15302055751575758,383.50103660901465,87.61959106293034,201.18800696030846,537.1990493753124,336.0110424150039,1.6649741096999238,59.318998400174245,10.053028776604389,35.561352821241954,81.4352359231315,45.87388310188955,-0.055575334645423136,36.464313749931705,0.29074306760593155,35.715030215150065,37.14737021731548,1.432340002165418,0.0024070069609917455,1.9222669434129167,0.7799565353099562,0.43089042621930806,3.7691378479368955,3.3382474217175875,0.00819046014613513,0,0,0,0
78.97564495577014,17.588178383534476,35.14540572647222,117.34190720943407,82.19650148296185,-0.15931929230532293,402.40433279325094,97.68783295058707,228.85004907169503,634.0509684158269,405.2009193441319,-0.5458735866807786,61.25418554552224,9.371120658217285,43.86432827684473,81.40301316385052,37.538684887005786,-0.17275660307744126,36.46831897280186,0.30533706715110803,35.733812325990556,37.04219338567249,1.3083810596819347,-4.7752962652339725e-05,1.9860731204484459,0.9013541175460786,-0.05258836995325877,4.359467846642746,4.412056216596005,0.0011533884744016234,0,0,0,0
80.35351600529711,18.085242933961634,43.75700380066697,123.051368837826,79.29436503715903,-0.1597721408247312,436.85685745809076,106.82612764179582,205.46798832950364,713.2902618538658,507.8222735243621,-0.2592001414055538,58.65115532815344,11.202883394471092,37.33638971396962,83.6400564282293,46.30366671425968,0.15931937699550316,36.53661816801058,0.25420843446572344,36.04305477039476,37.10565342938888,1.0625986589941192,-5.412795435308626e-05,1.9061429962565277,0.9065316358669298,-0.3634577950221898,3.731268106579551,4.094725901601741,0.002697418617133062,0,0,0,0
75.0658047142659,21.398403145456154,35.00633062655357,144.8572150432317,109.85088441667813,-0.45020165844843196,406.5707484846701,93.76671562941036,214.0409616067268,563.6616937266177,349.62073211989093,1.2058011520950265,61.80134923810045,8.855856136666702,41.21873991181224,82.99084803204295,41.772108120230705,-0.07732301251355551,36.4633221591949,0.3284851339630799,35.73570909187439,37.022001614908596,1.2862925230342057,-0.00039057211316320976,2.0359340616733568,0.8322249261558974,0.3773468605473216,4.860257267955046,4.482910407407725,0.005956824761849465,0,0,0,0
81.21195235484227,17.878331411177673,37.49047384528929,108.8791632027575,71.38868935746821,0.04454452345021573,394.2767619699524,93.03298393598959,133.73804487744871,562.9959386146078,429.25789373715907,0.5745223332649116,61.77481940553045,10.047418813569726,37.60148395078186,80.51150994238341,42.91002599160155,-0.060772582234231494,36.51660290170432,0.32571392743640953,35.63215312161469,37.2203116208861,1.5881584992714082,0.00613970257166815,2.0212029873697976,0.6702534699394498,0.4952102298574337,3.331568383898299,2.836358154040865,-0.0037647921075849465,0,0,0,0
74.6630916853241,22.936629317774024,12.539012591017396,122.5020968480492,109.96308425703181,0.08708107667824685,394.3328933139546,88.77315012037347,194.2915562092808,621.5069022734382,427.2153460641574,1.0019968440436973,61.847391498841915,10.167634715416941,35.667967289039666,89.43562031241244,53.76765302337277,-0.07614354184053541,36.566916712765945,0.32044940852810105,35.82377184114074,37.199194522698974,1.3754226815582342,-0.00030726435935297204,2.1743676459059817,0.7877433151268575,0.06150183309787094,4.261608426458864,4.200106593360992,-0.0026600428693643774,0,0,0,0
74.80949320889468,19.18670562386445,31.56205491830181,106.10854353626802,74.5464886179662,0.20645482985894972,396.6424905007131,117.57649291681919,108.14625867821263,686.0190605150402,577.8728018368276,-0.6148023078947517,62.66489262272256,8.713763484940065,40.2392423940659,83.33539849479928,43.09615610073338,0.078366251257712,36.48113160114064,0.23748183574150958,36.0293630252791,37.0447865428005,1.0154235175213984,-0.0005215754569120388,1.908019645820631,0.7892801783464132,-0.14192350662001374,3.601320343802911,3.7432438504229246,0.0039099911474988905,0,0,0,0
83.28050923981087,18.918278699328862,46.15573449741847,124.71158863737605,78.55585413995757,0.10040552418582012,398.44031285484607,99.90725641737401,195.82034494448268,629.9635072667271,434.1431623222444,0.7825169214337357,60.844888803351594,7.448307188233718,47.65579418598554,83.74501405926306,36.089219873277514,0.03449898580581737,36.50464936095283,0.2678523304404496,35.97897000663953,37.350872898773,1.3719028921334697,0.004212283788587979,2.0661513537345755,0.7708351163093345,-0.24991609254775682,3.4442279046181037,3.6941439971658605,0.008318812150715785,0,0,0,0
83.63246271066174,21.491257713224925,32.927372001767516,123.46379405792408,90.53642205615657,-0.06519648037607063,390.4533677955805,103.02849722946742,221.37814886057075,588.9834491786843,367.60530031811356,0.03292611624746293,59.285150841462546,10.426563097644765,33.211836340436335,85.15941908706677,51.94758274663043,-0.09167559186528663,36.4895437718806,0.2656530225147206,35.69008810896254,36.992583365041405,1.3024952560788634,0.0037479173648073505,2.084993984798478,0.9596635072954196,-0.3268919674084372,4.195880110664609,4.5227720780730465,-0.0009578998135746628,0,0,0,0
73.43198707420437,16.352564759512592,37.391566291177504,109.66892432409992,72.27735803292242,-0.3426143030740286,401.75414972524493,96.64635708745774,223.24938244727136,643.8715069910697,420.62212454379835,1.2459995822896985,59.78313824167617,9.623625641394744,38.02785987659212,89.1468369113017,51.11897703470959,-0.19826674958371932,36.54759026455396,0.3310503643761193,35.903398297836276,37.30955832096261,1.4061600231263327,0.0034464402192923554,1.800239827912791,0.8280134656574505,-0.28297268833909994,3.208972834693013,3.491945523032113,-0.003270128110456038,0,0,0,0
79.37833891922169,19.643197142525594,34.45511935152096,129.65925256461747,95.20413321309651,0.11503770702527956,418.178132430974,120.55747672420404,161.05604621168618,687.5851351039443,526.5290888922581,0.29507234870239635,60.345378917091956,11.020981871268614,28.859390578419756,86.50462691461054,57.645236336190784,-0.1305652203209841,36.53844273353249,0.3001742647591583,35.908785833428176,37.34597651095808,1.4371906775299053,0.0018864689193007205,2.0349178782374255,0.7011271221436678,0.6281219342555013,3.5354897934027294,2.907367859147228,-0.000477931952009674,0,0,0,0
83.51078955022702,20.38957393945915,38.931268497798726,134.37617379001446,95.44490529221574,0.4614740081961784,405.84941967541323,101.38180923665031,169.30603860950012,700.4188195251744,531.1127809156743,-0.41885480012135096,59.90535989196453,8.755280349411409,30.816338845374073,82.804495936421,51.98815709104693,-0.011135629792054522,36.49307249726198,0.2992666766394239,35.64362166561644,37.25424405732286,1.6106223917064142,-0.002379797088750528,1.9267011765484872,0.8244027405695185,0.035875853473827046,3.4003284238836367,3.3644525704098096,-0.011665721623182726,0,0,0,0
77.34208148476823,17.399493861891642,43.65950418492739,125.27930848897334,81.61980430404594,-0.04498159020517154,382.81478760251014,98.33145467616032,77.16791905097631,589.6634782167563,512.4955591657799,-1.5754107846563,60.310200411372996,9.800477726673419,37.25973370624776,84.07263001537538,46.81289630912762,0.09048497797280763,36.44705797701727,0.30022879170191,35.87729363585644,37.05850742216844,1.181213786312,0.0005619709945746595,1.9854326286061035,0.8220775851363123,-0.002062576617702039,4.233965103634727,4.236027680252429,-0.0018796170389349836,0,0,0,0
78.81938060135019,21.22803634250181,40.01002375039542,140.54401925584486,100.53399550544944,-0.22711394682339464,390.21881458545045,103.23426696009594,156.38693548508954,659.1699609145537,502.78302542946415,0.48738141747257163,58.01401472689661,12.496817087433566,35.876934430563814,87.60597955692057,51.72904512635676,-0.293549359008049,36.520975892348766,0.28703144673322906,35.87555617934205,37.184017904036956,1.308461724694908,0.0021093752977333047,2.013061320604432,0.8255213913897519,0.345949567581626,4.050095007734059,3.704145440152433,-0.0003611235042634646,0,0,0,0
83.01395577170537,19.822657576128133,42.75292787843228,123.59709778524274,80.84416990681046,-0.04163645561385501,404.6141123120972,103.502605947352,121.80320863049462,590.5239856141234,468.72077698362875,-0.5201647955491799,58.608383235225666,9.359089813896722,40.773715998531024,81.55971328055233,40.785997282021306,-0.03372180820037971,36.499297228066496,0.26629541016266967,35.78366493056391,36.967828111314134,1.1841631807502253,0.0009470360418324536,1.9080500910968106,0.8083536755259135,-0.329277342211189,3.9105576944382827,4.239835036649472,-0.0045683591862102245,0,0,0,0
80.88725816917787,19.306186719659348,50.21685497051612,126.62366457472481,76.40680960420869,-0.18473316084174546,396.80346767321794,91.7719429377439,136.28791069998408,650.2896140420878,514.0017033421037,-1.5236123255700356,60.58503104549962,10.612519859863948,38.40297503258325,84.16086547485166,45.75789044226841,0.019459155939129554,36.49107003000693,0.304637169555526,35.68067924936097,37.42668457190601,1.746005322545038,0.0010207606143244185,1.7661301772543145,0.8160574303125994,-1.3053381681338565,3.4276522178555364,4.7329903859893925,0.007989532853202126,0,0,0,0
79.06314233639785,20.425045236931492,44.85442246657638,144.8604494944292,100.00602702785281,0.1267245872104998,442.7308353585158,89.93974345165417,259.5256625249598,664.8778580687081,405.3521955437483,1.7334312261784222,57.88812121634536,11.453715134368515,31.551988293132432,79.69410659720258,48.142118304070145,-0.07209979529562738,36.55069928413416,0.2876992279801842,35.960547343990335,37.23222338811267,1.2716760441223371,-0.002230583003586396,1.940953370550776,0.7080551823890961,0.19112868426691865,3.424902859191689,3.23377417492477,-0.0018827075536109433,0,0,0,0
85.20340094700872,17.21742009757424,38.43798524185391,127.42662000846536,88.98863476661145,0.00032985661504483197,374.0829744443907,97.88734985063806,167.91762438837702,629.8576967209902,461.9400723326132,-0.9976189388964913,59.91335117671504,9.178837155359501,41.30762048941564,80.05370713842238,38.74608664900674,0.03190117717228925,36.457521611831204,0.2617275709622331,35.982397852126255,37.17527769033766,1.1928798382114039,-0.004611538556188933,2.161203690862807,0.6585808608106284,0.8269780027446496,3.539023934980471,2.7120459322358217,0.0022919671210715987,0,0,0,0
74.5830469573612,18.884804365616187,38.548002156907266,120.33815457018396,81.7901524132767,0.18356668410087887,394.61574357823156,98.15266605355347,162.3167412623765,617.4466834689271,455.1299422065506,0.6956694636746166,58.2336406873993,8.617757089468144,33.08612047299978,80.50005158913253,47.413931116132744,-0.07350960556678485,36.46048633517717,0.3399731713091553,35.65956801259639,37.10935370054719,1.4497856879508007,-0.0005407986917934878,1.9425917935138433,0.7363049596071637,0.44399482922034483,3.8742005983301615,3.4302057691098167,0.00714556169532441,0,0,0,0
79.88619141641948,23.003485358867675,21.23201900919969,125.88022309834348,104.64820408914379,-0.020114490646647797,383.17303881983213,97.34803465978177,178.1967574488439,567.7302982610411,389.5335408121972,0.5769521497703705,58.48379462954265,7.365963305791951,44.86321010090266,77.04779341377755,32.18458331287489,-0.05423350306362382,36.38235153660206,0.2985712318242374,35.757028337257466,37.11440107088792,1.3573727336304557,0.00045545000716759886,1.9309562753458436,0.7112353740510751,-0.41639052601009574,3.3274619913989962,3.743852517409092,-0.006235920630230378,0,0,0,0
80.08337054121108,18.271626033407795,41.945561681601056,126.12174364296578,84.17618196136473,-0.03941313283250986,400.27975373878587,90.98919826809697,118.46492301033635,608.5936390558884,490.12871604555204,0.21769297901839124,60.78470609950351,11.031498159164471,31.799052060159838,87.93524383395282,56.13619177379299,-0.02685905545475827,36.512996933287354,0.3438770313672983,35.80955618657737,37.126063039486475,1.3165068529091073,-0.0013742091588946424,2.1941690743178484,0.96573090101617,0.47120459558886285,4.569847278682672,4.098642683093809,0.01930425845360508,0,0,0,0
76.09398201067302,20.810313184184675,18.967304700215443,124.03230646575305,105.0650017655376,-0.37645717455345296,420.9973340185594,112.98416494761929,109.97847011453496,713.1552036324625,603.1767335179276,0.4077449024411414,58.92385605692499,10.215932627093164,33.25440777176543,90.0337805839937,56.779372812228274,0.07169626192071407,36.512190253616076,0.3285092341314133,35.63856358674357,37.223445295877745,1.584881709134173,0.004850704104276551,2.028410045515958,0.8065964328481009,-0.14599453846075816,3.7256823070023355,3.8716768454630937,-0.005076442709635447,0,0,0,0
78.41001696753585,20.95396668252369,20.00031764165754,122.14040100491233,102.1400833632548,-0.2527416107563908,422.3075717492968,89.02766390471042,243.44408827964352,608.0016013023793,364.55751302273575,-1.3430257488520685,60.725127163276376,9.620253508068473,38.448466852347764,78.34752028790604,39.89905343555827,0.005822424620507512,36.45551622377216,0.25460393603737347,35.709825841899686,36.971301457488124,1.261475615588438,-0.005093659795778989,1.8952406196864862,0.8639964109158362,0.2152681313185143,3.5575577667749405,3.342289635456426,-0.0062653534743674815,0,0,0,0
83.39646337147433,16.47153415960196,46.539551199344714,124.11334535065005,77.57379415130534,-0.021193326153698122,405.7895948144069,106.04996535190652,112.56025318348594,649.0698278106482,536.5095746271622,0.031189569652322165,59.52757841498041,8.845130985812872,41.455005277602616,75.01024493782036,33.555239660217744,-0.024398055605618654,36.479065307724575,0.2801236295806008,35.85965515168521,37.06375859433057,1.204103442645362,0.003379336939099474,1.9742604393218577,0.75490714859771,0.3903903039096839,3.9056865078786425,3.5152962039689584,-0.004914115127530937,0,0,0,0
78.67174443246408,19.215469863986876,22.073842717519348,117.87730637723155,95.80346365971221,0.19466805246503296,412.1847964220041,110.99072995913156,222.5350088822389,672.3136788205688,449.7786699383299,-0.9405009349738196,57.8119073216772,8.392094198701162,38.89937061486822,80.12535276620629,41.22598215133807,-0.01568655990003697,36.43380831967536,0.26090676235458893,35.82656817791191,36.956564918979986,1.1299967410680765,-0.002628701900604404,1.9275279268890728,0.9469551777506119,-0.3379172922913187,4.756113736095164,5.094031028386484,0.007180753843819603,0,0,0,0
85.73911112797467,18.159889245017123,43.60943484274043,126.11171622128624,82.50228137854582,0.08111805087378503,366.1784317079587,96.44097682603656,100.32398629457106,557.097289101933,456.773302807362,0.47595695342972494,58.29835418422807,8.624551873412441,36.733607699801055,79.09889915032113,42.365291450520076,0.08725088794750074,36.50220585712133,0.3032899971589628,35.890911834865285,37.346112157421395,1.4552003225561094,0.002109733585923703,1.9958355262502445,0.7250000612932653,0.16157403970148243,4.09106195039052,3.9294879106890375,-0.0027261312433200023,0,0,0,0
83.35069388461795,21.95712748511789,30.657786543842022,143.04355219792163,112.3857656540796,0.23413816508892138,401.129425513234,95.67246464167162,176.92069261515707,594.7156170960573,417.7949244809002,-0.5124500101155723,61.08580720695454,9.850942419867813,40.4668583967245,86.59944060163065,46.13258220490615,-0.015646945118013962,36.488227432853776,0.3036129828193262,35.803710364407856,37.39972607581724,1.596015711409386,-0.006073379877440699,1.9559079543365987,0.9010024229652095,0.25528263193165923,3.788593746263822,3.5333111143321627,0.0020097177978365224,0,0,0,0
79.67714867911138,17.74080012855572,31.92969258494913,116.5470261545545,84.61733356960536,-0.10172392852629837,393.32001711564703,107.33546032009097,154.14297250368136,663.3779064094356,509.23493390575425,0.22097097486611184,60.20317002036618,10.687995277868168,38.211108300266424,83.57355443757864,45.36244613731221,-0.0023248862243758573,36.46436427525944,0.3183020867536143,35.926762061210695,37.06483888081877,1.1380768196080737,-0.0010730264254477145,2.015890637331357,0.952761141209847,-0.7422953624977939,3.6098184577670374,4.352113820264831,-0.007427893576501853,0,0,0,0
80.13835793044075,22.596093743419168,28.210866151511624,122.93458714295934,94.72372099144772,0.3027152690300883,382.6940396292185,90.28047126532374,228.10332944584272,618.0665417104524,389.96321226460964,-0.09516021416717631,60.208508484199484,11.537510604134786,38.82829854668843,98.42583715114239,59.59753860445396,0.06545862123145109,36.50382740439562,0.2545999898119452,35.89730476631126,37.057041060198,1.1597362938867448,0.0017487957166597299,2.068474287666878,0.8957482648040758,0.4010157198845532,3.912735707922831,3.511719988038278,0.003475425807365184,0,0,0,0
67.71132536402905,22.280660061242536,-11.938963661723463,114.97522634394463,126.91419000566809,-0.30221497729909963,399.5687983363602,114.15657674703762,80.560302443664,595.3964162199761,514.8361137763121,-2.0249986210753272,60.47799714654392,9.218704028393944,33.11930622986081,80.82890545753807,47.70959922767726,-0.051646882779600445,36.5536245097486,0.29344061808092725,35.57854016070744,37.10964568925126,1.5311055285438187,-0.00742315996943328,1.9608261586940252,0.7699939934752984,0.24213341145445955,3.617571188478361,3.375437777023901,0.00023140490196809174,0,0,0,0
85.36465053849453,21.70481991161557,45.763650735497336,144.75129908890597,98.98764835340863,-0.21121103039365127,394.2458019199379,93.6251484073195,188.7291419915923,627.4674733025731,438.7383313109808,0.9410842652995961,58.24705218636125,9.983160876944968,34.51924196970239,80.19249150355294,45.67324953385055,-0.14233181694090075,36.45229370867788,0.34570054496750124,35.72673501663194,37.269990429397055,1.543255412765113,-0.008673872654318095,2.0097228303842307,0.8568676437941727,0.22070464724805983,3.534464442157147,3.313759794909087,-0.013146742484636417,0,0,0,0
77.00942238236256,20.95347175698578,31.817765649281043,124.7938042457535,92.97603859647246,0.05055441548831833,413.6669997647813,101.80735556662877,208.1236603294126,638.4196849843386,430.296024654926,1.0908725043865128,58.409122793246134,9.181800581605787,36.58668097786651,74.35707603195858,37.77039505409208,-0.02245472106129108,36.423107670491916,0.3304552823350262,35.54109754931119,37.15046644295956,1.609368893648373,0.0032115731165010394,2.062321228201191,0.7868135004141358,0.4769243465163273,3.9182161808496296,3.4412918343333025,0.000978030950018885,0,0,0,0
80.05859274666645,18.444470971125373,39.00064579737978,108.13348607254622,69.13284027516644,0.03623211197132317,433.1385262694767,87.98248717267565,223.70623800587956,641.4810341343809,417.7747961285014,-0.1873431800506676,62.1790613801179,8.0728574898942,41.96720269816445,82.12098893282885,40.1537862346644,0.018765208032768117,36.49234507824834,0.292108550066483,35.99817951850742,37.24188925045462,1.2437097319471988,0.0003833720638831172,2.0605376302215093,0.8432108395371012,-0.5631786639072591,3.716961164151839,4.280139828059099,-0.0005312691906743768,0,0,0,0
76.14442842964225,21.163768396351177,28.42407320341094,138.38606473728936,109.96199153387842,-0.1571348882025897,379.0905151319879,94.77211201029,145.4726453403322,603.5157183853635,458.0430730450313,0.8751060951925996,59.291930793565825,9.911434889106644,40.09653213940328,79.26288896418782,39.16635682478454,0.05747061997368282,36.477587360044566,0.33714070925434314,35.53228239466655,37.33714194145823,1.8048595467916755,9.235606280589964e-05,1.930010878823485,0.7740566392449705,-0.09533426455665461,4.059194668547391,4.1545289331040465,0.0015279516008588844,0,0,0,0
80.10799904711557,21.458480025997808,33.374294611868194,135.5661417304956,102.1918471186274,-0.1608048784872508,389.7149558788073,97.27905099045807,206.27209875642913,761.0286594680041,554.7565607115749,-2.144178654934442,58.13676484129392,10.106686676066897,36.24273592712822,82.3414852277619,46.09874930063367,-0.08014286886400604,36.542830489751225,0.3455316994515498,35.857851899177405,37.335914627894496,1.4780627287170915,-0.006854420098239929,1.8370538168214425,0.7893541418685945,0.11008763666223254,3.365413303825868,3.2553256671636355,0.010678726107112818,0,0,0,0
76.83745198811583,17.969570651653584,34.48823597723157,135.80357455434626,101.31533857711469,-0.3241036342578547,404.62253529507825,102.75482488621364,129.1420563590102,666.3541081539554,537.2120517949452,0.2951237224791019,59.83940724852999,9.502462841902487,38.95136132298478,83.9855330518217,45.034171728836924,0.05044854935928267,36.55918179658583,0.3364761203983235,35.88437594509355,37.26149457404222,1.377118628948665,0.0006532843312399888,2.028343999023638,0.8052679553325542,-0.03100454717442558,3.9340714992181205,3.965076046392546,-0.009970947952738847,0,0,0,0
81.21161341940424,19.65828720498101,40.984500269917554,120.67644108289159,79.69194081297402,-0.11297134909202977,406.02653082344165,87.32718499870242,204.1525004616116,630.7350377345824,426.58253727297085,-1.7667919685009723,59.67717895441561,10.822454265511555,30.584797962252214,87.69966912252265,57.11487116027044,-0.06467546505075653,36.491110959264674,0.3416968430521683,35.37879568604493,37.097956806567,1.7191611205220667,-0.0042939037602657435,2.0346303457145507,0.8841376965090557,0.27250451109966267,4.218495456929192,3.9459909458295295,0.0020963210094245045,0,0,0,0
79.88333659273681,23.03748186080437,42.462374510224414,138.3510044040205,95.8886298937961,-0.375982313074865,405.399203018984,90.306714546576,107.07996533825917,585.9825877864293,478.9026224481702,-2.2918507444282183,62.389940044890224,9.169552637788792,44.6395310025822,82.58794345074813,37.948412448165925,0.06759274719152857,36.534541446666154,0.32003432442209917,35.69293670777179,37.15166619639769,1.4587294886258988,0.003565954582828722,2.036519830760038,0.7578734942748846,0.6377521420334658,3.7831937001458495,3.145441558112384,-0.0033358702260964787,0,0,0,0
80.09820023544243,20.353614251912607,42.967698522277345,127.41633830015894,84.4486397778816,0.3312614395094073,384.0999263150033,97.83145192671009,124.77030131054863,603.9566782528416,479.18637694229295,1.1736720755056231,58.9216664652978,10.3073056275649,35.480632573310146,80.2118385680644,44.73120599475425,-0.035668000962835705,36.53626902655959,0.2846926601324284,35.80277022671224,37.24684317523781,1.444072948525566,-0.0009025849523918897,2.1926178000202996,0.7490883720194186,0.6140736190054523,4.130183886493716,3.516110267488264,-0.006683840334713413,0,0,0,0
77.0653071690618,18.863434763160054,43.60130561347218,123.93926162564182,80.33795601216964,0.18971873367479394,406.6219389696709,102.77836772613034,146.38507611259342,702.8197507366598,556.4346746240664,-0.4292671177500162,62.44576116655125,9.122629412548054,45.147834667880566,81.53376372240795,36.38592905452739,-0.13264362883700828,36.43316774655246,0.33165360542729466,35.69322684778499,37.170691472505844,1.4774646247208523,0.00192465855601653,2.0867804296352594,0.7731542769298013,-0.22325302005055692,3.3997451535819616,3.6229981736325185,-0.005168611497222274,0,0,0,0
79.1208854956772,20.026918931140315,35.88814203246677,120.87998873349068,84.99184670102392,-0.10125959988619668,388.47448722949326,91.50636756653586,175.92335358760346,563.303163697661,387.3798101100576,-0.5394889636106032,59.52190681100515,10.102779732837707,37.8430555070069,82.69819275834402,44.85513725133712,-0.12084719486530676,36.538062566459736,0.27687135100382376,35.96784107647221,37.29774339783936,1.3299023213671504,-0.004144956005824624,2.016739592108111,0.9627663771484435,-0.2110636156105019,4.288283177869747,4.49934679348025,-0.0016896380445914653,0,0,0,0
75.56461267611067,18.906626209665006,36.39664747793026,141.0508583858321,104.65421090790184,-0.240976269700071,407.1927160762205,85.72352320057247,192.38324929857757,640.7010357310986,448.3177864325211,1.0895555691410463,59.00177882724155,9.726814836317502,38.20586929738501,83.60842091239036,45.40255161500535,-0.021664766589505103,36.490915407128114,0.22339903083786616,35.96773013629304,37.07437891950347,1.1066487832104244,-0.0033771253005635575,2.0442463889600258,0.7738209238194425,0.3620167039154518,3.8861257044393716,3.5241090005239197,0.004522584255801408,0,0,0,0
79.53983482878724,19.943282251525034,27.931118068583835,123.11970705020781,95.18858898162398,0.010249072731890385,407.1216903462795,95.17818970441469,244.572611321524,757.4708590370884,512.8982477155644,-0.96836139740973,56.801566090742675,9.866395251462338,36.51097036028157,78.42386890546089,41.912898545179324,-0.10524444066400328,36.49234322754601,0.3411959506917398,35.84521653138567,37.38263785582715,1.5374213244414818,-0.007652054026584979,1.9448439066646295,0.7534411492001709,0.20001916428762812,3.468285956005694,3.268266791718066,0.015707257825732,0,0,0,0
77.59402071604994,20.20973103747575,40.43831789379891,115.2977551393916,74.85943724559269,0.15113565532701234,386.57392562751454,93.11739516723549,208.35722592399833,553.0680393500797,344.7108134260814,-1.0223837250013796,62.11275186885131,9.961837432762271,41.85845413156357,86.7316549730304,44.87320084146683,-0.14941902708950802,36.461820655593755,0.2954454991031139,35.8545001458918,37.34075313920422,1.4862529933124193,-7.822057175342212e-06,1.9950883047641332,0.7285665344716576,0.26863269347154906,3.285202165631431,3.0165694721598824,-0.009047483938160513,0,0,0,0
81.26960675286728,20.22337643773439,40.787982056278466,137.42774339084602,96.63976133456755,0.22466416599160183,380.55172944022604,126.65393934276696,-19.277440116215303,633.6735930172906,652.9510331335059,-0.8543744518932822,57.616524255586,8.631240178627452,38.674212012037216,74.35247886304431,35.678266851007095,0.0002601355002815986,36.446618531379,0.251397267761965,35.82383016126638,37.04949101525082,1.2256608539844436,0.0037502787634529065,1.8957736636330795,0.6195117792758527,0.37699088314169793,3.200774845673557,2.8237839625318593,0.0032996344826236946,0,0,0,0
77.67990687455179,21.105920064307426,20.474390528284943,120.91963911493255,100.44524858664761,-0.23973746052133244,434.1358472515433,117.47793879956474,175.17867933281858,663.2836607122142,488.10498137939567,1.588189688865596,62.22400631705845,9.677798632502913,43.47941894339196,82.27143964743229,38.792020704040326,-0.08863273294643931,36.45995582923978,0.27626681288735555,35.93141890844403,37.1716332236472,1.2402143152031684,0.0013187498286103883,2.0967294570441046,0.9346842925301854,-0.0686010605478149,4.481542954809711,4.550144015357526,0.01155015496313679,0,0,0,0
86.73409646992584,19.16808869406384,48.53613799814248,124.4261883496005,75.89005035145802,0.09344782420327843,384.1699989173883,91.31553555718494,167.02175450342537,621.449239791742,454.42748528831663,-0.5811196300062824,57.9130238578334,11.16531018086324,29.999890771514064,88.11809783591515,58.11820706440109,-0.008971305674521826,36.47527028388417,0.3331864736408468,35.9445821657579,37.446176949964496,1.5015947842065955,0.007945279562803722,2.002765349054034,0.7407571484183877,-0.06024972420533281,3.718895881278903,3.779145605484236,0.0008081877100286712,0,0,0,0
78.95902956327141,21.421749179146865,34.90430871687951,135.7844582017529,100.88014948487339,-0.3098164900372075,390.0140330463971,107.35642082091745,175.13642663161056,680.9265359845891,505.79010935297856,-0.45177989761238624,60.1001758953836,11.62919560763205,42.6112180158205,106.16383922771782,63.55262121189732,0.05258068260423084,36.57772572473109,0.39177577472257424,35.71252294867155,37.3066408147899,1.5941178661183528,0.0013179453793114174,1.9559294547321482,0.8522616225088442,0.16538372050486516,4.388583770410596,4.223200049905731,-0.0061429392390551524,0,0,0,0
81.77129539117422,17.745238900919592,42.047642936600965,129.75907030759612,87.71142737099515,-0.14565232429359196,391.783601028201,102.95441968391903,164.6958535765421,620.6066930115861,455.910839435044,1.056369171016558,59.03265722106084,10.033194229729677,32.23128864391926,81.07127352249586,48.8399848785766,0.029386017883373097,36.51908372369513,0.2965453328470027,35.98331727242976,37.37080242068259,1.3874851482528285,-0.0003815501644303723,2.0500075868117387,0.7304028065079745,0.7679583757864386,3.66918549782746,2.9012271220410213,-0.002459070997623369,0,0,0,0
81.5657322164766,18.81661416365544,46.75425689272791,113.44088695552234,66.68663006279444,0.04770953317947588,402.13927301016867,106.51524711574613,151.03145685979595,605.6220353202577,454.59057846046176,2.9640542745467187,57.14538947323348,10.054715965938689,33.01266801249938,81.79904181737572,48.78637380487634,-0.03714622734623192,36.4252974552063,0.3587537782371624,35.8073367389596,37.36620968006717,1.5588729411075732,0.0035014751147799433,2.1953824607059342,0.8343987362437277,-0.02970975722715563,4.1644400763919025,4.194149833619058,0.004285914462832604,0,0,0,0
75.8393873582922,21.26412490560638,29.70680705215625,121.49569097235782,91.78888392020157,-0.11863202332723827,373.6043236595656,101.89714745133418,128.86531883477278,551.1778493705564,422.3125305357836,0.04497990835371931,58.77143129758513,11.367823427501326,33.52290937295387,80.64055322767565,47.117643854721784,-0.25434945309213497,36.50306937768802,0.31249725871629824,35.75493916262755,37.22412746854771,1.4691883059201558,0.0019921846293346206,2.0584795499449915,0.7407193274430204,0.8880299928749904,4.231636243970513,3.3436062510955225,-0.001986423853563532,0,0,0,0
79.21536125132805,23.727075398845912,35.550208920968316,131.01026474251017,95.46005582154186,-0.28192111922327806,397.7072087324153,93.80788606006611,165.9993331073396,589.7094900577061,423.7101569503666,0.23106155084128638,61.73766632056597,10.315767312714902,42.23015417006734,87.45019812053857,45.220043950471236,-0.23873844327843483,36.43605307792428,0.28406354940626577,35.797940450818935,36.964326504408355,1.1663860535894202,0.0009257370042948575,1.7834447951910806,0.8268110417970586,-0.3929802333830419,3.1942760095500473,3.587256242933089,0.005219727230883794,0,0,0,0
81.54416084938954,19.991250433518605,23.343007028161736,127.83588617395975,104.49287914579801,0.033411117845769216,401.1273195700915,86.10779892686791,248.86106722805113,714.3921912217764,465.5311239937253,-0.17166625321920667,60.10919231512972,9.40335875395123,43.800302303609755,83.47398444310642,39.67368213949666,-0.07756806142599876,36.47964929652862,0.3584349827046361,35.56860609130966,37.18086905419999,1.612262962890327,-0.001992953543569264,2.1170436067457934,0.8095054883868337,-0.13058427744953205,4.603908492990687,4.7344927704402195,-0.0012828093065103466,0,0,0,0
79.27504868298878,16.319197494376645,48.572471296288924,110.92693374775621,62.354462451467285,-0.11797624192907175,434.97532384284494,96.15340335787847,204.07871323884552,691.603719264423,487.5250060255775,0.022414597256542042,63.24562636809231,9.100672662616292,41.77220395867247,83.63467069058369,41.86246673191122,-0.07313107054373959,36.521934534696854,0.23534963483029236,35.95180153350767,37.06918329204824,1.1173817585405672,-0.0001216362793127669,2.003090183453425,0.8354477036490542,0.31172558468738987,3.8263407891272125,3.5146152044398224,0.003327543155381501,0,0,0,0
73.79653130381536,20.715608357677752,20.917128409857753,121.24230738799903,100.32517897814128,0.15509470089995617,403.8865674661809,95.85024539160896,197.2560747138669,586.1221190921533,388.8660443782864,0.8775344687017529,59.62103228302508,9.461797691061976,36.282743244715,78.3228425848503,42.040099340135306,0.09318001680080565,36.4700138752298,0.31819054341611935,35.90459677389938,37.52992354865441,1.625326774755031,-0.0019101555109885383,2.0586605756085254,0.7410808716933561,0.773906223543632,4.074166915905835,3.300260692362203,0.0016661938448941573,0,0,0,0
79.73746786014712,18.62653186659662,49.57059791781832,116.81263459076236,67.24203667294404,0.20863599508475056,401.5907763174543,104.21732647270098,199.3382043817177,607.5448498798787,408.20664549816104,1.3016151300601313,59.1133578631315,10.572226310729908,39.07363305390044,88.41698688659824,49.3433538326978,0.11301727912014686,36.46756473671462,0.2699833403596649,35.68263234209962,37.04897398435454,1.3663416422549162,0.0018394583942193971,2.1130381867566594,0.7299256274396113,0.6748583960099486,4.03936237682648,3.364503980816531,0.004439518627276683,0,0,0,0
78.80120217673561,18.793861299039758,39.8141878001719,122.73218797084152,82.91800017066961,0.002386626417055407,399.6016458712295,105.04794541613214,137.54092594230173,616.3966189770165,478.85569303471476,-0.5721442729488767,59.69867324961478,11.143126602466038,29.469079870689868,86.63354061197701,57.164460741287144,-0.023284072436083877,36.52446090821696,0.3490864209048553,35.70726463415474,37.31443186982353,1.6071672356687898,-0.002403926340099917,1.8902442732025626,0.7066493590791673,0.23620228854087433,3.66342730372247,3.4272250151815955,-0.01577764459398595,0,0,0,0
80.22882709843132,18.91848459305455,20.778918509803447,121.26880443559931,100.48988592579586,-0.21420983291561235,400.106663969461,102.44715035391523,81.02315419640996,561.8784492163634,480.8552950199534,-0.5211845366808752,60.597748436481396,10.15604032717646,40.509540025617035,84.6420628335353,44.13252280791827,0.09802678907055308,36.453734986673766,0.33685763305742616,35.61106160808995,37.200094068879224,1.5890324607892765,-0.0016487386074038714,2.012670940768724,0.7758039146560415,0.2530518740205341,4.1323469920992295,3.879295118078695,0.006102217868196296,0,0,0,0
81.6023673726491,19.54400184361971,35.80042681054707,125.00704141104816,89.2066146005011,0.184184181472528,407.98406038730377,97.4938266309329,211.77068168789518,630.7605460239201,418.989864336025,-0.030314365596412214,61.04386684232798,10.119716178301045,36.939815231004786,83.867769259678,46.92795402867321,-0.07189880845351072,36.50058213875821,0.2853659472835616,35.87410242819867,37.34575380838202,1.4716513801833528,0.003686354286910238,1.9435023326311653,0.8660912042259649,0.31963244636459986,3.628389896493765,3.308757450129165,-0.00812130423367431,0,0,0,0
76.62011240774441,21.63164192527034,38.30568935152614,137.45384756418542,99.14815821265928,-0.36917544696806387,399.1692893502405,109.63944424890107,148.7401720052118,689.3573432979832,540.6171712927714,-0.3303620472929068,58.529083131693,11.013382981776907,22.252519351586095,89.15277025638147,66.90025090479537,0.08553750366687211,36.44341328085848,0.31836699130502616,35.852347523356656,37.093235108105475,1.240887584748819,-0.0021108708259473495,2.072469223550408,0.5651654861262745,0.8166355401269147,3.455400269082885,2.6387647289559704,-0.002974917464057916,0,0,0,0
79.75245010691748,19.94500915016285,35.091007626901806,118.22808975820473,83.13708213130292,-0.051897042136864885,407.7841877734316,91.02517694121754,227.5724399978713,656.6551575741372,429.0827175762659,-0.8848318324382449,58.89565774634215,9.360504350177388,39.351546447443575,81.42196764559225,42.07042119814867,-0.04367855115160159,36.46015976367411,0.2972751737607637,35.93635055000142,37.223299202504045,1.2869486525026232,0.004432027787101273,2.012783162946285,0.7993773348438177,0.4966706080613341,3.7919645457676183,3.295293937706284,0.004376305707959971,0,0,0,0
84.00926989240911,16.51183603000683,47.10766245718686,120.41354428328262,73.30588182609576,-0.18206560218446943,387.62053451166656,99.39573524255148,182.44659664069206,575.8817659489472,393.4351693082551,0.0373079046600871,60.838495086152534,10.612343227494568,35.03082772990152,83.93547886607334,48.90465113617182,0.05827529479386272,36.588560077288065,0.2628777424356524,35.97644359027951,37.16142206323791,1.1849784729583988,0.0012598701471567553,1.9379557308423363,0.8028627283961357,0.49278566759592546,4.357973401739304,3.8651877341433787,0.004490386223843409,0,0,0,0
77.36561807688616,16.95006363369941,37.79021542701763,112.17265377716748,74.38243835014985,0.04244291419346174,404.14494005402366,96.76259353716598,162.5041361136658,658.0678073137123,495.56367120004643,0.40343616949781036,59.92997691910572,9.966096635755052,36.83387460758756,81.43378004836144,44.59990544077388,0.04796373686531692,36.46465758513518,0.30999998070116924,35.85594390218669,37.32216333133158,1.4662194291448927,0.007407079864168186,2.089885472348946,0.7560133220136046,0.5734576668599016,3.617794924425519,3.0443372575656173,-0.012621696024507344,0,0,0,0
79.92504962664974,19.656924211736197,29.381553769055373,120.80333008953151,91.42177632047614,0.11271134621402185,404.82527356103077,83.53430663918199,238.8003753524477,599.677219589901,360.8768442374533,1.6435098887166808,61.62246258402941,8.807600723028262,43.50755417932649,78.67129487852229,35.1637406991958,-0.02516162981075635,36.48159869676682,0.29320749742327584,35.83480233771283,37.12099532981157,1.2861929920987407,0.004338116242845737,2.035765648400742,0.6771099322134259,0.6155907481449079,3.937337858243103,3.3217471100981952,-0.0029591872198508626,0,0,0,0
80.4166733856875,20.856159610817333,30.618110126286027,156.42151456310071,125.80340443681469,-0.09904588401488122,400.2738354366248,84.69699857650093,238.1136798517917,614.9810058174335,376.8673259656418,1.816673489769137,55.81882994685303,8.387477898340482,36.53882069879401,74.70607352970433,38.167252830910314,-0.20399745407608555,36.47216098157041,0.2766163995413727,35.99281114052879,37.195525681055265,1.202714540526479,-0.0024729636115601666,1.9005245809983191,0.7931858948350813,0.25106541669062743,3.439399012453137,3.1883335957625096,-0.009827686310382016,0,0,0,0
80.22010377761754,19.393650490705788,31.060714041201962,121.82868644698432,90.76797240578236,-0.07919647330230198,390.7452588163567,103.61556688968606,171.48285494736498,597.1010811598023,425.6182262124373,0.25665844989342423,58.753103474606334,7.603956397253981,46.62233804651812,82.38188174913296,35.75954370261484,0.09715013535026967,36.49205594532627,0.29318874835643466,35.92095739438547,37.042870090815704,1.1219126964302362,-0.009886763065863407,1.8552054371600215,0.8994293563949685,-0.0764786031386806,4.166445617399972,4.242924220538653,0.003252269727820965,0,0,0,0
77.38609019875713,19.777085408773512,25.05473537359979,130.04514603683418,104.9904106632344,0.08889504511810493,391.24057881770625,90.7152927774376,140.38463140603466,649.2237286592417,508.83909725320706,-0.6781611570455567,61.3181498431588,9.42650986069128,37.815162324724696,80.14194809474225,42.32678577001755,0.0655390259249664,36.498751770625915,0.2664891361986077,35.892402170224116,37.21063478759578,1.3182326173716632,0.0030854782065532736,1.9979306715059173,0.9226386620857842,0.1995202522472861,4.0986468728945376,3.8991266206472517,0.012097184475327278,0,0,0,0
83.27760070309407,21.425519353320446,37.51082535449652,120.602266770407,83.09144141591048,0.02475002080790667,419.64630321797284,104.15930864809717,213.54903458941473,621.5032450849591,407.9542104955443,1.1289702054128135,63.45121903766248,11.194114385267056,40.80140766722347,83.19629519173758,42.394887524514104,-0.07625709043244619,36.493320148437334,0.2750009047127542,35.81420058127279,37.133875901345355,1.3196753200725624,0.002355828045525121,2.0145658923141965,0.7135792053138853,-0.048959923101596026,3.9236847609959398,3.972644684097536,0.013819580872998368,0,0,0,0
80.93038245922435,16.91426348697148,33.746555124874575,140.4796099166752,106.73305479180063,-0.22071569383155254,409.522431985599,108.84715202840071,180.43535684564858,675.7287945762738,495.2934377306252,-2.5716049453338217,61.7425187606437,8.428247601346017,46.275055721471105,79.29489182348195,33.01983610201084,0.029881918041901944,36.56101668541683,0.2894918954393102,35.83571568755092,37.39115168913896,1.5554360015880349,-0.0010177429987700132,2.0619541670880546,0.7294822029232624,0.2553338567203811,3.6780000005226907,3.4226661438023096,0.003193510672896583,0,0,0,0
71.74814781920489,22.291138285436617,16.43090512797489,117.33730992516195,100.90640479718707,-0.10008959422721118,381.89816966833075,93.16925246093258,187.05660548250407,604.9414718893743,417.8848664068702,0.6512711916062867,58.33624651063503,9.643770655734487,34.375000825464696,78.92798661168594,44.55298578622124,0.13761817187354003,36.51510303252159,0.3071897514299119,35.788645378981535,37.09911169644506,1.310466317463522,0.0034590490010626327,1.8916046305510712,0.6939931092355663,0.3022620090560728,3.4823836854206474,3.1801216763645748,-0.00016964111637881853,0,0,0,0
77.74154172590244,23.71961884688944,21.07903663238436,153.00359893704956,131.9245623046652,-0.09299749084663747,400.4962265428713,99.38606887847662,193.20137954593864,635.8824012140406,442.68102166810195,-1.3408474362261846,60.36323660514703,9.459259180619034,38.41301317429014,81.59797997262926,43.18496679833912,0.05655038948851354,36.49062605077577,0.237100739667205,36.02458392212508,37.145823460409126,1.121239538284044,0.0016317395239387204,1.9847458865906358,0.786573840384768,0.7207032748554896,3.9578247495326946,3.2371214746772052,-0.009776782258367258,0,0,0,0
83.10086189714713,17.016917063261825,42.988557342985516,130.05763843491528,87.06908109192976,-0.04539663912990616,416.8548209918617,117.41381437643274,198.26764626873202,626.9610623884118,428.6934161196798,-0.6410715455775624,62.3298652351606,11.06766136519303,38.91316010609272,94.23830683378851,55.325146727695795,-0.11169128036798932,36.53443079506109,0.3422876553756936,35.94036094785935,37.41986762568995,1.4795066778306065,-0.005051565177839134,1.881455761005033,0.8619253975234196,0.24138939955683747,3.879981921056004,3.6385925214991666,-0.0010945991981941019,0,0,0,0
74.27698230263502,19.796242010877343,40.950086292849605,121.50675795569416,80.55667166284455,0.1121598831158437,417.87508006360883,96.73364725643853,160.71743727183457,639.0910397939526,478.37360252211806,-0.42992063419237186,60.665130725926645,9.097307356366551,30.977760028540906,80.18157212838234,49.203812099841436,-0.0029645299204890474,36.470498097566065,0.35449557779204055,35.83895453942187,37.298524058083586,1.4595695186617164,-0.0025909585133394365,2.1421415346189465,0.7767884638694099,0.676060691174202,4.136657220563462,3.46059652938926,0.009579775529771715,0,0,0,0
82.09963310494335,21.37496329070777,44.978882154176596,127.36702997879371,82.3881478246171,0.24135487272857692,411.1672312094807,113.99470511257796,216.73637568321112,713.1097724839548,496.37339680074365,0.9301242240274613,60.20196085470831,9.510420873514901,37.18969045708657,80.21235980592155,43.02266934883498,-0.07309018878656179,36.5485843801646,0.31066328234961527,35.987037268008656,37.52622059955492,1.539183331546262,-0.0004782611241620666,2.1083251547960544,0.7180169899726997,0.54021863983527,3.7408231176850304,3.2006044778497604,-0.0007312311301562004,0,0,0,0
79.61926931288791,18.317127615990824,49.33570601495005,132.43418796718763,83.09848195223758,-0.07479790962004153,393.85923440956486,93.99439225712369,247.267870156289,595.770504210209,348.50263405391996,-1.1064695965081988,59.90752085005161,9.546851575918616,36.44801274772864,89.13133604755444,52.6833232998258,-0.043704893540024194,36.52089695393622,0.3052174836933983,35.94544936417668,37.0609270351801,1.1154776710034184,0.004876114949649022,1.9583736286748468,0.7399195233140257,-0.7036910261943854,3.5723661671301925,4.2760571933245775,-0.0023046908590034706,0,0,0,0
84.45101376929279,18.5188462273872,42.81752108971415,130.2444768974516,87.42695580773744,-0.02518898350692146,391.9492734561893,93.84863171015871,163.89402625065864,580.9878226116472,417.09379636098856,0.7624044718597347,58.217387836406076,9.933666594243135,34.44362366463254,87.12610618461606,52.68248251998352,0.06681551822215706,36.47747220814047,0.2681571599082918,35.849273717670705,37.05116125008562,1.201887532414915,0.0005125652491888633,1.9207621316465877,0.6617436700851494,0.5708236689925448,3.3066873753897847,2.73586370639724,-0.005712523365583372,0,0,0,0
84.22711703790137,19.602853863420624,44.50837286131173,137.8115878417441,93.30321498043239,0.02429727197751357,401.2386300915789,105.19982284357019,168.51803427399435,707.1700789724387,538.6520446984443,0.46747296824503026,57.822409688406964,8.26017443549595,41.293699100188604,79.38288171589679,38.08918261570818,0.045988277352136994,36.5341168860195,0.26919665714404445,35.97075962424841,37.202956609634356,1.2321969853859471,0.0014615992669283358,2.2619662789172494,0.7769221364626415,0.7975443658526251,4.630609822258398,3.833065456405773,0.006003450522688705,0,0,0,0
82.38767949251151,18.034782523503868,43.51993167867295,120.0939479437406,76.57401626506766,-0.1287346462168503,399.53636906727456,97.04485212871025,228.0919261834017,605.332858008371,377.24093182496927,-0.513185890905425,58.417808755666655,9.424132574303353,38.50917927371008,78.62592493829204,40.11674566458196,-0.08345307994148972,36.482088830853094,0.29220944427718004,35.95767015070052,37.052847780370044,1.0951776296695215,0.0003771409792231322,1.908536875453308,0.7016227265923684,0.38961898065786293,3.565385570005245,3.175766589347382,0.002632403202466159,0,0,0,0
83.74604181476855,19.780311525768575,45.8123914580717,147.5079809660512,101.6955895079795,0.07645502331858929,412.8892381573658,79.20337605190751,220.36035039368556,628.0174325112711,407.6570821175855,-0.43846139200500867,61.12329479141242,8.828023167509025,48.468315682171664,90.63576738233185,42.167451700160186,0.09712792493908876,36.49810396315559,0.31965940889862987,35.645322336404966,37.235884089471305,1.5905617530663392,-0.0013055112970761648,2.222456375101993,0.6919502896343592,0.8697122911881763,3.7783391992879807,2.908626908099804,-0.012813764342597659,0,0,0,0
87.92002211013828,20.4808847524318,41.73335352773983,152.6998088089358,110.96645528119598,-0.3548489701210425,376.66027532820283,122.5691690102,166.56934964655875,688.9417254617624,522.3723758152037,0.6611773920045637,59.8899306871314,10.097237692359034,40.46731763882886,82.08943608464207,41.622118445813214,-0.00833205807847008,36.46892019500972,0.26791087119533996,35.88695143426795,37.05307375189128,1.1661223176233335,0.003928721025455377,1.7878172560127303,0.9115970900030286,-0.05950059386385176,3.74048970107318,3.799990294937032,-0.009576889408508807,0,0,0,0
79.78640042494453,18.962922105883575,41.72231788813666,129.9828866292014,88.26056874106474,-0.11756778997491953,412.64291648518906,93.82159655634636,233.46950526282686,607.6341674903185,374.1646622274917,-0.915016914697766,58.59483988032721,11.159734199286907,31.74518241617941,81.01588807991777,49.27070566373836,-0.03354748417946894,36.489932365910484,0.26791805290987175,35.95406035358843,37.09006196255155,1.1360016089631202,-0.002590299577407609,2.0206616245460958,0.8202859157976736,-0.05916072482576018,3.428795624291107,3.487956349116867,0.015397516481902124,0,0,0,0
81.66730247943505,16.60862639013974,46.93440575203183,118.3314623524434,71.39705660041156,0.22027233198813745,401.9177455313142,104.02516454388761,147.20337908696405,678.6798051811743,531.4764260942102,0.27393669156630623,56.41832308804104,9.457757510553405,34.39422208349316,81.01989622340847,46.625674139915304,0.18619644847870542,36.50571436037708,0.31672174190424307,35.77339023925067,37.17008064125668,1.3966904020060085,0.00453370741877869,2.0266372143783,0.7686076717227589,0.35708680182201125,4.537470377612075,4.180383575790064,-0.002856450714247783,0,0,0,0
82.75951068596949,22.670324038550334,28.862821346250783,149.03905199713384,120.17623065088306,0.004209336001530414,402.3877362969491,98.63762575766395,226.87160667418544,612.7185445400562,385.84693786587076,-1.761878790715396,58.58076505345567,9.408403165100902,34.24385021945774,84.91412152412965,50.670271304671914,-0.13072279440078943,36.499919144591814,0.30992974849276894,35.854633181492545,37.36150208147214,1.5068688999795938,-0.0026471797728787943,1.9360142169657004,0.6683855050392555,0.10190504193835248,3.2517187782869317,3.1498137363485794,0.0016702523789317721,0,0,0,0
77.7728010626126,17.4431666827238,27.52338065390495,105.37720334191562,77.85382268801067,-0.11774194907660615,380.6407281354793,107.08983261722985,90.00267525098582,587.7600081879957,497.7573329370099,-1.0217913543962711,60.40913503672949,10.41173739760994,34.58536157855962,85.28027784319033,50.69491626463071,0.023158315874991342,36.445745852776305,0.31529587167432027,35.72452504533924,37.1632482827272,1.4387232373879613,-0.0036081224487169465,2.0462413273597786,0.9258448326194771,0.36586350715849414,4.184700572535204,3.8188370653767105,-0.008485729196381037,0,0,0,0
81.83077125629927,20.17036247076238,28.97652582939554,116.5525274088583,87.57600157946275,-0.11861450937656358,381.9546806856092,113.29627366050806,122.97351456045266,674.9273698250521,551.9538552645995,1.4635895118766669,58.61421851508186,9.919005576044755,36.57520990978435,79.07744723823322,42.50223732844887,0.06899107409776165,36.50276470938376,0.3235942764233169,35.50046168435063,37.16269497057727,1.6622332862266376,-0.007543977401499961,2.0131250192744115,0.8207672469942152,0.21662296120338187,3.899497151739597,3.6828741905362152,-0.001312654059250263,0,0,0,0
83.27312629875561,21.976366833852765,44.96470260055166,127.71384322042064,82.74914061986898,-0.14440848032780068,386.04531051141106,97.8247824722142,191.6617297283255,651.7696113715382,460.1078816432127,1.338660626314056,58.438840266923464,8.995511825654601,42.51443123129727,87.78988984014904,45.27545860885177,0.051093973036401105,36.427256788825126,0.2870007666042275,35.832856437700755,36.9737310514673,1.1408746137665418,0.005995788103699594,2.078082989773015,0.700959925101268,0.5798207785446212,3.6611316722448732,3.081310893700252,0.008782128338647244,0,0,0,0
85.02966865864235,19.44458672520223,33.29569778132738,120.42226209508455,87.12656431375717,0.14709332404790235,366.05563383147063,104.5041018152369,124.66781892653421,714.6919503047657,590.0241313782315,0.2779059106854454,57.15495189271804,11.308583868751656,35.622452045768526,85.51474445947399,49.89229241370546,-0.029294671296659802,36.460884543900384,0.24548940273766504,35.94730116097036,37.036369739623495,1.0890685786531336,-0.0012446038792573073,2.029125689438167,0.7442054146911348,0.09311533777328007,3.885200283831616,3.792084946058336,-0.003445072730387863,0,0,0,0
75.61457329822596,16.437925765145735,29.76588725716543,112.9670010527341,83.20111379556867,-0.15229924846130422,391.9538522079113,95.11774493973213,170.11458358295548,714.9512215169538,544.8366379339983,-0.5602331238622945,59.85564259189887,9.850214154301856,32.03907301717663,81.46300092309869,49.42392790592206,-0.07274854443973115,36.50541160451394,0.25263154127569926,35.97418357114412,36.97583968470357,1.0016561135594557,-0.0013933718883125782,2.1274484223061645,0.8491471638353019,0.013176749765928975,3.8648835451842,3.851706795418271,-0.009513384248264705,0,0,0,0
83.03018604069439,19.778328100668013,27.53752221117044,142.91273132093346,115.37520910976302,0.09528561609363267,392.6041162430704,106.23411029222487,159.97166241572236,577.4601578508621,417.4884954351397,-0.31713864735030856,61.10625060516113,9.33762620979078,44.6051195424011,84.22225428840743,39.61713474600633,0.07087850725955305,36.514802377721594,0.3197605317715586,35.77601946359066,37.25454952648394,1.4785300628932845,-0.0013681718626938244,1.9323025151637914,0.7455440601914304,0.449416983025855,3.8759797097266278,3.426562726700773,-0.005617406688590439,0,0,0,0
74.73414179810007,20.906718334408954,31.791295624151743,129.76691262011065,97.9756169959589,0.03413305482199985,414.89953308761216,109.61575660874794,197.17195129446034,606.0524063336545,408.8804550391942,-0.13540613022685669,61.53469247363118,9.34731019050056,44.10887628850976,80.84895884450845,36.74008255599868,-0.023942719646307207,36.40559430015754,0.25868701688148354,35.877934413821045,37.03819236946762,1.1602579556465784,0.00016064140754367954,1.9826907460453294,0.888673962769689,-0.02978601779029111,4.016095954321083,4.045881972111374,0.013455472187301415,0,0,0,0
80.24562424812427,19.292013844338282,44.33227002897795,115.92573344461664,71.5934634156387,-0.13400111195034867,428.3886110907538,91.01841702884688,191.97118011994522,609.790504549921,417.81932442997584,-0.47653637986754166,63.61070850007556,10.442291868951427,43.07999157329621,86.96204280707406,43.882051233777844,-0.017487051074466027,36.54404379329123,0.29228715852518544,35.827300621219806,37.25851360764641,1.4312129864266012,0.0029576277722173877,2.064790988632858,0.7300726292623845,0.6147822144522044,3.94387257654273,3.3290903620905254,0.01562089826075133,0,0,0,0
77.97991984851507,20.895766581522388,33.662095451668826,113.481126217635,79.81903076596618,0.42246228577055367,394.08152564193387,92.45243908604277,204.12979926942012,577.6534642345589,373.5236649651388,1.5570338044786032,58.97235013042733,9.439110218151493,34.723768904546276,75.5818151738589,40.858046269312624,-0.13545320769667182,36.53042096549521,0.3051082030955763,35.91523752028521,37.25123749483302,1.3359999745478106,-0.005258484794909225,1.9804052169838906,0.855120746776588,-0.03656981777079915,4.080668051918014,4.117237869688813,-0.004484026203409235,0,0,0,0
79.5470148545388,18.44217042201339,36.84337695938558,108.56831064613576,71.72493368675018,-0.2526526477202724,405.5425434517446,100.95960124677664,188.33585655556203,654.8299408179336,466.49408426237153,0.3829783324212539,61.86515759629728,10.477562651396566,44.41097417096291,91.17023693076405,46.75926275980114,-0.002342924530958954,36.49507145768466,0.29912596873572034,35.76767867766915,37.16693046737703,1.3992517897078756,-0.002507572494502416,1.9613065226069033,0.710433052414436,0.19974960742877457,3.5533756189490315,3.353626011520257,-0.00843900852302877,0,0,0,0
71.51724623253932,21.347056855213076,21.540487312502563,135.9467036655393,114.40621635303674,-0.021745765765071156,392.2904887681871,98.08506535662251,187.0624511319079,619.3793647183479,432.31691358644,-1.8693650778746111,60.15411258753451,8.53725659799244,42.21139375592146,77.29870269673899,35.08730894081752,0.08526919232856851,36.53658298461165,0.3294460990068281,35.80780496710567,37.27958439461395,1.471779427508281,0.00371910908688117,1.917984547877279,0.7284958584968809,0.48623709198667986,3.6598259281347207,3.173588836148041,0.014063726704695861,0,0,0,0
82.1573444949302,21.417969867227672,35.78954001614462,128.08263558368893,92.2930955675443,0.041171698689958534,412.52473474265486,111.62142418279842,144.0085004417516,673.0335651333213,529.0250646915697,-0.7201197778712609,60.65947365628622,11.204389982357991,34.392949044325235,78.72561292168444,44.33266387735921,0.04390217476728133,36.5358141735904,0.32605902128319686,35.610003735827306,37.3340909578032,1.7240872219758927,0.005418411071884704,2.151383626641473,0.8037413102333615,0.35272911219597414,3.5494789719076936,3.196749859711719,-0.011736928967959102,0,0,0,0
77.68827151646238,20.633832418423854,34.44697296328264,123.83444708407498,89.38747412079235,-0.2504786612395035,409.0913811834928,77.69574114592315,265.65935221358177,578.9156635757952,313.2563113622134,0.9944461874313801,59.907742577503576,9.820893215181652,37.2220017506651,78.3771088695687,41.1551071189036,0.14762938136477424,36.5519906700969,0.3523166714677259,35.81840087364334,37.6206500774822,1.802249203838862,-0.006765547472815471,1.9539213994149882,0.6387210042113717,0.5748660491606794,3.227859817891627,2.6529937687309477,-0.002230895552411711,0,0,0,0
78.42180131453401,21.412066607427157,33.98618992277142,124.65366492435851,90.66747500158709,0.055415902518218665,411.6306145787128,87.18567161724904,251.34657777240565,606.7542900628771,355.4077122904714,-0.27716979036370315,62.354612375648,10.386808356321394,45.33970673811159,88.30867162061952,42.96896488250793,0.13575142253335368,36.50486552936738,0.34592142586243013,35.577442307541425,37.18928692996163,1.6118446224202074,0.002876976872238565,1.984501185255684,0.8639824942621425,-0.23850421895065121,3.566097642968577,3.8046018619192283,-0.019862558061308017,0,0,0,0
85.35303441223596,17.141204279797268,53.80436988210133,129.9064193075156,76.10204942541426,-0.09239749104467007,405.3288966295045,95.9680101077883,152.96959063490024,583.61267353932,430.64308290441977,-0.20920708614533237,60.5851732829751,10.617391181768028,31.353472750939293,90.04422642986609,58.6907536789268,-0.08475394323267559,36.474904183061106,0.305982836340059,35.69329371871895,37.023271256107854,1.3299775373889062,-0.0006666450558520296,1.9636852667031133,0.9380555117978845,-0.8645127816423859,3.9810513015086686,4.8455640831510545,-0.0057090831467802765,0,0,0,0
80.14479745661072,18.36683747035878,37.54692583851898,114.23181551797515,76.68488967945618,0.03929158567610865,414.94509827057146,103.64347295494319,195.88127587080842,719.9332176508121,524.0519417800037,0.9197397555300691,58.554655275013644,9.38930023212603,36.462813129355595,84.10090259289076,47.63808946353517,-0.08192361808210868,36.49226579162551,0.336840802643946,35.69808966078262,37.320904465645626,1.6228148048630047,-0.00272087897713653,1.932193230072458,0.7301722366680415,-0.08243041321807087,3.2231236946645057,3.3055541078825765,0.0028187477848460735,0,0,0,0
82.43201111844635,19.33275727549024,32.26373935751706,125.88841588634679,93.62467652882972,0.12164630232898933,408.49274279607084,82.78675555567513,186.12142713708897,674.683206543645,488.56177940655607,-0.3563620811375346,61.707199317034444,11.683274570475398,35.186494855737266,86.43344647875489,51.24695162301762,-0.04997900206461029,36.471815095526594,0.30971326227271423,35.7463898689661,37.1342139099965,1.3878240410303988,-0.002671165909560808,1.8420818229824862,0.8074877674393597,-0.722164169327137,3.4586856870597584,4.180849856386896,-0.004402791186381235,0,0,0,0
79.21169561925862,20.985189660997584,35.218104896317186,125.22474805248308,90.0066431561659,0.36931698223838005,387.8671785390984,90.56276190721113,208.18832970940605,572.1523564253675,363.9640267159615,0.823705445023876,63.396566821029346,10.269974171789231,35.54241126000575,80.79207134062898,45.24966008062323,0.09221846183749559,36.46928417907572,0.2731378207202193,35.924806788999355,37.05403566690888,1.1292288779095259,-0.00331798884787862,1.7910807555010377,0.7563359014672766,0.1473930566375241,3.6335854844305815,3.4861924277930574,0.005353846773846833,0,0,0,0
79.89040748668357,22.055187052991542,30.829053987698828,117.12212278778195,86.29306880008312,0.03515391836407764,415.3580603512499,76.3728894502155,261.2388302250041,570.8521422004378,309.6133119754337,0.15907033705863996,61.34044843033021,10.289045875659225,35.339625922270095,85.57394252521654,50.23431660294644,0.003942945499891954,36.57660139755686,0.2839066678909114,35.81771025773882,37.35759523237103,1.5398849746322156,-0.000854495188796966,2.005169162298782,0.727836269712811,0.1902596427717569,3.4485552277025215,3.2582955849307647,-0.002820195392978978,0,0,0,0
83.45957726697868,21.71405564829456,27.618570327790692,129.8574270518107,102.23885672402001,-0.4156958711388141,399.2900750775741,93.43873053837635,148.13744830772185,609.7012012937895,461.56375298606764,0.09829890188021298,57.56157893031438,10.991301595404325,38.187880216664176,83.02070764514616,44.832827428481984,0.07168266600175222,36.49715064821408,0.24928445637866445,35.952479571089754,37.08801389408673,1.1355343229969748,-0.00015782145150808325,2.07030178483715,0.8121236560148283,0.15831283967078447,3.780498347968964,3.6221855082981795,-0.003341477729784887,0,0,0,0
79.13367330414798,20.15020883100318,46.42340739484557,134.30145651932122,87.87804912447565,-0.12512166631749372,398.48845460558675,96.60866600313518,201.44438490459711,621.2999467465861,419.855561841989,-1.412434825194186,60.60569581557033,9.713857262722936,32.73033726661457,83.2114183483844,50.48108108176983,-0.05858072881245539,36.433103060377086,0.3254281779561794,35.7421335551006,37.44869206403902,1.7065585089384214,0.0008982496683486128,2.1020098049255225,0.7478865453432,0.2182531926260216,3.984458838370868,3.7662056457448463,-0.021557176748186576,0,0,0,0
80.47046653665947,20.986362145562925,31.898290288230974,128.53276916374273,96.63447887551175,0.1972589546857646,404.5716732474695,99.8039781968617,205.4944373955245,602.8099513426507,397.3155139471262,1.3000459154482107,58.287844325472406,9.714349374669004,36.82914839278357,87.55144076334753,50.722292370563956,0.11879890874997663,36.44430235362933,0.28010089544629835,35.71307836341433,36.97876533449828,1.2656869710839445,0.003284988127565872,1.9952071590111888,0.915074521603428,0.061398219572336155,4.287412050118613,4.226013830546277,0.011588649469355713,0,0,0,0
80.3649617502347,18.014200648364383,34.31365349921978,112.99528840246714,78.68163490324736,-0.02068619458388248,418.11229208524395,87.73080784374879,189.62795376743813,610.6572529480336,421.02929918059544,-0.30651783497905044,57.63745201334362,11.29700225812169,32.71266387460808,83.41716022601875,50.70449635141067,-0.001087583892111371,36.51827526166156,0.23429165933087032,36.060151302425716,37.1206737453568,1.0605224429310809,-0.0025901779915773514,1.9163942661494309,0.9180232990520169,0.05251220355915809,4.44922185466012,4.396709651100962,0.007723999776919933,0,0,0,0
80.37433532918017,18.06113888344451,40.67169952122565,112.61568757145237,71.94398805022672,-0.20999234359596464,378.74458256983957,102.56625852110272,164.04041300639477,615.0591800897168,451.0187670833221,1.289724364379621,59.591491903899396,9.627618898131558,39.17353478090908,85.44869971741743,46.27516493650835,0.031201540703858957,36.53822002623493,0.25700770108449317,36.05799629641008,37.13655834778182,1.0785620513717404,-0.00022811260463960053,1.8170798683097862,0.9032160914291292,-0.13705313264675523,3.6610650955063653,3.7981182281531205,-0.010366531144031547,0,0,0,0
80.67782181382363,20.515424362497896,29.826607661958917,120.65303914954961,90.8264314875907,0.07579173277435723,392.7066725867581,79.03682881401282,215.25216805195026,553.331484814068,338.0793167621177,-0.08045202237268773,62.22434698965007,10.306568204432761,40.758057771337405,88.03634062118775,47.27828284985034,-0.051232294697295455,36.508945838321964,0.2737270482923283,35.87973881027351,37.22981348310846,1.3500746728349498,0.0019202309749248472,1.8246173838089768,0.859564213428126,-0.18890907251003997,3.17855595474417,3.36746502725421,-0.003981355665811818,0,0,0,0
76.4130203431768,18.770819566906948,35.758527292071236,120.86830346848501,85.10977617641377,-0.06905395211627118,400.0401321366327,80.55199160000264,246.2842192096177,568.7199327320385,322.43571352242077,-0.5011945509560127,58.45330554630592,9.365570218255087,39.21708460409427,83.33707408832137,44.119989484227105,0.028054993334564255,36.46694769191152,0.25811322879085563,35.88412204417712,37.15626541892988,1.2721433747527584,0.001845174154573662,2.008984672863372,0.8941071978107298,0.03389750313087703,3.848829056907424,3.814931553776547,0.004000622778056751,0,0,0,0
75.41400609388025,21.58767811272835,22.71856430499973,118.69731829956504,95.97875399456531,-0.424808237846787,389.33565627340647,83.17953637706329,244.05803084087157,569.2777821759096,325.21975133503804,-0.73134799721149,59.62833875349789,10.072263279880673,37.45910847308804,76.88607138560508,39.42696291251704,0.009161856547933065,36.50391814214245,0.29964701824497747,35.84604933795521,37.1661636555007,1.3201143175454888,0.005391344639828969,2.0358375177418098,0.771525748630758,0.2600394255460905,4.3852257457224635,4.125186320176373,0.004655564217184644,0,0,0,0
80.51999281439095,20.094726240054992,34.988627016225564,133.41491503172278,98.42628801549722,-0.260905936387021,407.1938275870392,104.94198714029139,142.51786279294646,718.716401051779,576.1985382588325,-0.6210176948160475,61.59673471581335,9.945352361499387,36.87156833152016,82.84207680857664,45.97050847705648,-0.04843229950496785,36.493962189911166,0.3147088987670507,35.81383202523083,37.29814134246909,1.4843093172382567,-0.0011464546515893147,1.988538594538262,0.8410014510400426,-0.1451110339516828,3.7914462976108005,3.9365573315624833,-0.00890652803904137,0,0,0,0
83.4247245626597,20.469121647807164,37.43536674770044,134.4788903571407,97.04352360944026,-0.19418402160643936,405.87146240859465,118.74318834999077,34.09819879598422,728.7225724335093,694.6243736375251,-0.5173952164877508,57.80950768130596,10.31998661263977,28.696861425418806,84.62834346416554,55.931482038746736,-0.0848605963271016,36.444016458807056,0.2916521199943801,35.70671456018074,36.984252890681596,1.2775383305008532,-0.004677549737645809,2.169332870508951,0.858952345084785,-0.018333932229255723,4.228884582950851,4.247218515180107,0.007668702805047408,0,0,0,0
77.0717330774049,17.493288626503205,35.23117013825604,112.39827790604346,77.16710776778743,-0.007152041768859988,439.2032193536412,97.05380106832216,122.29557026162945,624.2719069483969,501.97633668676747,0.799364192755949,59.74598684193741,9.101515297134029,38.13853898182151,78.19717874230545,40.05863976048394,0.07654360863860638,36.47449897188548,0.2895065787024087,35.951484911966126,37.06226438926947,1.1107794773033461,0.0012008689666841027,1.9335011946550988,0.7938731874934041,0.6432304728282869,3.845690148555166,3.202459675726879,-0.005633378491209509,0,0,0,0
81.82784373510674,17.45048915557257,51.22380522572281,123.42167622764939,72.19787100192657,-0.017127240396199814,390.46654701460756,98.74155852724553,86.1389264695353,622.3229763062772,536.1840498367419,0.8306220017541903,60.35147287465341,10.200634579782912,38.32194659732949,82.0574716681243,43.7355250707948,0.06716616931499642,36.5581198022014,0.26495990797476304,35.931738079161775,37.12394757406267,1.1922094949008937,-0.0005846610772991475,2.063780868322252,0.9065624050978642,-0.3915990953731878,3.4829015094515565,3.8745006048247443,-0.014116846366388072,0,0,0,0
79.44577847367557,18.015458074397593,37.84850432166272,123.65818381609814,85.80967949443541,0.1610542782623799,402.6236768885326,88.049646411469,258.31059232433574,590.2974305435374,331.9868382192017,1.8774929460262915,60.09067662110651,11.712986639147466,35.80694915071392,84.58641663406802,48.7794674833541,-0.05407914210756142,36.5133513212638,0.29228850706299164,35.923167443490264,37.26312219177799,1.3399547482877239,0.0011323353057159536,1.996120429925478,0.7918962799819368,0.05174807517415725,3.7457242151714363,3.693976139997279,0.021247313115571435,0,0,0,0
76.67839083466002,18.969802357958553,33.89820936350073,111.01271891207064,77.11450954856991,0.5366398119583367,394.6779777463609,111.8658306900447,134.85202392563502,607.7653780244266,472.91335409879156,-0.06681698746821259,58.056053274061526,11.048183210648661,35.89488651634241,82.03894217989976,46.14405566355735,0.024727236711972942,36.47301211481799,0.2607492465564122,35.86117576964821,37.101228637812575,1.240052868164362,0.001902629603206637,2.0343895819379787,0.9290363505892745,0.5135778414354899,4.022618646504787,3.509040805069297,0.003687930751525124,0,0,0,0
82.2367768671795,17.607134417465673,43.76970665634312,131.35001921584575,87.58031255950263,0.2519333454018096,410.468902286066,91.0775322972647,144.4242217081623,576.5893630993505,432.16514139118823,1.6614269382689517,58.360809899650825,10.224415237898656,35.38746439911522,81.0453779151708,45.65791351605559,0.11999363501739961,36.48111711192421,0.3293842524915744,35.582042251761536,37.214465958046745,1.6324237062852092,-0.0010345439348030817,2.1284521328105526,0.9114033146359588,-0.10766718152643495,4.3554146033865955,4.46308178491303,-0.016881244958613987,0,0,0,0
78.28729736686948,16.36612407502779,30.99601347339909,111.46226377339438,80.4662502999953,-0.019775298591709622,414.8508084042953,78.95940176231734,220.40586760683811,575.9219044573094,355.5160368504713,-0.42343131900273384,61.898406740726934,10.64678387036997,30.610373474513697,90.26550407332422,59.65513059881053,-0.15382109423170504,36.46666727652919,0.27849274295305104,35.82914138559892,37.06037184680874,1.2312304612098188,0.0018350819697440612,2.1274744028158743,0.7249553099011666,0.5492482986161407,3.8792191603096957,3.329970861693555,0.011373954632796404,0,0,0,0
76.1775194943711,17.872129281752738,29.958357228858617,119.1878154164873,89.22945818762868,0.16089440938075514,400.45810282701086,101.40820174263837,156.3216918771723,697.9194867302662,541.5977948530939,-0.14924996166472257,56.09307249063883,8.968182990470595,35.39809663144919,71.65382819374945,36.255731562300255,0.1689732689968467,36.499791876684455,0.27429250553661755,35.903362722904205,37.25646846529252,1.3531057423883155,-0.0017438663803656868,1.9793980503929196,0.8681473504478339,0.28761363524882344,4.0270634451682845,3.739449809919461,-0.006556555433153793,0,0,0,0
77.23339040683616,16.123159505442576,35.99081337928132,110.1578798464611,74.16706646717978,-0.21154732830261821,394.1830889713931,95.50695320705556,196.47409346172262,568.6889057087669,372.2148122470443,2.346153306172079,58.90065409384556,9.349115638921546,38.99059464385263,78.94007651581454,39.94948187196191,-0.04248475566761115,36.567383962248016,0.340667481856208,35.82225262014103,37.27562405634422,1.4533714362031915,0.00558059998102135,2.0204272070772817,0.9265140409899666,-0.09373389798085219,3.9473012921363666,4.041035190117219,-0.006560884026954174,0,0,0,0
75.48802434804941,17.95261818026307,30.741208194537265,113.46634344859612,82.72513525405886,0.020479834534835772,399.6818747634787,103.23261699158164,158.53474004448373,649.2383212651482,490.7035812206645,1.0291518285252912,60.114004578678006,10.916120886710276,33.767476666191385,79.97668924146049,46.209212575269106,-0.18642558064457776,36.48836792045135,0.2838721671991652,35.90286682017776,37.118078778820056,1.2152119586422927,0.0014698075647616518,1.9748279036384733,0.8149515933463567,0.553307163736291,4.099933436867413,3.5466262731311224,-0.0005808846716610017,0,0,0,0
78.33686228569864,15.843596090713561,45.5927589386406,111.37297048468731,65.78021154604671,0.07098824492306026,383.508968870265,94.62492197751544,212.2662862647265,576.82102957228,364.55474330755357,-0.7742066255413615,59.0775935349693,9.92376539727342,35.7009179646759,78.93978501642994,43.238867051754035,0.1346202633660731,36.513726613859255,0.28345273142444,35.79705320976491,37.145355703766796,1.348302494001885,-0.0006736349790825811,1.9813481414989524,0.7697560071945513,0.16720812641879146,3.825397118066782,3.6581889916479904,0.014852081541147902,0,0,0,0
79.52143775833756,19.251144679186666,34.92744862630278,134.9019940005067,99.97454537420393,-0.4376066589206452,396.2716411817004,112.6189764523425,199.51542381524368,698.595126460323,499.07970264507924,0.20913631257252654,61.010113401648944,9.778503530410799,34.4517452163532,88.09203740205521,53.64029218570201,0.15386645320378753,36.476783978802736,0.3013153982052646,35.55189322997477,37.356299221189026,1.804405991214253,0.0026319485213851506,2.129192944539304,0.8040246819825564,0.6136212171235371,4.096659092192636,3.4830378750690985,0.013930953127580447,0,0,0,0
79.69539590232448,17.477696879735177,46.22701212819773,118.76922914854043,72.5422170203427,-0.07342150741840495,380.24914523573744,89.03443725360432,206.93996482451388,565.9724974256494,359.03253260113553,-0.7194231519964043,60.93188139041799,7.718439550187447,46.880486760517016,76.19262217859114,29.31213541807412,0.07462528493650986,36.45642277206838,0.3066754406042856,35.644959142691,37.00681829306792,1.3618591503769224,0.0017018213265345048,1.81954476994986,0.796825499054571,-0.04490016221291171,3.6318355525570505,3.676735714769962,0.00037284928158984017,0,0,0,0
78.69549021410954,18.363585042345257,46.00022704022446,109.00380829744063,63.00358125721617,0.3979720232902204,399.2980330095047,112.19689878063572,42.140981557302155,642.2549243541583,600.1139427968562,-2.4259163571160083,57.764627102687726,11.308903795401212,25.46646568811,84.95604441791733,59.48957872980733,-0.014528819301040188,36.493606589617876,0.2688021560024234,35.693885386470306,37.066098268312224,1.372212881841918,-0.004071667835615336,2.0711239665862253,0.9180350561626576,0.25644107733431265,4.187783566850983,3.9313424895166698,0.016079873426178316,0,0,0,0
80.1195219636069,21.480892478235113,31.071451975882127,160.28404369923356,129.21259172335144,0.1128940075080088,389.5755446543826,106.3339342054893,200.26303579921057,596.3044843035836,396.0414485043731,1.7216136072559933,61.14123274058495,8.972160571149454,43.71688176193684,78.52088065514118,34.803998893204344,0.21441249021371547,36.480173437958776,0.3089884823508906,35.87553569806097,37.026117205524,1.1505815074630306,0.003016120069026678,2.108521668015295,0.8613788285842534,0.29344153733865497,3.9376079139985167,3.6441663766598618,0.005992515456630454,0,0,0,0
83.74535697605681,20.888875253211,37.56823697518796,124.66877510030947,87.10053812512152,-0.3754130773021389,418.0832779149469,80.8566713191004,226.02211755820355,551.3407532624772,325.3186357042736,-1.2664784609980315,60.11200543975698,9.214850440614143,42.78848563055805,81.28011677195096,38.49163114139291,-0.07226685556847655,36.4847484556575,0.287552264911001,35.846915781264066,37.220870447769265,1.373954666505199,-0.00645726205446657,1.836372634611517,0.8244227521674892,-0.5637612508454035,3.3273474755173016,3.891108726362705,-0.014297049360410295,0,0,0,0
80.91419540550558,16.591326141528057,30.080776256787452,121.62444652480713,91.54367026801967,-0.18443905595053312,403.5556318592028,102.54137738438018,157.03430303582397,627.9571096821667,470.9228066463427,-2.794671770351249,58.80385845862082,8.927479849277034,41.85509598649661,79.40643342108726,37.55133743459065,0.050410300050421956,36.48032637627952,0.26710266083511564,35.76095085079914,36.97976398238868,1.2188131315895419,0.003705654454780764,1.8626322420501953,0.9081205973706981,0.04119861181559692,3.7812529097978924,3.7400542979822955,0.010098357260611016,0,0,0,0
82.87129073562761,17.59770308500542,34.82664851274838,115.42973399142792,80.60308547867955,-0.13841955773916675,396.0315568344004,99.577210628765,147.8948349023383,596.3676081138927,448.47277321155445,-0.9305657983648904,58.33234896411027,10.51197514342835,38.70264842221452,85.37718011263567,46.67453169042115,0.06376647145987227,36.51485434727723,0.2834724420898605,35.76403154182688,37.12277167596279,1.3587401341359069,0.001201288426345374,1.9160119305366103,0.720798740522505,0.043348347254365205,3.1932188597938964,3.149870512539531,0.004160698526287132,0,0,0,0
81.27548330849457,17.384719824067773,41.159401776411705,110.47596127559794,69.31655949918624,-0.1353157932529776,422.07978910981984,97.66045024894001,167.87677190041674,717.9804781456335,550.1037062452167,-0.6177913528586829,59.04185372970282,8.264673706930187,37.970541841572484,80.04498186637039,42.07444002479791,0.08396121339292444,36.46580940911436,0.26521226604814996,35.92520261527727,37.067598761580676,1.1423961463034047,0.0018184470194982682,1.7814331230325877,0.8277214639152457,-1.064859262003821,3.956878205694637,5.021737467698458,-0.0032099702284361918,0,0,0,0
77.77335668463787,20.165120798190966,35.10651994078546,112.76784006763971,77.66132012685425,-0.06864368065730367,375.9481635175183,93.6092139400382,172.90112305159977,536.8629103534104,363.9617873018106,-1.0806781076552154,62.30945434331683,10.253172930945203,43.15761896956914,84.84308232615997,41.68546335659083,-0.061960707497564486,36.472296530504,0.26969919648646246,35.87698607093465,36.98037716053928,1.103391089604628,-0.0059874157753772635,1.9856833251835588,0.7545780702501065,0.6628372517398164,3.5114667214399486,2.848629469700132,-0.005713694589704103,0,0,0,0
75.53543532401387,18.020493830058687,40.958156869442305,114.18079764154888,73.22264077210657,0.27855176791602293,393.68669071824706,80.88467030811992,111.5096802297333,545.1971992705328,433.6875190407995,-0.05642891498784568,58.92418586277863,9.385017871710808,36.10298239039275,79.70084408564746,43.597861695254714,0.05584262535116926,36.50915315867601,0.31256307582379994,35.77202898139407,37.34619597688075,1.574166995486678,0.0009131867807667494,1.91523690718484,0.7534020016799274,0.740629008886948,3.74126702176489,3.0006380128779417,-0.004339953328721879,0,0,0,0
78.17170930745255,21.191469593898542,35.654338127345625,142.9539683795413,107.29963025219567,-0.12764955993192584,426.4837812423812,101.37895398116787,261.66152752433436,720.3598580920818,458.69833056774746,1.526438045533284,60.23442447437947,9.90858835463298,34.028832871373666,79.43626032152892,45.407427450155254,0.09544855311800807,36.475701437494415,0.24542646160824372,35.737760997445314,36.98446489722903,1.2467038997837179,0.0031218819451277356,1.7636867315419127,0.8062478766425338,0.33657074690259337,3.4508074022112094,3.1142366553086163,-0.0028109419909185243,0,0,0,0
80.67710206016832,23.02429047405451,46.107521628366676,151.14868642445356,105.04116479608689,0.16005151962917014,411.44572768162993,96.53250785381981,201.964065013598,607.5471476093597,405.58308259576177,1.3419210298838515,58.32334397801628,10.24918571594131,31.469947608821315,83.45716012572137,51.98721251690006,-0.019997742671900395,36.50724959443954,0.2706838228506881,35.93912784353973,37.1392660248728,1.2001381813330738,0.004253429720129784,2.087071581576804,0.7953634979077481,0.2824974954846382,3.4929804011274213,3.210482905642783,-0.0013272475103613464,0,0,0,0
78.91886500023163,20.93730459747313,35.82528069646016,127.32352750008259,91.49824680362244,0.15792841658891146,406.546649137435,112.66096051381295,170.79401841197264,647.4230156580563,476.6289972460837,0.3354253491074455,61.54550939808277,10.318615542591644,42.33664828405385,83.8979210930637,41.56127280900985,-0.011995646464344365,36.44433035823997,0.25812771410641,35.80407877458519,37.126575960928555,1.3224971863433623,0.0016176736911183254,2.0584359246849977,0.7653140819366033,0.18868259261969822,3.9000919150143813,3.711409322394683,-0.00651000908291898,0,0,0,0
83.95622179760416,18.735842065357154,35.93138935380694,122.61133136204705,86.67994200824012,0.0929102789519989,385.863376793521,105.38220517434704,95.99621675660154,622.1676171957289,526.1714004391274,-1.3112201118061502,59.56629186683989,11.282570274063263,36.97409066757862,84.71148901378815,47.73739834620953,-0.10087838465871149,36.467850505493715,0.3374711174819737,35.74922200099238,37.42131475005819,1.6720927490658042,0.0017600114848995603,1.9265846755898368,0.893265837852753,-0.5515365100957252,3.802657168184388,4.354193678280113,-0.010808444431208056,0,0,0,0
79.38775038063375,21.98195725570126,44.463692744764074,136.58859671510103,92.12490397033696,-0.2698278727352734,395.46219623597017,83.02781544442148,201.77888500213308,537.0773178014182,335.29843279928514,0.14925315486804253,59.039230458364216,10.244974735432054,33.91657869555781,80.17648569668329,46.25990700112548,-0.029138276021070383,36.44710292470193,0.2922868209935139,35.5570298522261,36.999471209434255,1.4424413572081534,0.0034869227989764925,1.9756077165121257,0.6975757972534505,0.518769275415981,3.211871509642,2.693102234226019,-0.00030661078045918027,0,0,0,0
82.70652125125052,19.8227478642432,35.942313936294596,129.2742684120198,93.33195447572521,0.35846437943826925,414.8324879693722,86.28559732852847,274.32512445365774,624.7423643703443,350.4172399166865,-0.40106889226620707,61.6942346950674,9.190577620186962,30.260108875835883,85.37289945641265,55.11279058057677,-0.10441901375669471,36.49538483675829,0.3260895601899722,35.86066750388205,37.21237423204963,1.351706728167585,0.0021548728145919837,2.00308717922842,0.6620310947781431,0.63903618304302,3.324515365475983,2.685479182432963,-0.0034251360683447882,0,0,0,0
79.36104207812497,18.326597492324918,33.473572604842225,110.46507478026828,76.99150217542606,-0.0796096028842874,415.1924880222468,102.65931325834482,192.65060593744323,607.2455721493144,414.59496621187117,1.683893469431695,61.83207855221163,9.127001945614342,42.6776253485524,86.29932867255297,43.62170332400058,-0.12045736655438599,36.49249015827906,0.2607814805434088,35.817394532588175,37.09700973460235,1.2796152020141776,-0.00015494863571523807,1.8587134832601544,0.8276309221861854,-0.16270755406362047,4.2116646445684065,4.374372198632027,-0.0039653268676482275,0,0,0,0
75.04403284117582,18.62404493649894,24.684482989997825,105.5874309173119,80.90294792731407,-0.28576665652624983,406.67763513322535,77.26550625468089,205.08953925750842,559.1784650974847,354.0889258399763,-0.6735156383396752,60.86992877174804,10.990638134740774,33.56328845300145,83.80201650679547,50.23872805379402,-0.10376722603094525,36.48076250425661,0.316590158939961,35.84746684888094,37.192326756694435,1.3448599078134933,-0.001240026441993433,2.111422172592915,0.76486320229653,0.43887171976317596,3.7615490982122712,3.3226773784490953,-0.00827263652108698,0,0,0,0
77.380428407538,20.100284627135615,24.074198080874922,121.70175581041913,97.62755772954421,-0.4186185637442084,408.1111492887243,107.01435701610619,85.79717815471412,626.1690166114766,540.3718384567626,0.6775144228778236,60.60985592456346,9.733764190082391,32.32710631486737,79.1508464072879,46.82374009242053,-0.014338953870786606,36.46542298874945,0.30836951878915836,35.79314836794164,37.12487358945835,1.331725221516713,0.0013921301128185161,1.9514424977106501,0.8645106777372611,0.009625557194667289,3.750069289490165,3.740443732295498,-0.018459498475350375,0,0,0,0
82.26426912746184,18.08366426890714,43.978115284431965,118.79394469391514,74.81582940948317,-0.03240222215044021,410.438779031286,104.45989762168333,167.6058419888902,722.5493654109323,554.9435234220421,0.5178565768492402,58.86352907833427,8.231640113660001,38.60412677154443,78.6319407679456,40.027813996401164,-0.14726367151849204,36.50387258565459,0.2546303696491789,35.96265360281434,37.12260681431198,1.159953211497637,-0.006405220118944369,1.9895652496122482,0.843783713090016,-0.8448567153460167,3.421900423902234,4.26675713924825,-0.0007552654288782929,0,0,0,0
78.62569485556138,17.39121718048054,42.714968738506364,110.07870332303774,67.36373458453139,-0.013484760193813481,411.5213901728915,98.2749638090392,214.89399058695295,619.466589887672,404.572599300719,-0.3505432919583112,60.5090934263382,9.889050485018107,31.754359094599963,80.91763317277834,49.163274078178375,0.0020261547776739227,36.44087431123503,0.30010670325973976,35.782094412448174,37.06215856470272,1.2800641522545462,-0.0016025241071002082,1.9048795625848274,0.9529020012594908,-0.7630187245583921,3.7507254556718674,4.51374418023026,-0.002875536241749822,0,0,0,0
81.38888796099656,22.015880249355426,35.70113131430099,130.29078558341945,94.58965426911845,0.4641997091525991,408.06138869984915,111.45305475995559,155.9015681865692,689.3699717414881,533.468403554919,-0.005799354102533822,61.52875775211652,10.026743329502755,40.68011499281263,83.03658519459944,42.356470201786806,-0.12250189185699974,36.49662472351333,0.2995435678380974,35.939946131035526,37.16725964641338,1.2273135153778512,0.007560909172964759,2.081910005106419,0.7076195444262522,0.519948040140678,3.657290017340348,3.13734197719967,-0.003969343677087851,0,0,0,0
83.55602663677162,20.395687738284902,17.54694459112565,130.80199380625484,113.25504921512919,0.29856573587243695,428.79249024640035,113.98561755388926,226.97512431431343,696.9413423600024,469.96621804568895,1.781013906445063,59.37424894897143,9.64560400142795,35.010067856633455,79.10849993360874,44.098432076975286,0.060171968711626875,36.43061871624666,0.27533567632380673,35.597015127062654,36.922371606671156,1.3253564796085016,-0.00039749425264390154,2.170904242347883,0.8389108628350518,0.7006242431155536,4.432618548165108,3.731994305049554,0.006551942023168124,0,0,0,0
82.60441078748306,20.74711203992481,41.34751489003813,131.71173773287097,90.36422284283285,-0.1758965487438945,389.92038971341304,100.21256008468424,181.9905833618787,686.7216560175866,504.7310726557079,-0.028207563317207977,59.7883235532388,8.654159779790186,39.43291200534235,76.56500837017295,37.132096364830595,-0.03847909606312455,36.50385936854832,0.3136124130872703,35.75701161667734,37.16943537842355,1.4124237617462114,-0.005953453474333823,1.9858169481645935,0.6846512002645991,0.2704870367480594,3.175440471452479,2.9049534347044195,-0.004006443353910297,0,0,0,0
82.65328229583056,17.01775316934345,48.94618851054713,116.22487380076304,67.2786852902159,-0.3415725319606806,379.07118391594776,113.41762317094566,167.86788042193893,752.6546807401814,584.7868003182425,0.9093617983414749,59.88237787971808,11.224366309750737,28.808229423380894,89.43396532929766,60.62573590591677,-0.038943296850137324,36.43103554573534,0.32404439921505274,35.62427790993743,37.19709846805799,1.5728205581205543,0.0031338931409125095,1.841592636694886,0.8240390762351619,0.2984999365245766,3.9032977501108292,3.6047978135862526,0.002044589535573286,0,0,0,0
84.81186343607031,19.673232936677145,32.85774493495421,125.94903442599755,93.09128949104334,0.0033402525810796676,375.5173023107478,90.93146980371306,200.23384087500554,595.5471290263933,395.31328815138784,0.5012022668477489,60.80980719186104,9.819142312439759,41.439317572322224,84.3971114651442,42.95779389282198,-0.0018042957248401185,36.559986135904,0.3425923266535296,35.81898444113631,37.40363706409012,1.5846526229538114,0.00343816091797132,2.196422302262842,0.8071875814637922,0.5820228568905195,3.992206921795445,3.410184064904925,0.0002984676298719128,0,0,0,0
74.3283311643719,19.269387216914048,32.38604762238188,117.1466028958485,84.76055527346662,-0.21571159704308912,398.75296143334936,102.96941261789635,198.46940849884413,666.3157938744707,467.8463853756266,-1.102038451550143,60.02488672254938,9.468030294958169,39.20220376800387,81.04863901822183,41.846435250217965,0.14992084539859674,36.46335439562071,0.2739645075516894,36.065616008818765,37.28041258221887,1.2147965734001076,0.0038430205342911412,1.9516218569323867,0.676542287319586,0.25595044082732055,3.284222432282486,3.0282719914551652,-0.005582294405355305,0,0,0,0
84.55725367669989,18.48048868843673,39.78518099788661,115.54982162348944,75.76464062560282,0.25967055569703174,384.1585572423423,77.47851805512798,206.73804198142466,561.5272833919416,354.789241410517,-0.7525773820895331,60.80750027340881,9.043066174330386,41.14772366238737,79.5152868813211,38.36756321893373,0.05541312409749668,36.459891366551524,0.2891710646093797,35.614447854440336,37.0157323304694,1.401284476029062,0.001536300915978998,2.1821861030876066,0.7013298772454086,0.638973646373336,3.6096335127803223,2.9706598664069865,-0.012246124231520054,0,0,0,0
83.7356002806922,22.774586484770833,5.309313821167564,124.04435860766667,118.7350447864991,-0.06673611922760316,409.33382711252096,102.15973796864128,208.2053702545996,661.2596487448304,453.05427849023084,0.5754672028653682,59.07638416152907,9.43368605012536,36.52845941868769,77.84898483164265,41.320525412954964,0.08400890185837255,36.49543022430882,0.28526026152139966,35.87501867762929,37.120119937172106,1.245101259542814,-0.003204913032332541,1.9178196052937762,0.7171603965608082,0.6275675800676419,3.5987811812898185,2.9712136012221766,-0.00555199528120943,0,0,0,0
80.34726777778407,21.14022835801487,34.98058093904625,130.87753734217546,95.89695640312921,0.004732966428876632,375.2635134063228,82.06450872139615,192.0761798178077,553.991589706974,361.91540988916626,0.684563228513489,59.95869009587997,9.612814633628853,32.825011737211156,82.73225098180745,49.9072392445963,0.16438174222929425,36.47006983011794,0.2792541068378863,35.88362325720369,37.22036237271392,1.336739115510234,0.0020716729769487425,1.8779629895349041,0.7418443945064895,0.0570590411473908,3.527007999155213,3.469948958007822,-0.011557225039921544,0,0,0,0
80.52042815294752,20.369105096613403,49.27649749686058,132.71561908380636,83.43912158694579,-0.0884192557081258,390.97157971409166,86.47730687903521,229.1805327346035,573.0657485589807,343.88521582437716,-0.1170365537314834,60.69179041347389,10.293804566359354,33.71924160953239,86.48582227939407,52.76658066986168,-0.12315895502820322,36.456802134415824,0.28382375480648625,35.96122856484835,37.30605289253756,1.34482432768921,-0.0014394456648463014,2.0700304675228476,0.6687808111844676,0.3644648839177551,3.6734507580978812,3.3089858741801264,-0.011576159799729618,0,0,0,0
78.65600069978456,17.375757560656677,34.912247969860424,120.82985065829358,85.91760268843316,0.07459075203261127,397.61289259331323,93.86114149960532,227.22076632562164,666.4242820909152,439.20351576529356,1.910019605338865,58.239821062009334,7.958946995128504,41.18461848995149,72.03689269358154,30.852274203630046,0.026658940414102578,36.45193991288637,0.28692356224078186,35.98619219511914,37.18470215380321,1.1985099586840704,-0.0012838654685807555,1.879353240168383,0.7253822687514467,0.28277969443799544,3.3312127536001794,3.0484330591621838,0.021765992766280533,0,0,0,0
77.48411887839094,19.91224210055637,25.18570811206608,131.99888591481454,106.81317780274846,0.11285987154323857,378.0691991149374,92.23127936881575,214.22840579437573,601.0498100647553,386.8214042703796,0.2356625195117365,61.72814879868046,10.159610755833086,35.84768613886958,82.74776869124591,46.90008255237633,-0.07805400504176385,36.4848722306713,0.33827513613725785,35.62818696698035,37.37817259407519,1.749985627094837,0.004936335566198251,1.9550296764859265,0.7249818732531093,0.5794646617585626,3.69357230099128,3.114107639232717,0.005358045034562886,0,0,0,0
75.83152266425611,19.85627426787535,24.48247963341239,119.93142300993776,95.44894337652536,0.38013337046913176,420.01707576442897,90.72313672453504,225.68879589256218,634.4797825694268,408.7909866768646,0.448213706768978,59.779031558125055,11.094858921387264,34.60510316561038,78.89784157097189,44.29273840536151,0.09188352364609556,36.48407991007357,0.28790536320255716,35.929576058443864,37.182663887251096,1.2530878288072316,0.000465532015438293,2.135109860542798,0.7923640525174845,0.4864669894746594,3.8580741220312005,3.371607132556541,0.009221609900388924,0,0,0,0
76.48661198103663,19.176543417345375,34.57187072475825,110.0866190358036,75.51474831104534,-0.011295769052802114,384.68103882801023,97.98685522595977,150.87272287324552,574.24499402811,423.3722711548645,0.15658684991915112,58.01008735426203,9.794485707543842,35.24560509697213,75.29260724680502,40.04700214983289,0.028421938921216583,36.4761277500836,0.3257086698272391,35.56031643659097,37.202081321071255,1.6417648844802812,-0.004078801999606309,1.983824136788383,0.7877440112773629,0.2303792214208098,4.069394038691087,3.839014817270277,-0.0031084965071268835,0,0,0,0
77.96679297650856,18.66892064150279,31.297370969693333,139.15033948103033,107.852968511337,0.20538899277056832,401.2142427676504,84.18882019864444,226.8792887692625,618.64529005663,391.76600128736743,-0.9046353359058391,60.48096356312824,10.60140515315987,41.129225451863334,91.2180931551584,50.088867703295065,-0.0008355145763178922,36.45934586856438,0.3348900121903341,35.72916796955929,36.97031871980045,1.241150750241161,0.00548852960142938,1.9881108863856145,0.8360150908903394,0.4200091047085892,3.9892320685031923,3.569222963794603,-0.0030231662729631277,0,0,0,0
76.40083551814088,19.800595265887768,22.46994554165363,114.17173458889467,91.70178904724104,-0.16617627228913207,379.87131274977713,103.96274374494702,187.49740478346752,660.6779576078175,473.18055282434995,0.32934928711931216,61.50462317572498,8.088427072787981,46.40815496582887,83.52320510668476,37.115050140855885,0.2101941705717171,36.514313892310916,0.2958557717882731,35.79997737156208,37.300721378946726,1.5007440073846467,-6.46397333939779e-05,1.9860369103509419,0.7284552902802623,-0.5015141482137127,3.1957565109729833,3.697270659186696,-0.0035192317082129933,0,0,0,0
83.54121269265825,20.52238782343532,36.50222721828719,122.58523094591835,86.08300372763117,0.11606604898208965,392.2800321743021,93.45782578599089,223.14245299133228,601.2952870865395,378.1528340952072,0.5390132669247417,61.284623763463514,10.235186835175611,39.75944053654567,79.87039793707592,40.11095740053025,0.021840416379201047,36.51513501107328,0.27651652441274266,35.965701695297106,36.98522713158351,1.0195254362864006,-0.0018381199369417078,1.8728862781635787,0.689525763444594,0.2550666167018516,3.294826259366393,3.0397596426645412,-0.007256704890242928,0,0,0,0
80.05429775566941,20.005362620598916,24.188227110981693,121.62252661772521,97.43429950674351,0.3264486209229075,412.83525717412573,91.44468265423797,226.4686173661802,593.8992209909467,367.4306036247665,0.679539780032816,60.11943394802873,8.25963278199745,35.510979083302225,79.66600607799825,44.15502699469602,-0.08378540843380684,36.56861103496421,0.2696495494193502,35.78105675375723,37.03844542631236,1.2573886725551304,0.0007289502172158265,2.1904187714058243,0.735013626340543,0.7583694119941609,4.148502846775255,3.3901334347810943,0.002889409209129276,0,0,0,0
77.33518209344328,18.183491813819753,33.77800805442198,111.09471595534984,77.31670790092787,-0.06768590243161372,406.14342575136345,85.49181685670317,221.63164625981875,588.8713724602163,367.23972620039757,0.5555631955092247,58.79774580815598,8.824767990573937,40.32023698137479,81.0116244792665,40.69138749789171,0.03582270633316805,36.52237944389752,0.26171817269138464,35.9026256940086,37.199775959722,1.2971502657133982,0.001164414706541159,2.0991111056740746,0.878653483000209,0.15133661426863787,4.007953273787551,3.8566166595189135,0.0026861709773239057,0,0,0,0
77.95540332784795,21.841948603305752,26.659100682357916,130.17308779703518,103.51398711467726,0.21303439500530397,381.51883686694504,89.74113732126257,131.6869639004338,604.6085225272575,472.9215586268237,-0.8170052112029719,57.468887120325434,9.121420487731326,27.674942453086544,76.59885530069505,48.923912847608506,0.014515183706450352,36.463467547034014,0.33017295234298866,35.862005456006315,37.136933230019736,1.2749277740134204,-0.006518138895082992,1.9400705989093467,0.8053123187102861,0.29275533530781694,3.639401553958556,3.346646218650739,-0.0018540564579900473,0,0,0,0
78.23988185207925,20.716700508681264,35.12830610579043,117.00149886402582,81.87319275823539,0.018241300956041824,404.4391748714377,103.36183583423724,200.23993587081904,709.1818022175903,508.94186634677123,-0.06307902000101454,59.28736990787957,10.308857852351558,35.78853788550476,80.36457148331387,44.57603359780911,0.26950994662640027,36.568996145096264,0.2973853400495041,35.77661190628344,37.08532638030997,1.3087144740265302,0.0028473933174938742,1.887513203281295,0.8449010086623844,0.4036317355875889,4.2221954834739375,3.8185637478863486,-0.013964241599368361,0,0,0,0
79.72490768938742,18.49673375788862,16.567379765725022,121.51097096473244,104.94359119900741,0.0572207887968389,425.0827061708652,98.83095678057633,171.42631209602496,659.3072567776267,487.8809446816017,-0.35671502196362437,61.07378593077871,9.637879259620952,42.68373051166502,80.40903985845131,37.72530934678629,0.030113406291762127,36.57922310302848,0.30178409253219524,35.864527686832645,37.2388828820383,1.374355195205652,-0.002503520330231766,1.8907844472528859,0.8381599198368677,0.11909137388925495,3.820974276718195,3.70188290282894,0.0038586934531279877,0,0,0,0
77.90161116395991,19.704032214384917,26.447233794037388,112.58812784282556,86.14089404878817,0.1481562120117069,399.2204696869887,98.33875082643765,160.3858332980939,641.1439808243858,480.75814752629196,-0.7507090612984474,60.97571384027657,11.291888109079826,39.74621368140817,82.9951358013661,43.24892211995793,-0.013620894171288532,36.506345328136895,0.26537598220661746,35.934392244477145,37.18406142282677,1.2496691783496274,0.0008445029436942365,2.0547357411969673,0.6659698468404307,0.6136335175864591,3.2777509904648863,2.664117472878427,-0.008306815868353816,0,0,0,0
82.91556492697335,23.750911650932057,38.5133315109687,140.74884238160803,102.23551087063933,0.20414211932793577,395.95315002223305,87.20709053230281,199.23346319453947,567.698905465475,368.46544227093557,0.04650578823230646,61.87835382406658,9.361602803722525,39.02463686004437,83.54399283275858,44.51935597271421,0.012413750283362293,36.48837086370954,0.2602218972075248,35.93054340294767,36.94201671259553,1.0114733096478616,5.164667062774945e-05,1.9980456805737636,0.8826412417638175,0.22046688555316862,4.1907728604467795,3.970305974893611,-0.0032329388507387155,0,0,0,0
79.17113567707973,19.846171645901247,20.325963540094804,134.3330977629879,114.0071342228931,0.2228914531434046,414.59058785580186,96.94086310334302,237.12277604053205,711.4251865537955,474.30241051326345,-2.0093412234552286,62.65349082230537,10.867142641581811,37.71357640071496,81.51464894180867,43.80107254109371,-0.1252769855062682,36.47624736778897,0.28053854032967596,35.8270922489692,37.16351491453414,1.336422665564939,-0.00045838188834133615,2.0384095447739194,0.6853487734140199,0.712406714676951,3.2753466234594777,2.5629399087825266,0.0007371193041069765,0,0,0,0
78.38022906741625,17.06892047189488,30.163555525245926,113.65989213208465,83.49633660683872,0.3609115454144843,426.29219091753004,107.94393668667448,210.72131567215044,631.6792579045383,420.95794223238784,0.9139923165495629,58.82762203431971,9.12992327821596,41.2520856801328,79.63951680627247,38.38743112613967,-0.09147269507516174,36.524807275024656,0.25949345077999153,35.684414010912235,37.081477126858246,1.3970631159460112,-0.0012672049805666841,2.008091065654538,0.6970608619037751,0.4605683681201047,3.6084256308403964,3.147857262720292,0.0016246673507702607,0,0,0,0
81.73297481014353,19.27044991761038,45.1707216049705,115.6604301960162,70.48970859104568,0.0694815049665682,428.64300982506086,88.93472154856885,209.52386318182107,623.6774790802908,414.15361589846975,-0.5452355551444908,58.3671050263555,9.261864944073125,42.6877409159503,79.98756008285604,37.299819166905735,-0.05753782580730672,36.51775460884401,0.2998597346773659,35.9477145865696,37.52665746846456,1.5789428818949602,0.0017715268761521316,2.0596174860745737,0.8814018331071323,0.2974648350671809,3.8065187281812287,3.509053893114048,0.006250085363533691,0,0,0,0
77.31291978840117,17.60206873892761,33.36418214321013,110.86920376376759,77.50502162055746,0.13009308713173842,403.0208625843766,93.60346507172703,198.3751580878955,723.8520336894136,525.476875601518,-0.433232484671308,59.49306255290925,10.514668172888822,31.408454960945743,77.64861351969249,46.24015855874674,0.15964213684195816,36.52835742965724,0.29082689308136,35.84140188864826,37.01658228659049,1.1751803979422348,0.0013488517157760737,1.8673388283293337,0.7791504652565455,0.34437439918738466,4.112010359470652,3.7676359602832674,0.010819536961328336,0,0,0,0
78.42782702293728,20.908600325577986,35.97831334425378,134.95928761826735,98.98097427401358,-0.31683754372023876,410.3743680819891,108.10967297777584,133.0980321742975,576.3307654713465,443.232733297049,-0.2338701390618997,60.18489277177465,10.055933010808953,40.269305987824225,82.73010001128334,42.460794023459115,0.1517040103724623,36.57423589338549,0.32252526368001005,36.007935230769654,37.38082897919545,1.3728937484257955,0.0033757155076326807,2.1078940631238363,0.8582655455379112,0.4146378681317069,3.725638097032067,3.31100022890036,0.008318537395045317,0,0,0,0
79.5889410309181,19.192389112192583,39.78888127318712,113.01893385289551,73.2300525797084,-0.15133086100783577,383.7908762827914,107.84766251772356,169.85047179301054,619.234369699497,449.3838979064865,-1.65887782653189,62.046188332174424,10.56804882295952,39.56746247476996,84.73494444978579,45.167481975015825,-0.043324952055478864,36.487412288851225,0.3174329792634404,35.77435971217233,37.21794725118788,1.443587539015553,0.0004156900444634404,1.954686591859454,0.7523785712031528,-0.45629521948203866,3.574495064840328,4.030790284322366,-0.001078957737240746,0,0,0,0
80.39147884627674,13.869271577203248,40.84270286340756,122.25049919614136,81.4077963327338,0.26371902564426075,438.8345582719737,106.1647765315578,190.24334775618814,797.935193714671,607.6918459584829,0.7091562179487111,57.2315631792124,8.629986055140346,36.118341494760294,73.17845013840214,37.06010864364185,0.1300392434670925,36.43517204824095,0.3673231456216504,35.67333430798393,37.15535678568576,1.4820224777018325,0.0008392620763104237,2.0276869472635926,0.7457339474326373,0.46172674824132054,3.5506109931642014,3.088884244922881,-0.0004974017425378604,0,0,0,0
75.85170641791538,18.90110124094692,36.265159799728096,128.58179762927904,92.31663782955094,-0.0035050233632440268,387.8268884068523,103.15473798948675,113.34698676178607,599.3194654135518,485.97247865176575,-0.7570268889978813,59.03472264477003,10.827186868942716,37.183019831682714,84.47400299259982,47.29098316091711,0.049359743677767624,36.5710613284002,0.308136264736686,35.80525362090201,37.18686778903437,1.3816141681323657,0.0010902431286181047,1.8840342021441074,0.8057710996061387,0.5445481061773194,4.328238746518014,3.783690640340695,-0.0014117858105987164,0,0,0,0
76.79240256372503,20.754919287616037,28.196976291568404,137.07132916524552,108.87435287367711,0.03448868055753578,420.24592196955416,84.16856612708669,232.6020895414499,597.8237348419123,365.22164530046234,0.5775476332897349,60.77184461081697,10.347926998432918,38.25315153967072,80.87478412888962,42.6216325892189,-0.018563967999069186,36.47639600409875,0.3474236373786682,35.884040624665815,37.345157766758135,1.46111714209232,-0.004378325639381168,1.8559012606353793,0.9401105120283277,-0.2805776450193096,3.807409238596086,4.087986883615395,0.01221206066673914,0,0,0,0
81.24894337024085,17.745158175275108,36.57643047639724,121.48667703154405,84.91024655514681,0.17914365372708912,407.56150269895176,93.25131243383713,216.751156650976,647.401973505656,430.65081685468,0.5890272522753637,60.318694740495545,11.35046582478844,34.75254717167856,84.15208882260659,49.39954165092803,-0.08730367083469444,36.54684445263468,0.326160476761787,35.928986857700735,37.48767049247157,1.558683634770837,-0.0031456313656955527,1.7758364681697691,0.8257894016760017,0.2749777180288264,3.3633058405231058,3.0883281224942793,0.00795299226591305,0,0,0,0
77.87719676541876,21.943267327881912,26.09327923181617,122.97499095341111,96.88171172159494,-0.40323619280219003,374.15854743318783,75.74704298829586,182.7927681173062,532.4497535703396,349.65698545303337,-0.8486006696250483,57.88906951248034,8.967591811834762,42.403112698668714,88.32301835183657,45.91990565316785,-0.00472545497305439,36.48777857384819,0.33479675833883754,35.68306956410008,37.34934727011765,1.666277706017567,0.002322185170431211,2.105041075754894,0.7777296383323323,0.3949623749097575,3.4803296682365312,3.0853672933267737,-0.002466634045737811,0,0,0,0
76.83106300764973,19.164697443762797,35.94049715339341,123.73284132900694,87.79234417561354,-0.14921602267148185,404.91620053947554,98.17555372555844,120.76820518458373,649.7852695459297,529.017064361346,-0.7443129623277025,57.74211087738312,10.349356988911547,32.408709255731274,76.22814449208099,43.81943523634971,-0.06071581261977026,36.46872205206377,0.31005178205023504,35.871153712132994,37.292923916196955,1.4217702040639608,0.003236195036678402,2.0763916984789823,0.7847259216719672,0.2322895591677554,3.4827841696860498,3.2504946105182944,0.0030425952021097278,0,0,0,0
79.86869861118016,21.484682706318825,34.45572189433424,115.81061698928991,81.35489509495568,0.09484323736712585,411.96371293836296,107.67083084007598,208.6655158681541,742.2626529799231,533.597137111769,1.1852153208725087,60.837175739356496,10.240541333812358,35.4284192185558,81.52080557431091,46.09238635575511,-0.11503319708709107,36.56875854028573,0.2923189674505577,35.768245172682235,37.273329195260544,1.505084022578309,-0.0026688682789705468,2.101556209719484,0.6134352273306386,0.942589785196696,3.700126844500443,2.757537059303747,0.004878046392746665,0,0,0,0
79.29159456584665,24.38703959196894,26.856718354252813,134.90317945375077,108.04646109949795,-0.15511409666542156,369.8764625621701,96.30637470207583,84.2986678072366,570.7989062960155,486.5002384887789,1.68274778686619,59.0861123836508,10.967754088470848,35.189049760047105,84.88475726344437,49.695707503397266,-0.039434591528177236,36.463462335923765,0.2307945052758211,36.011174949558495,37.08246098076405,1.0712860312055525,-0.0006347675898101632,1.9804284737770623,0.8157637342499837,0.2832642299218089,4.331159126467087,4.047894896545278,0.012190645477966586,0,0,0,0
75.45046463614301,23.682233444572255,14.658798496709352,127.69589143467243,113.03709293796308,-0.22777195910072512,397.0388535330193,99.78001533362271,136.63331666495304,597.8869011583395,461.2535844933864,0.4797029600175286,59.37487808603637,9.278137535524115,34.39894362892985,76.38512814435823,41.986184515428384,-0.007181354842743144,36.52119077812197,0.3098462363504136,35.886013495061285,37.15502748475875,1.2690139896974628,-0.001319608368679907,1.8951028820527405,0.9585933918135486,-0.07415332878979175,4.541804119444462,4.615957448234254,-0.014527692256182567,0,0,0,0
80.54262497167457,19.995056270007094,35.024984479487166,134.4842567731122,99.45927229362505,-0.012836612790347356,408.6095448265389,101.375231946163,189.27804708521728,634.8844456338235,445.6063985486062,-0.5569326629091265,59.200773110820144,10.589103862130022,39.60694731976258,85.19394850909978,45.5870011893372,-0.014997663715590817,36.46907010745737,0.30378223476176985,35.970239262495156,37.272177668151464,1.3019384056563084,0.0008009562039247989,1.9401075496349285,0.6768560156351261,0.08681593666977983,3.667187862762266,3.580371926092486,-0.004505746563412795,0,0,0,0
78.75955303258725,19.343277789971943,40.157712701715276,126.733803493658,86.57609079194273,0.029266512097131655,403.978511715223,98.80183252330426,210.04626556911575,637.903166558259,427.8569009891433,0.7676145222185777,58.91389005769526,9.8027913731279,35.48584846295152,83.57496259901819,48.08911413606667,-0.026013322337522612,36.46743128327401,0.291438931258286,35.82245942982537,37.04917182590449,1.2267123960791153,-0.0024226654161706384,2.0429976916142367,0.6743426377811609,0.4792758436675306,3.432826065793285,2.953550222125754,-0.004896172015487367,0,0,0,0
77.34116832830522,21.31056795749176,32.59044811236042,126.02221212946885,93.43176401710843,0.11192544668581088,387.66401654556483,103.35844840679086,140.46086000072194,611.8891560337578,471.42829603303585,-1.2141080116097944,59.741667013973654,10.68364055376961,34.62784402015458,82.46783070403217,47.839986683877584,-0.006582412547423971,36.51044980618106,0.3162933355157629,35.69286493975368,37.44011432546109,1.7472493857074056,0.0028653041351836017,2.031380161441998,0.8507569087922959,-0.09055534963273493,4.21976656846312,4.310321918095855,0.018777627366215847,0,0,0,0
80.34109830963357,17.035932759576752,23.900633608822652,108.98914838680865,85.088514777986,0.2942719797425444,396.3171492973402,90.79034560652477,133.36095665543428,607.098181836775,473.7372251813407,-0.8665282228679337,58.70274681341479,9.695896518290144,39.73419665830515,76.81676010134416,37.08256344303901,0.3155331636491729,36.5291621895823,0.2372319896678023,36.0640803381616,37.097165322796336,1.0330849846347334,0.0012334419025309517,2.064432966701425,0.7968889652288937,0.48708591491071207,4.208218768563963,3.721132853653251,-0.015966216205628696,0,0,0,0
79.5065042995555,19.242476937446266,38.0559183020463,134.42264586232864,96.36672756028233,-0.07779747042549853,406.8146388665063,91.9678599741942,193.68262938932236,565.912641628136,372.2300122388137,-1.9174008040405544,60.06633321543799,9.643290242942133,41.306223743572744,85.84975360106547,44.54352985749273,-0.10236975028470668,36.58197432071257,0.3054301898229102,35.843887147208235,37.417361770828045,1.5734746236198092,0.008235642178549732,2.003348790024085,0.6919646877562684,0.13984438892415185,3.2254504857733304,3.0856060968491787,-0.0007023944725025425,0,0,0,0
79.09765604094547,17.992990433567197,31.820417667992686,110.33989246505959,78.5194747970669,0.04136828095359238,396.80767073269163,102.25803593555521,165.07026558984106,666.929146031307,501.858880441466,1.2611931426650285,59.85506870505293,8.610161524213204,35.323227524309644,81.57288983692698,46.24966231261733,0.07139935615513858,36.49286287525147,0.25378886545049983,35.843516809969806,37.002126206888555,1.1586093969187488,0.0033775575262172675,2.0530143316477,0.7357578798687842,0.23649192332285862,3.588938003107275,3.3524460797844164,-0.00030835047967833686,0,0,0,0
79.67131192236121,21.19152020091224,36.65142645875086,124.97454780881883,88.32312135006796,0.15195222367735986,388.24317257946245,97.77911579804527,198.58720496210526,617.1161102618998,418.5289052997946,-0.06966260499889258,59.74760314164815,10.436371345527304,40.085240669483206,84.63526374185349,44.55002307237029,-0.03769360942711377,36.42776852255391,0.26635289928298833,35.88013402104735,37.314372280711126,1.434238259663779,0.005605328413841882,2.1855235781386666,0.8170927119756718,0.4534496636902088,3.996546797744114,3.5430971340539053,-0.009988977007296918,0,0,0,0
80.76237382837932,20.912364179985964,20.47003301777614,115.01400614784869,94.54397313007254,0.0492103219683599,426.2811274826116,121.81082138236715,127.60328303620037,732.7714996706655,605.1682166344651,-1.2820809736741183,55.910761326174125,9.5699216824719,33.69360005018919,77.02162808189914,43.32802803170995,-0.0696912816402201,36.50278066841701,0.3773375152686219,35.85885425563731,37.387788192865756,1.5289339372284445,-0.0035898223016471754,1.9380441494778866,0.7664571596682792,0.14510906855256556,3.4954994701744737,3.350390401621908,0.0028888844976532944,0,0,0,0
79.45159667987275,23.22162370274661,14.027242103423234,122.43422565792359,108.40698355450036,0.3002287206641805,402.5228644918958,93.7828201184832,221.89605827855186,577.5830251824364,355.68696690388447,-0.8003227425755591,60.54686005366973,8.145926702432117,46.6637242839928,78.9623107229643,32.298586438971505,0.035789208673612766,36.42587778556474,0.31444696038782866,35.70811725127632,37.138634771684536,1.4305175204082161,0.003715017921639552,1.9458459971207736,0.8807767960765671,-0.006144319384416175,3.848189179473187,3.8543334988576032,0.006211618141568627,0,0,0,0
77.33060057383103,18.500192426444332,33.98426800467789,117.94597047595423,83.96170247127634,-0.20515684404537288,404.6115318064322,111.52753170335642,139.7586345025705,763.0097210551986,623.2510865526281,0.1974531050506242,62.036547854575,8.442560758761669,40.42534950955525,81.44320970374264,41.01786019418739,-0.08909948128077473,36.48372664233068,0.3371837155930512,35.83039914824055,37.10633369473247,1.2759345464919178,0.0009498436761906977,1.9487026363544249,0.7412583223815837,0.35078967825863305,3.560084944027947,3.209295265769314,0.0064472748753582835,0,0,0,0
83.56062758172096,22.180705708619673,32.925339286277705,115.06479665491258,82.13945736863488,-0.20781255750713212,406.0707384391821,96.9399482517646,199.93952378197218,597.6809082776565,397.7413844956843,0.16395067937961227,60.792122703151946,9.828780445404627,41.00724420527478,86.69821116079521,45.69096695552043,0.01098340076884604,36.496964891449885,0.27520523221492177,35.826549704825894,37.185201686130775,1.358651981304881,-0.004437938519001801,1.9296370548633803,0.8374429880084684,0.3401766548906002,4.458962391655717,4.118785736765117,-0.011189782189011803,0,0,0,0
79.8721122794278,19.820824745591253,43.06606273424749,122.02110437742547,78.95504164317799,0.07493440401663225,408.2009737813309,100.63663600894554,212.43748716864246,663.1661030672324,450.7286158985899,0.2526080415659707,59.647552238295695,9.274478327615489,35.80526424317574,78.37903619691897,42.57377195374323,-0.2164745097864827,36.43635455646831,0.2596929552976665,35.88498247949567,36.97723844611955,1.0922559666238811,0.0008041158708316391,1.752609698283432,0.8482002221837877,0.22477352573631482,3.4961068803526087,3.271333354616294,0.014040484468392728,0,0,0,0
83.81949096973236,18.48671437582271,39.92593414512769,129.1041478240075,89.17821367887981,-0.02011985695025721,392.0724538773131,100.99207359532011,153.87046236939875,651.1997667994287,497.32930443003,2.174090510256779,60.018436405709174,11.17518846371679,37.92490056598185,88.05418697898853,50.129286413006675,-0.005562591046962383,36.480653245705774,0.336906168505551,35.70878552508906,37.24518582025793,1.5364002951688676,-0.0023065384459671208,1.843676988332908,0.7575175026427241,-0.14760127111188615,3.2555129602147233,3.4031142313266094,0.006490786853644451,0,0,0,0
81.91959753668874,20.933698838652433,35.60308650161822,132.01074177646103,96.40765527484281,0.11041870537649158,395.0031950699116,108.88175054027793,189.37071810530674,662.6664238456003,473.29570574029356,-1.5319379955221886,60.480915404185154,10.82766920759171,43.69894050191005,83.1670328037417,39.46809230183165,0.1420328901490764,36.49250181519851,0.27503814718234937,35.729132186519735,37.27260246891945,1.543470282399717,-5.7025370088111704e-05,1.9037851556023804,0.9116122562717734,-0.30728479244778883,3.723527757502776,4.030812549950564,0.010399883525888158,0,0,0,0
77.96994158151213,20.590640866942287,30.809904451368936,134.28842973178604,103.4785252804171,0.2998014422655983,387.89491064278366,91.84940985418348,166.35928289164644,570.2297322849116,403.8704493932652,1.161708450856017,59.2300765707974,9.228947687507642,42.71863774531754,80.11835207607068,37.39971433075314,0.024159785255442563,36.5193663184446,0.30089697980910934,35.86471153159372,37.209874192874025,1.3451626612803054,-0.005482788302101692,1.8884833482044885,0.8958737790058162,-0.0931564672110059,3.371175922603202,3.4643323898142078,-0.01874450470848691,0,0,0,0
80.57171264803682,19.201305522304366,20.085016485635037,114.90071841727878,94.81570193164374,-0.10171335692038651,403.14671101322693,113.75466807938399,134.3605701125818,698.8063016331241,564.4457315205423,-0.6634349815098605,59.65567967035992,10.147410109002115,35.78502661952758,79.85187176628398,44.0668451467564,-0.13008354580733716,36.525503830229425,0.2263642339190682,35.8537452381324,37.010359591614645,1.1566143534822473,4.558912068773784e-05,1.9399073881620132,0.8058973542684629,-0.16253292364839567,3.6229657688578567,3.7854986925062524,-0.005383073471267886,0,0,0,0
78.09186206498123,18.983965142514283,33.868222857838916,132.45247278403642,98.5842499261975,0.28378262107721414,383.36890827443784,91.94489633960123,187.22208350940116,647.9832197174508,460.7611362080496,1.7631070095086392,62.29339478560364,9.206257227041114,39.837019036651434,84.19691653186749,44.35989749521605,-0.009373966586336805,36.470334019834546,0.3540738684809653,35.65111364704052,37.11262328055783,1.4615096335173092,-0.0009255729116143551,1.806281865917896,0.6732206165757345,-0.02646405732392454,3.0549081632385047,3.081372220562429,0.0018675099776873174,0,0,0,0
80.80349465843416,16.607274998045465,35.28072223314745,120.72075690990594,85.4400346767585,0.08420092394570498,396.4515988826287,95.81074787725035,210.3147153596837,601.2301977002137,390.91548234053,-0.9786804722062169,58.94524792482851,9.45828285882003,40.48128170308672,75.85173286044372,35.370451157356996,-0.12828640506543396,36.46293402947687,0.3235746780743553,35.87556810637714,37.20605239893809,1.3304842925609535,-0.00039626979346744803,2.070856962941376,0.6361916663746926,0.8845626778221933,3.492590130111301,2.608027452289108,-0.0021788938717870626,0,0,0,0
80.89746667899527,19.480273167162412,53.5036561019021,125.39356427042816,71.88990816852606,0.06041034377251235,376.3764617726223,81.04072705802844,206.43883328102808,567.1481919242011,360.709358643173,-1.090984240217026,60.72673231806009,11.3675567880887,26.708474566979547,86.81461793768685,60.1061433707073,-0.3214361800193592,36.46618586445366,0.2880704933013918,35.73751540379469,37.089013946396854,1.3514985426021653,0.003218528209589576,1.8712758895898338,0.7566808860679467,0.2777572471119767,3.6291525753507257,3.351395328238749,-0.004170988247680451,0,0,0,0
79.48334573838186,20.357180865496105,42.239919318543066,129.64204977007643,87.40213045153337,0.05924039644864896,379.4556451144839,92.74693660053488,187.58751106619883,534.191440577268,346.6039295110692,-0.5441884211228658,59.277097535328906,9.416765177859732,33.58210886394579,78.35271413647038,44.77060527252459,0.07120497870724007,36.44817846789427,0.29762744103304767,35.74775105819141,37.08821645799931,1.340465399807897,-0.0019682813976591735,2.251765204776341,0.6965575793119476,0.632640324614659,3.960322452520507,3.327682127905848,0.01553844985610216,0,0,0,0
79.32145395649434,22.271703227042508,30.968820498442554,138.8291674728444,107.86034697440185,0.10046624550325883,401.93914546191974,81.5945865267187,271.5933659494714,590.653068747693,319.0597027982217,0.04638927472155336,60.23695943308193,11.766097039906613,31.58190121699291,88.92086332053383,57.338962103540915,0.1086253159374126,36.529958487665816,0.2749489791347605,35.889604477239224,37.10114404022716,1.2115395629879373,-0.004338197628255102,2.0530848607715795,0.7212465224106475,0.5570682644506217,3.738208345894567,3.181140081443945,0.021045706733260807,0,0,0,0
81.91410984624025,21.100268723057937,26.805329794162418,126.74151488113824,99.93618508697583,0.08427457678458924,396.2047097309111,91.04795439125509,180.9763963771208,597.3482341977635,416.3718378206427,1.5922892498240493,58.266278541487736,8.656258751113699,36.77238949343164,73.11295050357118,36.340561010139545,0.1287452958400409,36.44855679319511,0.2785366915032766,35.92523292673717,37.17309153555649,1.247858608819314,0.002314128268566856,2.0836905172360902,0.941853411336937,0.006678833812275853,4.3762468287131515,4.369567994900875,-0.018894998420965547,0,0,0,0
78.08706065058628,18.86478936267251,42.68850965172439,129.84520545364848,87.15669580192409,-0.20166574394463163,404.5312195493809,96.00853301109677,235.12601987200827,586.1731094815684,351.04708960956015,-0.826325150162253,60.13262900289436,9.577755277915598,36.76908332609506,81.21404862048092,44.44496529438587,-0.12425101699524245,36.53001681980425,0.30189790076316564,35.82052354550134,37.339506355311244,1.5189828098099056,-0.002653287103581771,1.9803524278101778,0.8224413138348169,0.11111133667043327,3.673628519966999,3.562517183296566,0.02372772956989296,0,0,0,0
78.03481657140708,19.295760859955525,11.716564978609284,113.62069888970895,101.90413391109966,0.38643283460758,380.8997645977867,97.07389251216061,157.09549387046863,611.277980624252,454.18248675378334,-2.536337551084736,58.63556811584092,9.52415517664257,26.955232722881057,81.66973848051924,54.714505757638186,-0.12687774667328516,36.514396206667534,0.32160396480846454,35.75234104299983,37.20639935751082,1.4540583145109878,-0.0037105230447895383,2.052757981932407,0.7673468200917672,-0.26730569986652464,3.654584393264053,3.921890093130578,-0.00593785557693108,0,0,0,0
82.8273566671365,19.62598660864031,38.48990592694059,142.34021978844265,103.85031386150206,-0.029710122727199986,390.3617998378411,86.01642597286362,217.47901883783248,641.1028977498107,423.62387891197824,1.671396105313776,60.90509015456657,10.833534571906931,34.48310407657249,87.82812748531373,53.34502340874124,-0.04499465568869575,36.49610843263438,0.32366636891975054,35.77761856890093,37.11419610723446,1.336577538333536,-0.0010488252481682598,2.0107141567816904,0.6422893363391313,0.5127802900729979,3.3524081427763113,2.8396278527033134,-0.011059785569396517,0,0,0,0
82.3552610210706,20.2484257852974,41.89541729856458,128.77031532604946,86.87489802748487,-0.06638035179086144,376.1396520411965,84.56753614720952,178.78517046816626,562.7047558539725,383.9195853858063,-0.38174856551692066,62.134539922040766,8.401250391499879,45.64294490467233,83.36110896609054,37.71816406141821,0.12264470188150836,36.44756111216923,0.2960624794393381,35.605745652152756,37.161117418692704,1.555371766539949,0.007223000611156885,1.9925092052565816,0.6561172233282865,0.614030337441763,3.3086859940800175,2.6946556566382545,0.003670631124984347,0,0,0,0
76.53970838579001,18.598319490060927,27.2539739158822,115.75296444529089,88.49899052940869,0.16307370535134413,386.2547959786891,87.96284533230293,93.45833712839908,598.6630889224986,505.2047517940995,0.08544185561774115,57.0397799543006,10.05346299663214,32.53898540533531,80.48555427185855,47.946568866523236,0.09101431219808394,36.51661509812106,0.276139201568483,35.72153042212441,37.01161737395954,1.2900869518351286,0.00014019919356919724,1.824214252085473,0.7705482881340792,0.2457217525626294,3.3965176842406706,3.150795931678041,0.0002220820489556281,0,0,0,0
81.7942751191353,18.356671443511946,44.40474694449459,140.31613212851767,95.91138518402308,-0.07125789038497748,385.4986976226417,88.68684809290586,190.7308718284535,568.4148973276885,377.6840254992351,0.6563245600302123,59.78478670449154,9.59908517013922,22.368519003203005,75.0687771910084,52.70025818780539,0.11436635266319542,36.57467470508455,0.277762751865156,36.108902268219595,37.28097023986125,1.1720679716416527,-0.003087356125376697,1.8477335519833296,0.9035524897412451,-0.19073856776961762,4.102515939220499,4.293254506990117,-0.0044074120356198294,0,0,0,0
74.99284608464824,21.397958747877965,24.838664822641306,125.56476063846742,100.72609581582611,-0.23253956478019602,391.4431178429791,102.8087340336336,85.43464259258803,645.6687972059019,560.2341546133139,-0.7437530919521966,60.02424559988318,8.562589247575266,42.136767066966456,76.75259995646181,34.61583288949535,-0.01920972509311716,36.52284798174247,0.339467091363244,35.62684833604812,37.50495034906663,1.8781020130185127,4.918356650084597e-05,1.9173210446637095,0.735470001430016,0.22198516030597748,3.3064971968784556,3.084512036572478,0.0003408311260249784,0,0,0,0
84.79511113686316,19.634682189113942,47.24141081800793,134.5542114094871,87.31280059147917,-0.05880954240069631,374.9570495491448,92.18673536509787,162.75077601066096,610.3598109508739,447.60903494021295,-0.38063659941457767,59.82119793200081,10.939514972375738,35.117781228244205,77.65059944044359,42.53281821219938,-0.09047443083018757,36.41606328403814,0.2842756408538365,35.69489705794323,37.056779292252834,1.3618822343096042,-0.0028002394844140344,1.869190237454471,0.775557846975365,0.17618333465436664,3.8891443702522484,3.712961035597882,0.020011832692723167,0,0,0,0
85.97658821805653,17.197340492505777,53.516953599071854,117.17968349244333,63.66272989337148,-0.20085271608851102,391.6968642070024,93.23211351481758,223.0777823773395,634.6418098330203,411.56402745568073,-0.4819947119657037,57.547387536433824,11.486751218160071,26.895500110264102,84.0560293144849,57.1605292042208,0.16842655593579292,36.47833117786458,0.319911904431013,35.69842065352486,37.11565242392188,1.4172317703970165,-0.002438139981271917,1.9908509965151406,0.8371900002397314,-0.023828790968706492,3.8971063275628794,3.920935118531586,-0.005674689867727604,0,0,0,0
76.9676947997555,18.78189646668518,31.13207917577371,120.44532275481075,89.31324357903704,-0.035410712552393225,418.9893114171716,99.02858490767107,193.27005220552107,624.7083576220682,431.4383054165471,0.4620225076042446,60.33334903322537,9.390897911447727,35.56478653224918,78.46443008802821,42.89964355577903,0.019320647202366564,36.52344741361745,0.277413299636406,36.04136609452834,37.322503344943236,1.2811372504148935,0.0008092859530995682,2.0635743827731963,0.7568286303273393,0.278810870871673,3.9855768689706057,3.7067659980989327,0.008195833285006573,0,0,0,0
78.35160719891456,16.905479597220438,41.167671256465454,122.51103545112393,81.34336419465848,0.31505836356852013,397.1374278536881,103.11138338252357,113.78292977144321,627.1989402755468,513.4160105041035,-0.7318039707355721,59.99074490140137,10.864365133663874,29.368546853337143,81.32816320807675,51.9596163547396,0.08402066148315815,36.51729667894808,0.2927516645974124,35.79564551253749,37.037446007298335,1.2418004947608452,-0.002856572058064759,2.1506738542370125,0.8364815346289005,0.6426058810819084,4.244194388504143,3.6015885074222345,-0.005800640449829003,0,0,0,0
79.68204698905286,18.527415292945662,35.857007526869495,128.77484240673556,92.91783487986606,-0.17212476957039305,396.38515178500717,95.75196518070295,205.9857404758385,590.6801898777212,384.6944494018827,-1.216942312449763,61.39866737673836,10.374641693084504,37.4525315874893,84.53016169998429,47.077630112494994,0.16144585541729528,36.46264687262493,0.26615858110840557,35.95987566601888,37.209439943021785,1.2495642770029036,0.000444000461805248,1.9369035550566256,0.8102215301576726,-0.11478753384833507,3.698324638044066,3.813112171892401,0.004990223684192284,0,0,0,0
82.75334543630179,21.153000209563093,21.19201355796305,130.62748374669323,109.43547018873018,0.2236545900328588,384.7659194938349,96.52493890505312,137.9886147064595,547.152883285472,409.16426857901246,2.3683636620408897,60.32534606858193,9.439735438235639,38.12012835002083,79.78879980273916,41.668671452718336,0.11760353837567626,36.43938738230253,0.30986165783121616,35.93528442119154,37.25604637215232,1.3207619509607795,-0.0033321976906210585,2.089194591125501,0.8785706077416361,-0.7660630893228202,4.404213261043663,5.170276350366483,0.0038316819119122766,0,0,0,0
79.06684946736443,16.834751519178194,33.030810166084656,109.16609748440692,76.13528731832227,0.24201516161841588,411.84328820408393,98.16123442399159,237.41737176961,606.0231741473474,368.6058023777374,0.06246730160828408,61.061454194209446,9.484095261715467,32.121671045898424,81.71283218773061,49.59116114183219,0.1484553193858656,36.460332655057556,0.3210016796152579,35.61063173583856,37.35540068527526,1.744768949436697,-0.002145770965758353,1.971289603079702,0.7865814147889099,0.10716030748036287,3.5268846382569627,3.4197243307766,0.007202371365781369,0,0,0,0
84.13284182809892,20.052834719920835,28.638624624135502,137.94019379276915,109.30156916863365,-0.2091435871288947,399.03447665646456,82.93825454103062,270.42611578559814,617.2704064196167,346.8442906340186,-1.8302768747230416,62.823919199676375,9.341376424416495,40.17103096930396,87.98033070266968,47.80929973336571,0.23627171901949962,36.47016753614999,0.2921995861716684,35.70088592055398,37.1122574809289,1.4113715603749242,0.002221858053598291,1.9911267936746129,0.8958302035700478,-0.23635099524458836,3.7874978589421113,4.023848854186699,-0.00878833780436201,0,0,0,0
79.10128507064559,19.115629710520256,38.350209654269634,118.18512592885536,79.83491627458572,-0.16938678577366784,387.27555823383705,100.44522630617018,151.0289557740402,596.9044814348925,445.8755256608523,1.3758330079306509,59.53202496989984,8.204584384912192,40.270608720602965,82.17018433743465,41.89957561683168,0.010135459369503578,36.493665811652676,0.3497644760045454,35.78584146662641,37.24164653666856,1.4558050700421532,-0.0033810231269303936,2.170241169651349,0.7435561958371736,1.0188984606375424,3.875385945486518,2.8564874848489756,0.0004105201420631784,0,0,0,0
78.64964437242992,18.661630850868736,34.822577531387076,120.90311995416184,86.08054242277476,-0.14724540201617062,370.9298765062368,87.30161207545868,152.0250641774532,591.626584409784,439.60152023233076,-0.6470496580718584,58.425337541884616,9.29119527381181,34.419673889332145,79.9792354582365,45.55956156890436,-0.0360414873244881,36.474081578132534,0.34621284094700194,35.64619168981964,37.23746725560489,1.5912755657852529,-0.00984869774068351,2.0133516233899544,0.7969489177249623,0.12622009100371478,3.4717240973363523,3.3455040063326376,0.004598775142254039,0,0,0,0
85.85316804341277,19.539812177819243,43.78918068703412,137.9668073605673,94.17762667353317,0.18636996677450893,396.9798453950822,92.26620813147244,239.32724668725993,593.1015237254554,353.77427703819546,-0.21583597106430522,60.19317227498465,10.026696034665889,38.27505255902261,82.3899659473013,44.114913388278694,0.12145992395569594,36.466514288408554,0.33949495497937393,35.77986419996712,37.069176408500766,1.2893122085336444,0.0012721636169097023,1.8086121649657574,0.835646679498964,-0.39949856934299577,3.814804195526748,4.214302764869744,0.004081977336939056,0,0,0,0
81.24805019087206,19.655595817758137,37.612467512537656,130.41962649223632,92.80715897969867,-0.09752558611978071,403.73616071762393,105.33776589541058,167.043216132947,589.2427000209282,422.19948388798116,0.6695008169239184,58.90419221009113,9.796817254482738,36.43095063039705,76.52949824739194,40.09854761699489,-0.02273378543011413,36.54840090811994,0.25362069181328806,35.93144801426246,37.1292771926601,1.1978291783976402,-0.0042553716995681265,2.0937879430537634,0.8877506025371529,0.1878124874742304,3.8665839073212824,3.678771419847052,-0.002112205550109346,0,0,0,0
79.06936560004664,12.957194974104228,54.39354606607103,111.53918734375401,57.14564127768298,-0.24012413743534433,412.3149085831103,96.92704871819984,214.9082633058062,607.3393855260948,392.4311222202886,0.20481664841641584,60.175738317971124,10.79857451039849,28.94133126968612,83.63077755035741,54.68944628067129,-0.0445590677510311,36.43805271371815,0.29633191124614544,35.81451348413006,37.20930199933213,1.3947885152020731,0.002234874261618259,1.657903082894463,0.7200909702349011,0.17047122786298896,3.6142497065041974,3.4437784786412085,-0.00623679757449227,0,0,0,0
84.28486509692566,16.20661215157985,37.20639015839094,119.23068914339497,82.02429898500404,-0.1180520794699148,394.5122754735359,108.95017707850333,143.1921166715549,734.568202877949,591.3760862063941,0.5395495823308407,59.02590565358234,8.25398876610346,42.40862292155964,78.04185239479375,35.63322947323411,0.05439355840073921,36.45155358065971,0.25444650586224216,35.98641891394321,37.10454088314525,1.1181219692020363,-0.00040424511416239895,1.9795325128234966,0.8585181632344,-0.14888279147234185,3.797556448256909,3.946439239729251,0.01620026985048928,0,0,0,0
78.09018846781235,19.227619698252802,27.191881188692612,112.33356345080729,85.14168226211467,-0.010416914995894606,405.57170851195565,89.37775005955343,206.71711394095303,641.3312333062647,434.6141193653117,0.9465467026407378,61.83706125869483,11.322544264911219,41.131571701896654,80.30614917035562,39.17457746845897,-0.007765747803438701,36.490068824671695,0.31901186659259567,35.439699963430975,37.131196963648755,1.6914970002177796,-0.00014990379919081742,2.086588943414365,0.8006382324121579,-0.23613106650570748,3.918895738573339,4.155026805079046,0.008224125961041173,0,0,0,0
77.76944452954925,21.599444824763935,36.26247592464247,122.46122156087655,86.19874563623408,0.18170417501602798,394.7437518306654,106.07596126013286,197.84781952174893,644.308947756431,446.4611282346821,-0.6689468276405807,57.37103866637815,9.195286740449381,38.904276364941396,75.00095225197774,36.09667588703634,0.09608721667135722,36.4430071384358,0.27523044727344126,35.62746444451307,36.97224305354384,1.3447786090307687,-0.003334388888132648,2.009128960225307,0.7589333318877237,0.27031990880817247,3.6293986918915384,3.359078783083366,0.005471254502058184,0,0,0,0
83.01995910490045,19.935611371765553,38.62840753014745,139.0048659785782,100.37645844843075,0.09999831751480061,403.44918542378446,98.09828775249612,122.29334343125834,599.7735465207636,477.48020308950527,1.191266047187347,62.885762471844394,10.598105858499885,43.37401724630337,86.09864412716294,42.724626880859574,0.18030357507911499,36.50764881186776,0.27289028451183184,35.90541126694025,37.10477792938752,1.199366662447268,-0.0018605960988975576,1.9363573080936343,0.8410186491044366,-0.017012365046746414,4.08066001229165,4.097672377338396,-0.006591880171055496,0,0,0,0
84.57135851948152,20.319746474772185,38.671582282176416,136.73379792753232,98.0622156453559,0.3748654733382361,383.0613026596066,108.77401818101626,175.3686277395203,553.5845482473785,378.2159205078582,-1.9196423615795464,59.791308872116595,10.420199283798881,37.26818921354888,83.3668089285571,46.098619715008226,-0.004933185866792517,36.4920415415145,0.2692072519775375,35.8963654851325,37.0970055527504,1.200640067617904,0.006913899443310984,2.0905410697567195,0.8876512030701736,-0.1638096968204561,3.6283469569810873,3.7921566538015434,-0.00146086301011772,0,0,0,0
78.09315186116157,18.075896659974774,29.568605876350233,112.30392491398591,82.73531903763568,-0.13601777895448505,413.1907626991266,114.6732500080042,144.6365911585791,641.0316736723609,496.39508251378174,0.044973069198525936,60.253001292993176,10.389935459949609,45.50204093223133,84.55510279440574,39.05306186217441,-0.23498800429127392,36.515856115484695,0.27738602032439824,36.03496006498364,37.085305655184534,1.050345590200891,-0.002158347569942149,1.9438990305488992,0.8409866577986064,0.09258743822366133,3.8920099930461984,3.799422554822537,0.0017843776939428918,0,0,0,0
79.68486695461536,21.965217261124334,34.06125424967867,150.74480268986923,116.68354844019056,0.25731288540983344,399.2669106743186,96.56155913675126,174.62131923731783,629.3644904784662,454.7431712411484,-1.726484298665468,60.39231270280376,11.477089432818023,27.876833407648526,88.55209907748235,60.67526566983383,-0.07344975211810478,36.49087603504302,0.2961011577552943,36.015850949136336,37.192878403357746,1.1770274542214096,-0.004979039480402247,2.0581282615206438,0.8390988454158322,0.09462199501330382,4.284102116399932,4.189480121386628,-0.0018814941213449263,0,0,0,0
85.93500459492277,21.461391364398786,51.00203754627903,162.88189854503574,111.87986099875671,0.04946035656014889,381.6563066616335,93.99135075347279,100.10323356656852,553.9653061490428,453.8620725824743,0.23758236277051065,58.163259516921634,9.465478728266422,37.0830653587587,75.27710503248079,38.19403967372209,0.011061666306595748,36.511553650742904,0.28643829981392915,35.78037787884143,37.07174463099161,1.2913667521501822,-6.464120108228347e-06,2.152102004038911,0.8171690387761673,-0.1837430987267008,3.8750804302804838,4.058823529007185,-0.007168731311543255,0,0,0,0
78.04322448846037,20.1986911974895,35.18288426271357,123.94194698028821,88.75906271757464,-0.08787664177813068,418.16399141151874,90.77350619224478,176.0456504345972,637.4121796306797,461.3665291960825,-1.3887178329799394,59.43443318597247,8.891402242899089,34.086256068284996,75.82749225803025,41.74123618974525,0.12115369748356793,36.460926008957834,0.3112210334979448,35.693033769423124,37.04441527356267,1.351381504139546,-0.000543220036394087,2.2303909631514807,0.8155689443467362,0.1274563315716426,3.670104894020972,3.5426485624493296,0.00693356290428432,0,0,0,0
81.31741798599931,18.896108367144787,44.78563852725182,122.39725638655348,77.61161785930166,0.015938402863261536,417.8122399060472,100.31170772413789,162.86200215933655,642.1314341585895,479.26943199925296,-0.20964510775274273,60.97053006617465,12.405048748708763,39.32723267819212,97.12342908379301,57.796196405600895,0.25308250737590754,36.5111550931112,0.31083806501640343,35.67885974997184,37.19635111263781,1.5174913626659645,0.0007122679968502016,2.1341961118307933,0.8313851730817738,0.14516157706555277,4.571058918235906,4.425897341170353,0.0003324488369013548,0,0,0,0
83.69727057689762,18.207399860303152,42.04954278102584,123.85337234493602,81.80382956391017,0.15770034907211772,394.45145947961,105.25749604530597,187.1319215165703,673.8747275231799,486.7428060066096,-2.0980345510799485,58.41808209722786,9.322993119550366,37.513399159149145,77.91414128699334,40.4007421278442,0.03837177504972249,36.44448744664993,0.2665144949606887,35.741903063714545,37.0230298052657,1.2811267415511551,-0.0018208700513847147,1.9739181065174223,0.7394961769670131,0.37428943351507926,3.531870129002459,3.15758069548738,0.007839944115701596,0,0,0,0
74.26615667883999,19.2418176884613,41.951660687892534,130.93782116314344,88.9861604752509,0.21626341345910124,395.1260239739864,97.96874994009715,141.52697223553542,594.7059845439067,453.1790123083712,-1.4852300238214193,63.2377550215657,8.98425387883266,36.51523778648064,83.21661063099782,46.70137284451718,-0.05765403502388211,36.536940623944325,0.3782010385402036,35.70243836450724,37.21121448018695,1.5087761156797157,0.004443059256339643,1.9087388202605333,0.7699618830731061,0.15761367080772892,3.555005297132496,3.397391626324767,-0.019928812222168368,0,0,0,0
80.68946122349094,19.21843577992295,33.328028110201906,128.14668435732375,94.81865624712185,-0.07351392402956548,394.0419593568945,103.4805748894481,109.04018954350482,561.8224824163963,452.78229287289145,0.7078522432800608,59.41830022662084,9.903921236002434,37.45090883227448,81.92161559368452,44.47070676141004,0.10443549169439499,36.52283728751569,0.2829503212988782,35.80876942780849,37.12001114397726,1.311241716168766,-0.002854200178251725,1.9384274527371925,0.8246723092982313,-0.1915140554672896,4.0027238431690435,4.194237898636333,-0.003968239394517235,0,0,0,0
76.4964176741441,19.469080061223544,19.56817734179438,115.19403995019786,95.62586260840348,-0.18324831908689176,401.26344262030244,82.48264903942508,191.3892813084995,639.21420317823,447.82492186973053,1.0946308973327654,62.236783255712524,11.135100082992064,36.338359749683704,95.04350803293755,58.70514828325385,-0.09978623137953192,36.514653208764855,0.2535994532267392,36.071456647666366,37.210328464556255,1.138871816889889,-0.0007711730418194972,1.899731508627117,0.7956806620214121,-0.10085324433207266,3.3614317843934485,3.462285028725521,0.010447838847670957,0,0,0,0
80.16800772496433,19.77005072472581,29.197923762681064,126.42126556361264,97.22334180093156,-0.009641968068056525,403.9775660483174,99.62201342703531,191.42697892002008,598.4482164254949,407.02123750547486,-1.1684234818933081,59.56151521512583,8.499542402666302,37.935032186390096,79.14618233971439,41.21115015332429,0.11228453925392994,36.52692614458605,0.3068333822417952,35.89578626835369,37.120080001837614,1.2242937334839255,0.0012525847103952846,2.0213497512643275,0.5994100439825788,0.4761055759642454,3.1300585001724714,2.653952924208226,0.0037783622687222796,0,0,0,0
81.88948812405016,21.599858838958497,33.16985287444165,123.0008117718233,89.83095889738163,-0.0992660984673733,403.1082024979267,105.77203554084564,81.6961376006767,722.7971804283101,641.1010428276334,1.0332326384270434,59.8841476491101,9.31205685525488,42.39129529154723,86.62882078508645,44.237525493539216,-0.16029420465902483,36.444679446411676,0.36310913296232855,35.615630436477915,37.23780715651297,1.622176720035057,0.0009105916489851892,1.9755562480633453,0.7552010942530493,0.19436055906014005,3.6540010291218583,3.4596404700617183,0.0008108296176810307,0,0,0,0
77.04947244123031,22.962011142881305,31.35389649090768,138.90923737600843,107.55534088510075,0.2668541080041134,412.3521704997339,98.89026806938611,170.0739510367719,601.8681313943964,431.79418035762455,0.7375300380361816,60.33143061501337,12.478441900927198,33.87355734826319,93.02858784186735,59.15503049360416,-0.09925126219523692,36.463880402533256,0.2936761534942498,35.84183839891215,37.001429888874675,1.1595914899625228,0.0005091447321784597,1.9613812917757745,0.7316382966194338,0.26355667805395755,3.617006343027145,3.353449664973187,0.0011135982755618168,0,0,0,0
74.74953883416049,21.793145026430096,20.92834797817902,129.99772939844487,109.06938142026586,-0.17683360438596044,407.1463045976653,110.94067794124004,178.89994245035732,657.4689452806538,478.5690028302964,0.4591797567044121,62.04745151506532,9.317157012736976,42.046034309912145,83.7199230568812,41.673888746969055,-0.05814418960669257,36.44066482382419,0.3180545688410614,35.57171371366768,36.99784539220413,1.42613167853645,-0.003909965926341831,2.0343535663157586,0.6358192602490564,0.5260985220585654,3.2771721166205516,2.751073594561986,0.008595066095439393,0,0,0,0
80.11499910014462,21.920160395115598,29.966066443092522,124.2656748463573,94.29960840326478,-0.28771376191287107,391.29536960019703,105.06315730465985,174.65571809973227,617.0992404011405,442.4435223014082,-0.0028920828993055534,61.919884259690114,8.642336570493079,44.25588452035475,83.24779273489666,38.991908214541915,-0.018276294997028097,36.495575784191125,0.31805532445077306,35.85369214786005,37.646157579769614,1.7924654319095623,0.0025905199775142526,2.1113063831571295,0.7622522145065324,0.4294799039225796,4.083221703882693,3.653741799960113,-0.013705802047625948,0,0,0,0
81.76532338758174,18.907963768567566,47.85384503523675,128.26070063207246,80.4068555968357,-0.11654957512372495,389.2688926963173,103.60118215989002,142.57071530896826,648.5728292886256,506.00211397965734,-0.2614646273520363,57.78537160547958,10.050846509940444,35.95421185806943,78.4890150530662,42.53480319499677,-0.005313714633227675,36.498057620134084,0.346409677901634,35.607659129904896,37.11300099757141,1.505341867666516,0.00068848000851001,2.0789631757601352,0.802857047714914,-0.08298654228246694,3.7970509780233646,3.8800375203058315,0.004946358593654102,0,0,0,0
82.45216454260684,20.91176802946393,26.526883895895246,130.44956010385056,103.9226762079553,-0.38756752371747094,414.3970764684236,108.66295757861995,191.3872421515291,670.1539151955571,478.76667304402804,-0.21623065032382258,58.659497225881154,10.23000718365517,35.2167664994219,76.11691584950955,40.90014935008765,-0.09357482331579943,36.541837464180716,0.2957896534061461,35.988066272596505,37.24819446803322,1.2601281954367138,-0.005277730027905448,2.097191579825832,0.7107495310216889,0.6975135323780262,4.351053948134428,3.653540415756402,0.0033458977984750352,0,0,0,0
81.40378288383803,23.044677792290358,39.247492117911705,137.76420367585874,98.51671155794703,0.32081247821847136,399.5263328286687,89.68590204293794,205.70172808291147,565.3699701592302,359.66824207631873,-0.4941764120292945,59.93684485823405,8.539703634021274,39.80114089232778,77.80284167245875,38.001700780130975,-0.011487354976691094,36.52176565496462,0.26813949913622676,36.073500776723996,37.06702491866882,0.9935241419448246,-0.0006814884783611215,1.907521037333847,0.7953418455186885,-0.005720610857847586,3.475355845373964,3.4810764562318117,-0.00793043149620784,0,0,0,0
76.91219192437917,20.698812767912383,-0.9545162278763257,116.30429698559084,117.25881321346716,0.31425648525353556,421.25717957504776,130.7831120578827,164.79901330443468,670.5055884885081,505.7065751840735,-0.03707501487693688,58.315488935488894,10.442068709391737,35.13302988131268,85.36051952785256,50.22748964653988,0.18687153800889952,36.45710614262375,0.3079647312928555,35.653117344034,37.14585013399371,1.4927327899597103,0.0030185098420359062,1.8288760750034883,0.8084295464873655,-0.19968238165345387,3.441392606157512,3.641074987810966,0.003879382668734018,0,0,0,0
79.55179954552543,20.719095470377866,19.675649742257384,120.70712435431872,101.03147461206134,0.13699414436879848,410.48610158158755,98.28428927118125,171.696122056626,599.3634574966441,427.66733544001806,0.07150191017637757,59.78742212573712,9.344061624663166,42.07820130566323,78.66260454449677,36.584403238833545,-0.08921597253778872,36.56268954793676,0.30886968005919135,35.9162692390378,37.372140756723766,1.4558715176859636,0.00026892591741625553,1.9309189432063902,0.7873584365165007,0.3791238809318591,3.7222287585158416,3.3431048775839827,0.002430761046980018,0,0,0,0
83.63507808381245,19.766088671453975,29.858798245772107,126.37546250474591,96.5166642589738,0.05157685539571328,402.23354547054026,104.9992244376384,178.17656711710842,605.5443896454794,427.367822528371,1.5675762263013275,58.18476615324316,10.940252240086783,38.779544536376385,84.37274621138732,45.59320167501094,-0.015051984614547013,36.48965091360694,0.3045173742230244,35.87936924485638,37.33154965122766,1.4521804063712835,0.0018480192975816453,1.8512729409694586,0.7758929689777838,0.15283320267821798,3.4976008409118604,3.3447676382336424,0.009036120864164231,0,0,0,0
77.99607464080998,17.852141566674177,44.23922945397996,110.64587088258637,66.4066414286064,0.11945697169391663,402.6157233616319,102.49982539545627,223.45790032205204,659.8622792937258,436.40437897167374,-0.9509152321737997,59.3218567326189,8.770330447144381,33.39409303044428,76.60601673105954,43.21192370061526,-0.02346629887094098,36.53937993148872,0.281921244243199,36.054594964608604,37.142395294582165,1.087800329973561,-0.0033820155275834677,2.0754289590215182,0.9906927755229546,-0.2821898208160114,3.8948744226415277,4.177064243457539,0.01179988516235521,0,0,0,0
80.92967352668589,18.27394605171334,16.89154712578008,118.32763333935927,101.43608621357919,0.2659413990626109,392.0946339547009,85.08605269052866,197.1725718077427,594.7552075925977,397.582635784855,-0.806070865348424,60.89220041441122,10.062220569447433,35.6798911031399,81.3923055502383,45.7124144470984,-0.14119867609944317,36.448403037952595,0.25995605060367566,35.963339376664784,37.13811348476976,1.1747741081049767,-0.0008962803110641453,1.8029053424462649,0.8397079209324346,0.2684300485233262,3.5596515040113204,3.291221455487994,-0.004703872393858481,0,0,0,0
78.01566417009263,20.673363399244852,39.14409033208752,136.55077816871588,97.40668783662835,-0.2013926385052664,395.9289062127695,112.04443453273844,121.0670156109353,696.1847113687286,575.1176957577933,0.2785051501821112,61.28790164461633,10.181735351374684,35.23360868276679,80.48526862097172,45.25165993820493,0.1281943620825863,36.44917639904102,0.30699577049413057,35.8836540419303,37.17719245350281,1.2935384115725128,-0.0017122558388558042,2.1527485203779166,0.7448092128850805,0.7291675898245917,3.8930084794716677,3.163840889647076,0.005774617948554396,0,0,0,0
83.62452847061105,18.268650928632244,47.01725308965331,124.41993103070047,77.40267794104716,0.09423046390406617,403.54831839632027,112.83853313921523,158.01258357267196,795.3791696460019,637.3665860733299,0.8060139550356847,60.563219429548134,9.951680104021879,40.59574187137973,77.55579294535805,36.96005107397832,-0.043824494205642404,36.518547051293275,0.30230001512344884,35.84313616307929,37.28293843516968,1.4398022720903896,-0.0011856633274353887,1.9870534499427726,0.8168487513921167,0.45401847502299875,3.6349194685448225,3.1809009935218238,-0.010954444363946126,0,0,0,0
77.38174163681909,20.540733522513253,33.32712255354372,122.81267129317064,89.48554873962692,0.1641830930501474,405.1805192455282,90.9994748734573,251.70349433232775,640.2389937151556,388.5354993828279,0.44718189509725936,59.28972820820267,9.104218738732248,37.53015209704837,85.49318996252933,47.963037865480956,0.059769485733601135,36.5047641219468,0.28012735030620134,35.867888819779516,37.18917260763319,1.3212837878536732,0.0022241234681020937,2.05086189510446,0.727402756754892,0.5787849448783526,3.57076402144999,2.991979076571637,0.007901739993413518,0,0,0,0
84.3004985336409,18.951839847032065,38.8420023413797,130.36798403947296,91.52598169809326,0.21613378291515883,406.0361069712076,103.18602154664818,161.48288644505868,666.3526442601212,504.86975781506254,1.2513290337618372,58.67994660560443,10.790733458247837,30.655717162666733,79.24384485821085,48.58812769554412,-0.1424219431593556,36.51895340665466,0.2942147248876141,35.75495159328341,37.1552884833573,1.4003368900738948,-0.0015806746078920332,1.9905436770587577,0.7226227606655692,0.7020616931322752,3.377774698842071,2.6757130057097958,-0.006884981243254091,0,0,0,0
78.691825716421,21.025019759958212,34.93945900906098,128.23478461452765,93.29532560546667,0.15535503058837616,388.8684399469499,105.66849194579721,83.03165562960578,643.2684408652166,560.2367852356108,-0.43351462301846305,59.86443623371639,8.23849945679218,40.94668622517312,84.02885076949977,43.08216454432665,0.1048087747062359,36.50555196819988,0.30424505429991605,35.71677054007098,37.42655739817006,1.7097868580990792,0.005207759559867015,2.030459879579075,0.7563308064433611,0.414961745372483,3.4752136184610354,3.0602518730885526,0.00960381909631136,0,0,0,0
81.15999328814195,18.901913091242772,42.48219526658525,130.37357752633963,87.89138225975438,-0.24941897602742866,396.84415592340935,102.45878442648439,176.2922141675137,627.332733362328,451.0405191948143,-0.12526007908782716,60.0285220896971,9.865884757617462,41.386919238842744,80.7918899609637,39.40497072212096,0.04515325641730383,36.52245240941694,0.2991250000892111,35.79405869487703,37.19163757676645,1.397578881889423,-0.0011844431843755262,2.06095763894844,0.6946085125204132,0.6594211845865663,3.7968320700875062,3.13741088550094,-0.0025214669680256973,0,0,0,0
79.14438125041414,20.710659367989958,37.6781299947736,143.06876417050526,105.39063417573166,-0.3043087245489199,395.1565808409263,95.04489342972158,182.45620463393735,561.534128491033,379.0779238570957,-0.44695242125636075,60.14123874587489,9.240851988394047,40.43898964821234,76.16605497483238,35.727065326620036,0.07943418960913078,36.49842616316792,0.28226056887832757,35.64647567056231,37.14795652784625,1.501480857283937,-0.0024331802250081554,1.7772545381715088,0.7063673744484391,-0.44142589337944926,3.436263161266634,3.8776890546460834,-0.012003473234131446,0,0,0,0
82.38923419265458,19.933061957768054,27.91352779526388,136.14160922663217,108.22808143136828,0.2929169689174243,385.53628620688505,95.0553005041905,211.1877128891938,616.6945142234528,405.50680133425897,2.03687355263156,55.78587874267947,7.846303507446352,32.10253988165702,75.7669103130705,43.664370431413474,0.03391523806252633,36.4844023799582,0.3240916280838992,35.73036508965435,37.118334081320164,1.387968991665815,0.002519505149263502,1.871518897855898,0.7845312483374015,0.281033695594024,3.3162761366706857,3.0352424410766616,-0.008039334177798216,0,0,0,0
80.19678738636415,18.897511905358982,25.934758395969844,127.42599655264053,101.49123815667068,0.569401478839224,387.61208988493314,91.94923193644681,165.7291904483015,616.8166753067185,451.087484858417,0.927910599106719,58.81438166889578,8.29978349100203,45.056230999461064,82.25391617022973,37.197685170768665,0.0037448177311154695,36.46168821080816,0.31812214545790174,35.73676460375328,37.054368591459216,1.3176039877059367,0.0017915887449037634,2.08692316122474,0.6747006252678452,0.4954543092159347,3.349624111341768,2.8541698021258335,0.0007489960914397371,0,0,0,0
77.11903351366325,21.007743785881292,28.186901302533123,116.61172216349468,88.42482086096155,0.13241889664863574,404.3484098820268,95.37907661395884,182.43711677814792,619.2793542645711,436.8422374864232,-0.46087629930139307,61.85474954575033,7.284359481544802,46.6047818451604,81.57659637336074,34.97181452820034,-0.05827582222964597,36.58974415276519,0.3178602632916753,35.659585765521946,37.24037836410083,1.5807925985788813,-0.0035190660320406934,1.9144811802083044,0.8549067880353257,0.12781203454116996,3.8629952168847845,3.7351831823436146,-0.005363274410861272,0,0,0,0
82.72306407261917,16.226822113618912,36.71387342018555,127.1944016892894,90.48052826910386,0.0905240813842649,398.7604840564997,104.18274469096946,132.15659193526204,611.3897115145244,479.23311957926234,-0.8464160404612061,59.62192734617565,10.732209768839692,36.565278252340036,84.34797847250732,47.782700220167285,-0.05004034759495463,36.55116819801607,0.2883777544286984,35.86319601093997,37.09981691171335,1.2366209007733744,-0.003033533597682513,1.7338214170724298,0.7968609255746172,0.1575469694432179,3.3093548552650938,3.151807885821876,0.013350871563206461,0,0,0,0
82.37592707705869,23.37547857486546,36.05887579235471,145.54065947116445,109.48178367880973,-0.17686520032811706,394.75214524420494,93.92615600946722,194.4904805366614,591.4123257428259,396.92184520616456,0.9838798740619273,59.71980105805515,11.256545089450276,28.606915079750035,81.24172484917798,52.634809769427946,-0.20495228491031714,36.55497693619718,0.3531493735509934,35.6928123020146,37.1988336459519,1.5060213439372987,-0.0048621797408653555,2.0810055384587667,0.8695438094889819,0.24260712265591433,5.078488433319405,4.835881310663491,0.003404548151660563,0,0,0,0
80.34170064496954,20.340307470335425,15.468303165265425,130.05484836357067,114.58654519830525,-0.20460641732602064,388.64671130630813,90.26758861884909,101.60165046730776,541.3403235841819,439.7386731168741,1.2315550779510136,62.20742128932863,8.539753938967726,44.677982443444925,84.71138539089947,40.03340294745454,-0.07761916488730738,36.530488682217694,0.2656211934803385,35.97846926746599,37.05421910799,1.0757498405240113,-0.0028785223493900695,2.162179356353859,0.6965181641164876,0.875442830452346,3.3864178155684383,2.5109749851160923,-0.01548761179931794,0,0,0,0
83.1814320207031,22.868286809960164,41.63474828994054,134.03581542075108,92.40106713081053,0.22278195580928992,384.51479687235684,87.46365871109955,186.08354928166432,603.9667029561966,417.8831536745323,0.6622022399838012,60.215787546715184,9.906308667546918,39.594237794987464,83.42359020902126,43.82935241403379,-0.15437293609265354,36.51750515788258,0.27354779573349436,35.90565061223842,37.022750740718905,1.1171001284804873,-0.00043823591743044903,1.927954929849345,0.7804705091343739,-0.026325121936465745,3.896387229786103,3.9227123517225686,0.0022995791488221048,0,0,0,0
81.25548943810675,20.925921336183904,41.01566520058841,125.07868171591622,84.0630165153278,-0.15257168266894172,397.3458071644459,115.04619312968303,115.0021873468549,659.6931402489985,544.6909529021436,-0.9221988010506104,62.462820929672546,9.875512568412338,43.797474662208806,91.6844917136642,47.887017051455395,-0.08522811396336437,36.53733235697057,0.26326442142206696,36.04539121714697,37.062795969959886,1.017404752812915,0.004074983179528139,1.9165987034209637,0.8806009875889925,-0.11111706243580066,4.502364793283354,4.613481855719154,0.017636236704807615,0,0,0,0
74.15416045954487,23.02255056390609,10.975935547460395,116.73553409641166,105.75959854895126,0.12584909389511836,384.00002847274874,90.50518824807122,196.45221377178754,605.3356640774268,408.88345030563926,1.3466227627013267,58.34445071377918,10.24090311781615,31.007726003399178,81.83469621349441,50.82697021009523,-0.08632880617086022,36.46712970230029,0.26162981259457396,35.82072770229685,37.01804253165611,1.1973148293592573,-0.003101905228133131,2.057676922256156,0.8950506561962561,-0.29317597179173127,4.709215603359304,5.0023915751510355,0.003199034717631087,0,0,0,0
79.50148624999932,22.600638692609046,22.197364248931997,126.6080555582702,104.4106913093382,-0.4102995563367515,391.33377276136235,97.04069295795942,151.89711220754725,598.3322512397989,446.43513903225164,-0.8579418519509815,58.91053083197813,8.795304458524628,39.454579406219935,83.34322907328404,43.8886496670641,-0.0834875988552513,36.487706165862114,0.2843864800128939,35.84781730322654,37.19007305297461,1.3422557497480696,0.004425639360572401,1.9809132512792187,0.7680286044041795,0.3281400215459218,3.3998575681641903,3.0717175466182685,0.0012869699069672853,0,0,0,0
91.86564973010236,18.592597659375027,56.980589906767975,138.3465315206682,81.36594161390023,-0.19708035351758973,399.16774386222903,97.46222159761595,82.74513884767453,650.6560900981544,567.9109512504799,-0.42317975890621384,59.32020442325866,11.877432806693585,32.433570603538975,90.8633217112349,58.42975110769593,0.08043365829308954,36.48457145143199,0.3027753925994612,35.74518100561515,37.17572455633255,1.4305435507173954,-0.004206427883166911,2.221304293887386,0.7418662603016286,0.8342497039571857,3.630343499980544,2.7960937960233583,0.005201974597000659,0,0,0,0
77.80415447563375,17.485113152078725,37.743348535676674,128.1068862885881,90.36353775291143,0.2881915074228597,375.5481351192204,90.51842569758112,163.19537289275297,593.0080308649763,429.8126579722233,0.25343248396284834,58.9545435550523,9.57658337614412,42.34010545466741,81.56702367694967,39.226918222282265,0.02557398849516033,36.48058244321915,0.3375551956223752,35.85474506951316,37.462302480950164,1.607557411437007,0.002874152173600335,2.1427658804016194,0.8670159630331171,0.14524488800840518,4.09917721842584,3.9539323304174347,-0.003829933946674406,0,0,0,0
82.08438182004265,20.829472019252126,38.305296086274076,143.25066287756292,104.94536679128885,-0.22968505440510975,437.1143472636907,104.0837966311702,114.53269442487965,760.9099164680005,646.3772220431208,-0.05395757244184824,57.328280166853695,11.535313382668678,32.58672718832079,77.80195442268389,45.2152272343631,-0.08318332726605768,36.445096250399345,0.28953135229486165,35.74524456208935,37.09172314742555,1.3464785853362002,-0.0038434430687531544,1.91926389871445,0.6176664935806274,0.7627505963322192,3.0551808944896286,2.2924302981574094,-0.002299626172918459,0,0,0,0
81.82101311583295,20.130994161365663,34.881888522433584,113.53267901492242,78.65079049248884,-0.16527860489441873,388.8734215798229,89.11630972153239,95.49274550217615,593.5819377437193,498.0891922415432,-2.111274150770786,58.08750562678611,10.198733719059968,33.795375538033056,88.0575549373348,54.26217939930174,0.0292129895139163,36.448713962618044,0.27717552466040674,35.86272547954402,37.050007512828316,1.1872820332842977,-0.0017388983571619404,1.9007929686868965,0.8340615901330541,0.14464051974862246,3.9580663953774264,3.8134258756288038,0.00752107809572419,0,0,0,0
80.04976226721926,17.564882437502163,33.847314345259505,121.0133601186835,87.16604577342399,-0.047769607210480756,398.3528112834857,93.98905984637626,248.44187960494932,659.3725536544066,410.93067404945725,0.30073526349513263,62.66393958358344,9.033509195569438,40.90210385726087,84.81716419931551,43.915060342054645,-0.04008254653677052,36.50251239651819,0.2940855249273129,35.86622712012589,37.23001246693499,1.3637853468090952,-0.0009624650057593093,2.0565108894692554,0.8300147235511606,-9.717333361214386e-05,3.660614815824287,3.660711989157899,-0.0034386300296266434,0,0,0,0
79.6157851614855,19.69761612681603,43.034065579360956,122.1204007764743,79.08633519711334,-0.28790916374829917,387.72283033500355,91.76191553529381,171.02574585430483,563.9597768888933,392.9340310345885,-0.18798579763427667,59.33907762552862,9.812479289593888,34.004751141190695,83.8355090557021,49.83075791451141,-0.3494733925945038,36.458499802737244,0.2874586669100403,35.89467844485364,37.08608941162644,1.1914109667728,0.0014046422611792412,2.1281734446885956,0.7369148859185947,0.7075099986547431,3.523969067890022,2.816459069235279,-0.005313582967758833,0,0,0,0
78.0734408041951,20.239752269992138,34.929656864858,132.09899436291508,97.16933749805708,0.471248693066941,393.4439843010825,112.25432855670653,228.48243554491728,762.7863774165384,534.3039418716211,-1.1777765435527077,59.846675592936,9.756819553028016,36.73164610307499,74.85951656287665,38.127870459801656,-0.031041797341992167,36.46091474476,0.24774814732522055,35.948697781729685,37.11321649569669,1.1645187139670057,0.002461150545026127,2.2835291022295277,0.7156945638831389,1.036896704483111,4.683411961770613,3.646515257287502,-0.0006478443744629771,0,0,0,0
85.08520709790429,18.018781476633453,53.75040697649272,118.60425982225061,64.8538528457579,0.0598814479226263,418.0891241308298,77.42017367250166,258.2747541153963,596.1185752200334,337.84382110463713,-0.0029438925777049954,60.64811854258651,9.862919961787739,39.60637012906457,81.88054466142212,42.27417453235755,-0.03214541038892469,36.524630648768486,0.27565177961441784,35.86531810133077,37.07701072848212,1.2116926271513506,0.00030904147328198833,1.8474664058367336,0.7788253201382064,-0.5855116401848162,3.2851760870658016,3.8706877272506177,-0.0016815252142964323,0,0,0,0
77.9419818524796,18.976855237081207,26.397036392424496,136.61366883880618,110.21663244638168,0.057429080468835096,387.57168542696957,102.56675563416853,183.84493798598967,679.9196759191043,496.07473793311465,-2.862594345922185,59.66621316383442,11.143076980057666,35.7990712180226,87.14265428932455,51.34358307130196,0.008480127230355943,36.49046662763246,0.27405698544634405,35.84803995176458,37.0322946735325,1.1842547217679211,-0.004406149127924402,2.0596329221503287,0.9244342728617222,-0.1301579427544497,4.184906053148163,4.315063995902612,-0.02052083012631968,0,0,0,0
78.647445037825,15.069877460590396,41.27767227042445,111.62500474092262,70.34733247049817,-0.14808717741079774,389.75012296567826,92.8110860059268,124.83720598296247,637.1376361688634,512.300430185901,-1.7941932028289025,56.799559827711526,8.8614075775611,32.145401941881445,75.55015766948253,43.404755727601085,0.1276866172274787,36.50007357905777,0.32725034820596627,35.75515270193812,37.18207508760471,1.426922385666586,0.0012383368581194865,1.9975242570925937,0.8798009699138593,-0.5947767924187572,3.605762406992105,4.200539199410862,-0.015153001484364862,0,0,0,0
75.48623987424449,15.241127470573721,47.193139424938934,110.96755560320895,63.774416178270016,-0.29058130986626096,383.4658947633889,104.06739070246442,118.36170554555065,660.6493486936965,542.2876431481459,3.1128627908805737,59.30276550329249,9.520271079208351,35.28682246772925,85.36645129535867,50.07962882762942,-0.013226999461492224,36.45195245996028,0.3094581202069071,35.877064244179884,37.11949234836137,1.242428104181485,0.004127493763611202,1.8439655202633716,0.5411969380819815,0.5048859387563713,3.2870228563219337,2.7821369175655626,0.0030516612870299586,0,0,0,0
77.36956890529865,21.29196261839993,41.9079031447629,125.5641698760145,83.6562667312516,-0.11594566386486363,400.99459725052424,117.67029271672094,182.4035180385931,689.2267459884453,506.82322794985214,-0.21430850575484733,60.687333352687894,8.243884367919566,43.57207394717976,77.17209967550039,33.60002572832063,-0.025001781878737556,36.559392469595295,0.3287154407005592,35.72306156104508,37.54695431617046,1.8238927551253852,-0.0002791758612322143,1.9608252934818395,0.8234785020586521,0.1027387374745814,3.7157332194051627,3.6129944819305813,0.0008923451092384214,0,0,0,0
82.50445400045294,20.2548617419246,43.69240938275907,136.65887456217962,92.96646517942055,0.21636554519082332,384.8150724223704,94.04094327051207,152.3738437832683,577.7286803352192,425.35483655195094,0.5542862417619362,58.8212421134117,10.05798183920894,30.311428310517726,74.90859691786244,44.59716860734471,-0.03656085056752207,36.512176380245585,0.26981336275505646,35.97974510653358,37.21911704804169,1.2393719415081108,0.004648121637466584,1.877034535444027,0.7274824312354025,0.2294639344314795,3.5091368654535655,3.279672931022086,-0.007201764373597699,0,0,0,0
76.2893514715507,18.598486592811675,34.25766244871972,113.6001620813928,79.34249963267308,-0.043189709782172944,407.924436573315,88.90449052225777,226.26081812027425,577.4690271251825,351.2082090049082,-0.38945668208866224,60.68099699071957,9.429397559858907,42.845792238556186,77.71628116389603,34.87048892533984,-0.01624410198099942,36.54280776593885,0.2890771585077254,35.880724743826256,37.20209666885372,1.3213719250274636,0.00089836276324125,1.8594776252244076,0.7747113147224604,-1.0428371230855333,3.841570284132599,4.8844074072181325,0.005200856116018835,0,0,0,0
80.94491100114716,18.983582837329347,39.39758590627279,117.52380856086847,78.1262226545957,-0.05096932923824117,386.77858487584626,114.26989959003384,130.34033287098515,615.6946939141817,485.35436104319655,-0.725286324349789,61.93148181186984,8.508126349950919,44.0098856812823,78.40732126899204,34.39743558770974,-0.1707236452769132,36.42929968794628,0.26538975334078924,35.856363647672616,36.98172017612061,1.1253565284479947,-0.004903918790140233,1.9872292926160353,0.8085865187294192,0.03343013919981419,3.5418431842244766,3.5084130450246622,0.000881343684522559,0,0,0,0
81.50491019877585,21.64318856293165,26.55171711508801,125.75847171045275,99.20675459536474,0.14893995626902157,404.67932310689974,108.12000274071116,141.86254309021268,639.973079717553,498.1105366273403,1.6481832990471061,60.24700003564537,11.059830902862776,33.82714896556027,96.68347899526947,62.8563300297092,-0.009325429678969691,36.448205267360734,0.3150759994054639,35.86616037455058,37.18948675250382,1.3233263779532365,0.003021772448882141,1.945464251028858,0.669950022542205,0.9061660416984407,3.5742594744731435,2.668093432774703,0.0033239567196475736,0,0,0,0
83.50263772371024,16.98842796175941,51.93092471943969,117.99591339540102,66.06498867596133,0.18862180079136046,389.1523365684623,100.39865396859196,172.5473905608903,608.8920334671529,436.3446429062626,-0.179506346161315,61.10099772343671,8.134889372073761,41.84554595052804,82.86969240930114,41.024146458773096,0.12067503844821084,36.50542408194753,0.29665166372455287,35.88096400891603,37.37601095504569,1.495046946129662,0.0011456532872662457,1.983015843770079,0.8599333264933338,-1.0697798898203281,3.9336403556296418,5.00342024544997,-0.010081221170384475,0,0,0,0
81.88543717589337,19.211147629489595,40.371122275848926,129.9297265538821,89.55860427803316,-0.05666259896680803,412.301331772285,97.39177334159953,229.15739416738913,621.2768544565916,392.1194602892025,0.6544418682524312,61.83609852448295,9.1902132049005,43.895547215605504,87.11190649671096,43.216359281105454,-0.12386538852560111,36.51614896792027,0.22594595797640168,36.078341084685995,36.94036125880956,0.8620201741235647,0.003609396796070369,1.9921474803504402,0.8058772818853863,0.4250569533386659,3.9211411695713636,3.4960842162326977,-0.008154399248371453,0,0,0,0
80.3178444951945,21.084457773646406,34.34660725433099,130.97786158322495,96.63125432889396,0.21613249392049488,407.9378246849462,107.86205222728653,79.6093498428865,607.3195974978681,527.7102476549817,-0.03965914358777766,59.93552947933611,10.43448758061036,37.39336372698772,83.40293838183479,46.009574654847064,-0.1478391936755791,36.58907198926275,0.2835898550725692,35.809008775782786,37.43031363486383,1.621304859081043,-0.0012847282023961764,1.9874493935199422,0.8182582651523383,0.21407648147452019,3.747264784748685,3.533188303274165,-0.002418377329405518,0,0,0,0
78.50800931588864,18.488540237974846,37.0793428101489,116.00851577700098,78.92917296685208,-0.11889626055883411,395.7585182670366,101.55025603093146,162.4975174280163,569.6801624438438,407.18264501582746,-0.08533397312118303,60.79538565776508,9.237303553397876,37.21528517788866,80.61835664944283,43.40307147155417,-0.1395088624040178,36.537436085306936,0.2522264173368691,35.81797324360713,37.06911295922986,1.2511397156227346,0.0029800018191915804,2.0999037910296483,0.7440513816673915,0.0608965744667993,3.6779508556407325,3.6170542811739335,0.0014587881982935794,0,0,0,0
78.16093346214379,17.555296376109492,46.743804016073746,117.82650439281527,71.08270037674151,-0.34044752249703064,384.6519982308812,100.78101825198334,180.64103310970015,635.9621289577588,455.3210958480586,-0.6339810171013244,61.02304530469789,9.362738288280156,41.903732862305915,83.28008004712,41.37634718481408,-0.09242211148717908,36.51659170663061,0.30295242442410036,35.917676450436474,37.4508607346792,1.5331842842427292,-0.0002632150331328317,2.0352029483858303,0.8189387124175325,0.10986151418098711,3.7679528228442756,3.6580913086632885,4.619677462509156e-05,0,0,0,0
71.73333415293796,18.715047513163473,27.063457870469783,114.30056124999626,87.23710337952647,0.10708582247577073,409.0856521458991,91.42080631243812,242.83562334362747,617.3128667697829,374.4772434261554,0.8881537318006119,58.33901412239021,9.660499215576538,38.8625227697712,79.94567831034396,41.08315554057276,0.09205564870176797,36.46112933715659,0.3261375948285841,35.725171628692316,37.16714883435357,1.441977205661253,-0.0006472693343074617,1.8108103621057692,0.7392091465595025,-0.5191465166966633,3.3132460865719873,3.8323926032686506,-0.0032276645205824403,0,0,0,0
80.14052862030002,20.410146490488845,31.358606023836437,117.73725646911898,86.37865044528255,0.3402496419121867,405.3392974028315,91.6782527796832,212.4701548395104,651.1291394619891,438.65898462247867,1.3008609607750814,59.18157467509538,9.194931290927274,40.011364759677676,82.3278360755049,42.31647131582723,0.10324726111647013,36.478953422860606,0.3082724001851969,35.68067123060238,37.0699356820215,1.3892644514191232,-0.003570581950854147,2.0151149584570907,0.7822016681103667,0.3527927849499537,4.132841804162844,3.78004901921289,-0.009186913354177418,0,0,0,0
78.82862833989336,20.77191154046644,45.309164856466076,123.7036889447768,78.39452408831073,0.1487808337478961,415.573168426317,89.58111139866901,239.11861187113428,607.2456732207525,368.1270613496182,0.3640229024507242,60.01091291242873,11.497808826868617,25.11186947789828,90.38730206462621,65.27543258672793,-0.09597484004173798,36.53114056727792,0.3148373393773815,35.80011755724124,37.011225797312974,1.211108240071738,-0.0027746632724281943,1.9409210108511088,0.841281272555767,0.37755087391672393,3.457174197002684,3.0796233230859604,-0.004563449148467352,0,0,0,0
82.7575202447035,20.468849914166455,31.877579611914086,124.39262331984887,92.51504370793478,-0.17245673246588306,416.1556535201239,102.89553955703047,170.18000163840506,657.9178180043301,487.737816365925,1.0409251640428467,59.74261917543254,7.666905519106023,43.430109952819535,71.04098440812075,27.610874455301214,0.010412544108095521,36.50531221704173,0.2631118223659425,36.027172692633926,37.02662685736851,0.9994541647345869,0.0024044868350401464,1.920830309691886,0.8285319294132869,-0.19365101378052652,4.014704061994149,4.208355075774676,-0.00020513140817752119,0,0,0,0
76.16906657796216,16.854639633548093,39.45099443530127,110.92823216314717,71.4772377278459,0.0799906332945761,407.37971640022647,92.2139033248163,82.24821329615236,595.7412548046995,513.4930415085471,0.42074103696219556,61.17867027988492,8.368373930220374,35.69943840790214,81.61390069476204,45.914462286859894,-0.050982636866040904,36.51954197132257,0.26962481750404776,36.02613916224916,37.357346144006655,1.3312069817574965,0.0012946502014702936,1.9201307003900796,0.7952287099376553,0.3134312744511909,4.033388304488046,3.7199570300368547,0.0030671819700763053,0,0,0,0
77.74713178502535,16.243247933820818,37.926644945977976,112.64378503810028,74.71714009212229,0.10776651382202986,380.8734720789687,109.37886500659717,69.49373021649899,638.7084980381547,569.2147678216558,-0.6000707531478944,61.109988354516965,9.931735215718547,34.15184775088601,79.781885965596,45.63003821470999,0.08344111228078398,36.40717490637431,0.3273204776085473,35.58028812993551,37.06802626038131,1.4877381304457984,-1.2746193254737379e-05,2.1165552013952214,0.7953006268577872,-0.030774538684764874,4.023072342209652,4.053846880894417,-0.0002957217658049327,0,0,0,0
78.52018666348525,19.847769841166606,28.04797498594268,126.64531837290878,98.59734338696609,0.2886050939782118,411.76663608843666,102.6619132880605,153.75469182324784,659.9646121597741,506.20992033652624,-0.024015164240307273,61.34003705407268,9.033768045214849,33.2988215360249,75.99770402853443,42.698882492509526,0.03485346180322302,36.517159576495374,0.288117091384581,35.780988226714626,37.08543609861721,1.3044478719025818,0.0008528446611462048,1.991398880523316,0.7277599715604693,0.2552576962105231,3.5986470004031714,3.343389304192648,-0.011881158151511619,0,0,0,0
80.25346624238094,19.893553659566656,38.44087876865666,116.59175175069632,78.15087298203966,-0.11152509550539348,431.83990340840205,112.70500505906406,158.9160183724281,643.2192336194817,484.3032152470536,1.092997203205311,60.57885634526684,9.086016887041664,41.244871328745894,79.88206812053099,38.637196791785094,0.005481168289541404,36.46728631259548,0.243204684648652,35.89353559939108,36.972713784815,1.0791781854239204,4.444267021429819e-06,2.1551476869300874,0.9306918227123732,-0.20370157635423158,3.757786966519506,3.9614885428737376,-0.0011501364799549768,0,0,0,0
79.44129961676136,17.968394072925413,35.76803552841804,114.76222867496253,78.99419314654449,0.12549568664883598,412.94538705835396,97.1489264465561,109.81514616944736,610.9942466132384,501.179100443791,0.26727980938243,60.602390267195744,9.583182567389354,42.46691231376147,77.75796855364361,35.29105623988214,-0.04676701426387307,36.481504583934715,0.3541345524981104,35.767237069429484,37.66512455980762,1.8978874903781389,-0.001869390394161012,1.8253746516919964,0.7726874232000527,-0.22244493914944607,3.742339390881609,3.9647843300310552,0.010794500791180637,0,0,0,0
78.58641918620809,21.160788018442013,31.97380312692991,126.51370518330816,94.53990205637825,-0.15861511638202996,417.6725528612182,107.17743213882672,183.4211411193881,627.5557562074328,444.13461508804465,-1.3529007049656239,60.64844318960397,11.299511486896863,25.04382207094106,82.17706985439943,57.13324778345837,-0.06204444762291691,36.46383270217194,0.2828219751242162,35.91057074823612,37.213712054164624,1.3031413059285057,-0.002648292205350329,1.9738330252620144,0.6194111748780495,0.49345166018209263,3.546094030249632,3.05264237006754,-0.006292443009873765,0,0,0,0
84.43555013625424,19.15880971379774,41.52235053983665,133.23859872484783,91.71624818501118,-0.4576120511428512,378.56946009773463,100.18022525749677,170.97677536266914,665.5275116978975,494.5507363352283,1.196340247979349,58.174268497107434,9.843623434098353,35.843585717054836,80.55059751823805,44.707011801183214,-0.1575421601904621,36.52812514867159,0.29109051582622547,35.81354871062196,37.087092996798106,1.273544286176147,9.936840774844027e-05,1.9501661015964016,0.9286083803804672,0.1846789767635293,4.689745422224577,4.505066445461048,-0.003916290721919301,0,0,0,0
80.40588195366335,19.97017643385896,43.99230591339468,136.27755945331262,92.28525353991793,-0.14954581285318125,376.97448690485095,113.82989999655044,126.86209368639322,636.4541621186884,509.59206843229515,1.2742616411872096,63.006685115809006,11.148133364037875,36.10914383499055,85.49831701970902,49.38917318471847,0.06731082241743142,36.446829106677065,0.32009539187647545,35.870223765660576,37.16700357263249,1.2967798069719123,0.003082173252962718,1.896426632896312,0.6600314587471633,0.5120517161796945,3.377645893184967,2.8655941770052724,0.0038214641972610366,0,0,0,0
75.44117612734053,20.538332840611567,41.49195789299786,131.58991218020043,90.09795428720257,0.17135931306510704,418.5627718398638,97.37690562486509,171.55229636073224,657.7627789037223,486.21048254299,-0.19498234906444986,58.96016380990015,9.289287133190754,35.05019904622426,74.63922129592905,39.58902224970479,0.03429613403150334,36.51161132754811,0.2687598064364833,35.79903449617955,37.28235596508759,1.4833214689080378,0.0033506884293053405,2.000024314615692,0.7796738139775261,0.03079840328943706,3.8197246264714098,3.7889262231819725,0.011490446520040744,0,0,0,0
79.9422905999437,18.526305257857217,41.10469745219162,130.22396058695813,89.1192631347665,0.10260065812387802,392.6892757402555,107.71616442225886,55.74882407118815,596.2375732696767,540.4887491984884,0.06157784716336538,59.68618341588289,8.593995662455395,37.89460942684197,76.43336755986694,38.53875813302497,0.04575305226154438,36.479991570017226,0.29614832513918493,35.807935715572754,37.05318773350107,1.2452520179283155,0.0031689194692818014,2.0724673538494174,0.7544663564309884,0.053847240521675444,3.7923865155944427,3.7385392750727675,0.009939650730726599,0,0,0,0
78.87161919125259,17.671262356728594,41.10525977583222,123.09662800141076,81.99136822557855,0.10771202184473207,425.55320859822024,97.68231016559947,218.85887876997708,597.5808916686095,378.72201289863244,1.1881510098412889,58.37410630487953,9.774211069161987,36.44619845949299,77.84430233386364,41.39810387437065,0.017364338370522522,36.481091575992394,0.3183668088501448,35.61121378283051,37.31007288228383,1.6988590994533226,-0.0017703592785027241,2.1353902157940357,0.7931283067161137,0.4700823161496608,3.9268857287533994,3.4568034126037386,-0.00843420669751646,0,0,0,0
74.511691880413,21.630209736107275,29.46878640030352,128.42096601550085,98.95217961519734,-0.185448955111914,400.7898551369875,93.17747784027988,180.2926553419661,619.3881225057762,439.0954671638101,-1.2107732315568078,60.23782777639625,10.226573441587583,38.433094724506816,86.43984930984503,48.006754585338214,0.008417692266173069,36.49135476511915,0.33674853796101045,35.64215284220618,37.127773065749224,1.4856202235430445,0.0028406566901972036,1.824108259294336,0.8282398833606004,0.3713496192772008,3.761278965112384,3.389929345835183,-0.0005216102168783912,0,0,0,0
78.73166062561512,25.263929647813686,4.705815589616435,137.1471735200885,132.44135793047207,-0.10539214901057817,415.8923633256579,90.0033648495325,224.04266835411613,581.0986922413031,357.05602388718694,-0.5121101722071668,60.44526002116568,10.434637428241103,34.435503778891054,79.97069312592964,45.53518934703859,0.2338411404440482,36.50362510520265,0.2519822365298733,36.003026488171145,36.994446252689826,0.9914197645186817,0.0022598408405252257,2.0987824857055135,0.73146935956915,0.5193360134687817,4.073002358915231,3.553666345446449,0.009201683576341374,0,0,0,0
77.06594786355248,23.03845689838482,15.047209619053987,132.38761505336888,117.34040543431489,0.21118249942063236,405.3771951624747,80.26034701352823,271.36100371707073,563.732272365394,292.3712686483233,-0.2990321763388206,60.98465794402637,8.824316090822666,41.391168059004826,80.66586063841368,39.27469257940885,0.08403922289979968,36.488763415283714,0.31966720774694857,35.82896338661391,37.12224033127408,1.293276944660171,0.002150583528794125,2.1225491284121047,0.7754044135301662,-0.20936557381730614,3.4173274600375514,3.6266930338548575,0.00847410085653675,0,0,0,0
83.4684699088529,19.256893946345176,47.276350494732256,137.38040665360484,90.10405615887258,-0.1824094106781252,383.0213966618165,98.8671987794448,197.93223463644023,575.1519661970641,377.21973156062387,-0.4239892647235646,61.089047290839844,9.554793987265343,43.054835171539736,84.76599077749547,41.71115560595574,0.21044030910822226,36.42597067983325,0.33361560144808117,35.37502943853778,37.118778296552925,1.7437488580151452,0.00015379328617828796,2.0579262352165584,0.7959945910750373,0.6685087916951244,3.8416298246646505,3.173121032969526,0.01098893533940422,0,0,0,0
80.53291729326864,19.462127292223983,37.32474888387492,124.09628874306121,86.77153985918629,-0.030365784004920484,394.0160144213885,93.47021882305093,171.3691217427361,619.5346169394129,448.16549519667683,0.484251311530792,61.43318701021631,9.490045065202322,41.93630340947837,79.87867355596926,37.94237014649089,-0.05067475643919515,36.469213251853844,0.35412707869316784,35.30177974835537,37.32179203428998,2.0200122859346052,-0.00046799262399582276,2.065121691052388,0.7265050523267371,0.40661048385043186,3.457448688100677,3.0508382042502453,-0.004740215136168809,0,0,0,0
77.90572282480673,19.149681549596952,35.65383943605114,127.31951686532554,91.6656774292744,-0.09064242478206012,401.0878143548587,109.02124989438731,211.2130674779634,645.3311078547164,434.118040376753,0.32462268969782304,61.68787655250082,9.233168872919208,37.41401457455156,76.58714482485468,39.17313025030312,-0.1407192211326053,36.550867145146306,0.2997142947897091,35.802941239344555,37.13615372380616,1.3332124844616047,0.0023106490959139713,2.0144393854621527,0.7739025780305064,0.596455144464983,4.3329505275154165,3.7364953830504337,-0.014554738464703603,0,0,0,0
79.05781304610686,19.196351241692195,35.4243921712468,125.44070547619671,90.0163133049499,0.05517895247087422,401.6280985751665,94.15626608483805,219.4666200312358,577.3074922668349,357.840872235599,0.6992306959974359,57.73472421921188,11.005472275555322,36.74815657383899,89.93863775295291,53.190481179113924,0.03466007066904967,36.482635407786304,0.2746153679427179,35.8016534825711,37.158404706865184,1.3567512242940865,-0.0005299718836085523,1.951094423393026,0.7040120138768098,0.5873445251984633,4.075617852956741,3.488273327758278,-0.007508544629376901,0,0,0,0
83.11989606324802,20.687733159476792,39.499818185352936,132.83225323600905,93.33243505065612,0.07619294716007997,376.4229885049416,97.60892685251841,149.08989904668476,652.3804915160238,503.290592469339,0.6888848354666816,59.33114051033301,11.286254044834811,37.31028090150738,79.99465233431617,42.68437143280879,-0.08541137297702155,36.488298466388244,0.32107072707543627,35.9134131916579,37.421740490984625,1.508327299326723,0.0017794348565609026,1.996657676337964,0.7693224829037754,-0.3891583012285569,3.730340092722641,4.119498393951198,0.007480573900205778,0,0,0,0
78.47210840624561,20.56653368081239,31.83213428107105,137.1154524128192,105.28331813174815,-0.2676541659662638,407.3955427875368,86.3267312935407,134.42188839525141,569.2549221077855,434.83303371253413,-0.8438713365717817,59.54089591702281,8.976201936903111,43.16353404460515,82.97118729588244,39.807653251277294,0.017834378278760464,36.50582938619494,0.34019834194191084,35.70940604046757,37.09736610560086,1.3879600651332922,-0.0002164526848249814,1.8703585964625753,0.7414265673463915,0.2542225447441431,3.7390806079068364,3.4848580631626933,-0.011419037119876916,0,0,0,0
83.21579713679994,21.595407605392744,41.64887584754306,128.99583408275504,87.34695823521199,0.22916196207467435,388.70239268872893,99.67796176432496,241.7492260485355,579.0275197856737,337.2782937371382,-0.8475843491382732,62.37890537531993,9.438181470876328,45.49863448966386,85.7461660266339,40.247531536970044,-0.17704747755347156,36.43743265003902,0.26204497433875795,35.83604568750597,36.98255029540493,1.1465046078989545,0.0025144489743959392,1.911380265435841,0.8178314329523075,0.06149331430254423,3.8548102409561147,3.7933169266535707,-0.014955483480830487,0,0,0,0
80.48582073696348,23.257361321789467,29.37791310224418,128.52906782777762,99.15115472553344,-0.15736185673967354,384.8451801063672,96.03795703657134,129.6218145093083,635.253060478096,505.6312459687877,0.9577667458479702,59.72204772716872,10.37782267962252,32.5415718405421,83.10062144274112,50.55904960219902,0.0019598291263970375,36.4435472244275,0.2683824421412041,35.92931672832079,37.1294220624424,1.2001053341216092,-0.0016835465333090432,1.9208097407413127,0.7457155425786427,0.22426475769955334,3.888264556344144,3.663999798644591,0.0006911535003453395,0,0,0,0
76.49928479998754,18.580921132031886,28.21360141404938,113.7192413007951,85.50563988674573,-0.22790128787253516,399.8050856886109,94.90849491121382,128.8436817412741,611.8357515181086,482.9920697768345,1.6585673558031517,60.32087775851779,9.201580702964973,31.22094140306174,79.35085715641969,48.12991575335795,0.056703175268848736,36.436482672220144,0.282045903505872,35.767558820694596,37.27890656358972,1.5113477428951256,-0.0007172170548338646,1.9479805255175962,0.7617112173000229,-0.1638005294792868,3.5223741363126866,3.6861746657919734,0.0006693225142592917,0,0,0,0
78.45952534318803,21.799496917704452,26.860052202419467,124.39324603732625,97.53319383490678,-0.17600143141218128,403.03052661939495,102.75276960068831,159.22168259383116,653.7727921502301,494.55110955639896,-0.7265088949031926,58.14240583807442,10.118721599697423,33.419117323481345,80.06267718700155,46.64355986352021,0.004359499619545768,36.51499615020859,0.3251966323890113,35.70327339538276,37.222916753240824,1.5196433578580653,0.0013313200197280469,1.7654273974431494,0.7145096519502036,-0.09718047355536141,3.4124088621374034,3.5095893356927648,0.004658884432799449,0,0,0,0
76.59555548884235,21.874725671348674,33.18378447413821,128.4402877006131,95.2565032264749,0.1739476368244553,408.03301702050084,98.74584753125944,222.45290206997566,638.5635499038956,416.1106478339199,-0.8839715107511776,58.370629939040434,10.144172519697854,34.98501408789363,77.92173302948949,42.936718941595856,0.04365038079971766,36.52252063351885,0.28253855197404915,35.893371878603745,37.06926299442385,1.1758911158201073,0.0023307574323243713,1.9896130991672272,0.8381422244877309,0.650608114540506,3.7806048323243453,3.1299967177838393,-0.008280526405660502,0,0,0,0
80.7750030430094,20.93773263511667,32.535595768182056,129.9817458142913,97.44615004610924,-0.13078089010652702,376.439925618727,81.65288164006657,195.0440910456308,593.8826949642627,398.83860391863186,-0.1612566453813636,61.85920295475775,9.252999072528858,45.429261733626554,86.62361452309348,41.194352789466926,0.00991464508606284,36.51710656079119,0.23817065294116382,36.03451142016636,37.036633828981024,1.0021224088146639,-0.00018082146411679123,2.0739805490488585,0.83505484776215,0.22053262565949816,4.003899053254252,3.7833664275947543,0.010088503168598665,0,0,0,0
80.13597999286823,22.668959039719645,34.772263429028534,128.41432422439243,93.6420607953639,-0.1431403964235996,403.82277485055334,91.79245358649605,144.9755072681996,665.0554914426132,520.0799841744135,1.066175205434733,58.980496813063716,9.605017137002257,37.41360428834732,79.48713015664254,42.073525868295214,0.010357414063219706,36.52089485549639,0.28049738770177296,35.96061179385797,37.32207771876719,1.3614659249092185,-0.0031509653202641333,2.122361128613142,0.7398855562182428,0.3198087446887168,3.6906823308005547,3.3708735861118377,-0.0067675766441083205,0,0,0,0
83.73239113174692,18.07024418416623,45.391823096243755,116.51002289132975,71.118199795086,-0.020345012905998557,408.2445495101271,89.11476379786865,229.84969077928875,632.6589126549775,402.80922187568876,-0.08828555991924172,62.380228246554914,9.650490967676218,38.973230082289476,89.1256164704308,50.15238638814132,0.0701013753814482,36.53084602631261,0.32921461682326336,35.68704912562076,37.52704907281049,1.8399999471897317,-0.0039007256226481052,2.076027225756695,0.7988428070070456,0.5265603106429901,3.861533918189328,3.3349736075463374,0.012917915905353395,0,0,0,0
78.1291216376363,16.644171557822556,35.75147635376144,108.95872617760818,73.20724982384675,0.12367303373893455,398.4756992003875,114.42944933431622,146.74984615673247,621.4918088518235,474.74196269509105,1.3418322300206356,62.40208540235333,9.55220458441573,37.80542725662599,81.49785416028261,43.692426903656624,0.15543545386397364,36.460357295067745,0.33867153238472475,35.78288573693137,37.166259547036134,1.3833738101047643,0.0024541069189366205,2.112079681131656,0.7730471429085167,0.16452246484252298,3.5239090954668963,3.3593866306243734,0.005285719519692426,0,0,0,0
75.28809739616464,21.3128445316095,29.859220837405964,126.38214033087148,96.52291949346551,0.07854768644130894,412.8484105116059,106.76172932337012,145.2840002621978,611.8746896245511,466.5906893623534,-0.9688300826773787,61.94366143390611,9.123395411743275,38.31802868898282,79.88800787209314,41.56997918311032,-0.07962245581556054,36.51618200558536,0.3596163561721767,35.65044438399203,37.310038354502026,1.6595939705099951,-0.009483878966784579,1.9074367681320217,0.9769319727504678,-0.04600911271708075,4.231083945116063,4.277093057833143,-0.010526663188896626,0,0,0,0
81.19706051240124,17.514679945082243,39.82077279670152,123.26649690100814,83.44572410430662,-0.1129543677317439,406.859345463422,95.49571792455488,260.7132328001712,634.6775109643401,373.96427816416883,-0.3447035591631334,60.285535853431604,8.117755077210765,42.98351318983475,76.44498771014474,33.46147452030999,-0.048432274332800125,36.56077108677619,0.2842242561558492,35.84694259655773,37.086247688604516,1.2393050920467843,-0.0024362683431395213,2.106153706008868,0.8043180202730456,0.6192735517217471,3.876251967299136,3.2569784155773887,-0.021905659214469134,0,0,0,0
78.2308986930698,21.045578946213173,32.29969641667465,122.28950585971165,89.989809443037,0.08428107304225009,419.9871194103382,118.73430337596828,146.9416352513699,609.677321663523,462.7356864121531,0.11028987505860201,59.16601894854296,11.296230618502346,38.443335695378565,80.95407176713664,42.510736071758075,0.03252242158673693,36.533084567605435,0.2547702903781342,36.04669730763289,37.175026326654084,1.1283290190211943,-0.0004003680331963154,1.7858685797364258,0.8397698884463402,0.025831060297689445,3.7680421910456996,3.74221113074801,-0.0003953740373511904,0,0,0,0
77.65939910861789,22.077165795987174,35.59583559782227,127.48315120023187,91.8873156024096,0.1233002146708092,398.8039547072569,110.65271551542287,126.02958491772142,600.013165360554,473.9835804428326,0.7636902116170609,60.45450291645674,10.006324153025123,39.71447231078547,80.30497013142524,40.59049782063977,0.1660312627069696,36.519869280833674,0.30393183328244894,35.74276255164759,37.169921406007624,1.4271588543600373,0.0008683580568933397,2.0940523342160247,0.8143316217895862,0.5652262356049347,3.6546882284193516,3.089461992814417,0.0018397133392900034,0,0,0,0
77.43185913185624,19.32114046119645,40.15080261426231,116.9357380090187,76.78493539475639,-0.19184927051336229,397.92400657988264,105.36285378155647,163.48863239522552,715.472804178019,551.9841717827935,-2.5825561607298146,58.73235815816221,10.814625351814636,37.83644877783989,83.57588736021162,45.73943858237173,0.16349357776072668,36.473578324579464,0.26562146360629374,35.79673023970132,37.13168042524351,1.3349501855421906,0.0009606068384145477,1.9275055725571448,0.8466951283009007,0.2653658587151766,3.661188935395672,3.3958230766804958,-0.008780796855264832,0,0,0,0
78.75997334752377,21.71174539796897,20.000033198573107,135.71806284767166,115.71802964909855,0.5806076476799177,405.0238603843956,95.53750981769686,201.76456436786793,656.2707366168586,454.50617224899065,-0.7909939996281825,59.50895739297619,8.286806043821038,36.534226591130235,84.4046049421666,47.870378351036365,-0.004072366239302123,36.59495668260444,0.3235860417409674,35.62949621703803,37.156659005508146,1.5271627884701147,-0.002845560989879553,2.024840771405905,0.719513093596987,0.38612247310126,3.4909249334251546,3.104802460323895,-0.004556864865900405,0,0,0,0
72.09065773339505,17.016857916572487,34.10323675010496,109.66094027939434,75.55770352928937,-0.1521090452579901,398.17554197780396,103.86660953030166,178.3038889080018,648.3574515992897,470.0535626912879,-0.44682709543897825,58.988036816944465,11.038740643021141,31.46056829557011,79.9028220953299,48.44225379975978,-0.0049800779992266505,36.54370343813147,0.29536511118354486,35.78595855228703,37.15371324985285,1.3677546975658217,0.0016770503152081899,2.030315124355694,0.8423888788861131,0.5279636073517366,4.078583752549938,3.5506201451982013,-0.00554082298996661,0,0,0,0
78.19627891868804,19.485294708999152,32.95491246237845,118.49847015242129,85.54355769004283,0.03196857537999628,399.58805059326136,96.93629307720438,195.53863313983211,614.5722974753453,419.0336643355132,-0.6273829081595316,60.77047663311189,8.635737096021469,43.354914862865414,86.43341619099304,43.07850132812763,0.05894385431786027,36.536893043284984,0.3177499533799966,35.72551054706338,37.097570819443135,1.3720602723797555,-0.0019435740944215361,1.8824184470764245,0.692352547544352,0.9177306187771994,3.9664718595602677,3.0487412407830683,-0.0028957185099930077,0,0,0,0
76.736791775729,15.734596397895437,49.2957867513131,114.7796731725871,65.483886421274,-0.11591713810396972,410.64064338881076,97.96113438802351,213.76156461674918,627.3670076936742,413.605443076925,-0.557496957157241,58.22962072172976,8.279987811738097,39.279549153662984,80.15460652888001,40.875057375217025,0.15626000241614396,36.52831137669607,0.27067863971772116,35.845565205526746,37.23148413791584,1.385918932389096,-0.006036379054769159,1.9438645652687998,0.7891236412475141,0.49742170152169574,4.313627251417543,3.816205549895847,-0.008635603056712526,0,0,0,0
80.31393923252716,19.237247870942497,37.15978123573628,128.65675082533306,91.49696958959677,-0.19478907566760742,382.0830324964092,95.47367074115216,112.25651713541384,588.2379771272216,475.98145999180775,-0.2513171301625187,58.560083148609856,9.729768456796888,33.090231876779136,78.66035349157875,45.57012161479961,-0.15151824462530003,36.45325308139399,0.2608512205723253,35.765625196455225,37.220312471501366,1.4546872750461404,-0.0006164617969689162,1.9692374610216277,0.7183711247424905,0.28227987651397224,3.501144536181557,3.2188646596675845,-0.005255519037383107,0,0,0,0
81.46400153078734,17.184892666674845,47.91430824712065,123.39667089203917,75.48236264491851,0.1717619541695853,409.9348342404413,96.69200615463008,189.9042140764163,690.9097983011777,501.0055842247614,1.09636370168522,61.02407657808001,10.094162982095241,40.35984979825034,89.16875446477171,48.80890466652137,0.015900831781083282,36.49867402246844,0.2844780559867652,35.95603380925818,37.12247639954089,1.1664425902827134,0.004477369061091294,2.0688765993425635,0.7775584533631689,0.24141922568330498,3.5409945391588433,3.2995753134755383,0.00486968118328662,0,0,0,0
81.45420288786687,22.392963213429844,26.37188361013672,126.92515079864503,100.55326718850831,0.15858764025466465,399.7928637608474,109.07737994010563,147.47329518344367,597.3865658575728,449.91327067412914,0.6473264902750684,59.79878358570587,9.219433529057547,39.137305436243835,77.8676894142658,38.73038397802196,-0.06090049336816194,36.53268543398521,0.2772493112833425,35.926547359703434,37.13586053241596,1.2093131727125268,0.0005356871294702734,2.042627352676082,0.7709615551152214,0.5715129743475178,3.469322541327596,2.8978095669800785,-0.0012385213541645933,0,0,0,0
76.25947835617679,20.825235444536947,41.43706777998305,127.46711628584453,86.03004850586147,-0.1781204525611587,395.07404514768723,94.02784689528207,221.17142498373033,570.7433309827566,349.5719059990262,0.7980333934039328,57.7760344991662,10.298907554743185,36.819386499407926,76.08450915616484,39.265122656756915,-0.14280440893790922,36.44882082443518,0.2759693963109966,35.936403947002866,37.06248305734497,1.1260791103421042,-0.0023917693758914466,2.0434419991712875,0.7166217821675198,0.5640638858749127,4.10318961277205,3.5391257268971374,0.002447520146415003,0,0,0,0
84.18350227783725,23.01242825748981,13.114196753117938,129.6311185660057,116.51692181288777,0.053135026471920394,413.2295638712153,88.03016365307259,233.84925788173362,720.0107166291756,486.161458747442,-1.664982980774479,59.91741559477967,10.587104844673656,36.695177040064216,84.4416452528304,47.74646821276618,-0.14637051348894037,36.49184440880627,0.28972385221791025,35.869173128509885,37.2683530443264,1.399179915816518,0.0032187296155684634,2.0566754158324363,0.7817572990952262,0.019951281776272367,3.7689200618449643,3.748968780068692,-0.0026983167373997702,0,0,0,0
83.12564477043175,18.1750030799859,49.54767404936927,125.1275142142149,75.57984016484562,-0.24486200599270352,387.0185711170303,97.97259925485403,152.5788766218842,608.3961725326027,455.8172959107185,-0.07253196533227177,58.64747173921289,11.397407549093932,31.111255071080677,88.91845165331821,57.80719658223754,0.06089376326965812,36.48051175431924,0.21226788371651134,35.944054024984354,36.87923565807052,0.9351816330861666,-0.004073296031304816,2.0657013919726577,0.8992448728344601,-0.05554704593023141,4.276364301977132,4.331911347907363,0.0010829198470970129,0,0,0,0
82.56602673072217,17.053340514594197,46.04767860021862,125.69527815738374,79.64759955716512,-0.04415295399876807,417.15354143009165,109.54150886415292,190.0940157111927,673.5355525220666,483.4415368108739,-1.4271600921415997,56.96339139202509,10.576795398961465,33.5786409814243,77.29516649935765,43.71652551793335,0.02108857486064276,36.53447705526711,0.2448866275955103,35.93884007333459,37.10298674942803,1.1641466760934378,-0.0004482081562445158,1.9482925204217671,0.7470360258211166,0.4729258802515277,3.9289179761916935,3.4559920959401658,0.015656488871890598,0,0,0,0
77.56130589853232,19.69716089821474,20.164761136248686,127.82159011023857,107.65682897398989,0.1457908908308326,380.00408655275083,114.42553406904693,132.22016054775537,652.8663722001579,520.6462116524026,-0.18133734134618848,60.2742041586404,8.817491248491615,40.990084292260775,79.93105195655,38.94096766428922,-0.15442908596648533,36.543759223517945,0.2812261902904577,36.03825125449854,37.276808670710174,1.2385574162116342,-0.004138624925077685,1.888946904477236,0.737988652081765,0.5708452022744124,4.334981914841359,3.7641367125669465,-0.004879999331271232,0,0,0,0
77.65874591379067,20.76235167633542,37.56226894467371,129.10530960742202,91.5430406627483,0.027518338812238353,382.56341105531413,104.30291811447721,99.07316255563802,669.5305658186699,570.4574032630319,-0.6238907563025156,61.4698638700229,10.340513119549081,41.85776271678162,87.63908310493167,45.78132038815005,-0.045894480271725574,36.48958618700274,0.30746673077881836,35.88333009744493,37.26371071101042,1.3803806135654852,0.0010712134765394447,2.0648442313029443,0.6458735660524931,0.4826371307332966,3.4291106463824503,2.9464735156491537,0.003405642656090413,0,0,0,0
80.24128945918767,19.00873167836896,41.21000447454518,120.88061825732993,79.67061378278476,-0.06014096819898392,415.55641347179585,91.42502546144904,194.08274567771872,601.3002151574191,407.21746947970036,0.29509053403760205,58.57603096578903,10.157627334407984,31.650846363389373,85.26459657649357,53.6137502131042,0.014547804557145863,36.62366891614245,0.31259893919177084,35.96985444273566,37.471581915058614,1.5017274723229548,0.002669721820721548,2.044472840952385,0.8134936144682481,0.08392611482352552,3.780972191466033,3.6970460766425077,-0.005761535266228574,0,0,0,0
76.37598746347493,18.125562208448628,25.678166236536136,122.27550812913921,96.59734189260308,-0.20092037827167034,412.0797041233358,108.9432237568228,180.9129330469621,641.4925098906577,460.57957684369563,-0.48572064828969136,59.823556263744166,9.94572162127635,33.88166871966373,90.12835535404182,56.24668663437809,0.13273970158676593,36.454934411454516,0.25831242094486784,35.772717554480366,37.05055145222309,1.277833897742724,-0.003486365585820931,2.0755433044120517,0.8132352696023719,0.0007484595251661119,3.842075392569501,3.8413269330443347,0.010329798887237828,0,0,0,0
77.7550670921706,19.881144065674643,47.552980187228215,115.37655670768876,67.82357652046055,-0.16559915676146364,384.9105858134762,87.81394500737828,180.1533340935734,550.24640591447,370.09307182089657,1.2710784267193773,60.53414005429915,9.817312838591503,39.11774152016004,82.22361455477946,43.10587303461942,0.06777383369377578,36.49654974528985,0.2962791143972884,35.80717655531887,37.170110739234914,1.362934183916046,0.0006488977150594936,1.9263329168082297,0.6160727804062137,0.6330295930946859,3.3186907179023537,2.685661124807668,-0.007914108188492376,0,0,0,0
76.74082842443282,16.186018939972943,40.335554826453105,115.57290743788614,75.23735261143304,0.0004116744265136939,399.9963410294047,109.9973032454345,182.5191996655367,636.6761245069781,454.1569248414414,-1.6939863081328173,61.713799485746364,8.252151455114047,40.029635340745955,76.47728957611801,36.447654235372056,-0.08614112050483033,36.48954295546664,0.30423430525656964,35.802507221822296,37.13865949260501,1.336152270782712,0.0027939539177100434,1.9185717604565886,0.7112178390984796,0.24866405550472592,3.5582568866085165,3.3095928311037905,-0.0019863173554206534,0,0,0,0
82.94355901857365,20.55477017219478,40.18995654243755,131.08497397527677,90.89501743283921,-0.03913726285516481,404.960248818984,104.40046606067047,141.54733999417135,602.8187798811252,461.2714398869539,-0.27730803317372404,61.03098721557666,10.567143848110739,41.479859771177104,92.47609883717513,50.996239065998026,-0.013923525173709582,36.57224806446798,0.2420138674512458,36.07373970571226,37.11541451399118,1.0416748082789198,0.0003660130827949861,2.1428968303911455,0.8347749200884041,0.4184355565589757,3.7552096164450104,3.336774059886035,0.0021460586463965866,0,0,0,0
75.90528618157917,16.986782126132667,44.58575009953854,113.73469554218036,69.14894544264183,0.10886128996122586,376.61065546890205,93.0648626142935,175.56166494576027,551.4935644166906,375.93189947093026,-0.16146318298390616,57.52042908276572,10.338248415834654,38.64183131989074,82.28079318774013,43.63896186784939,0.02434361497513372,36.55778459264471,0.25382981457106507,36.035398321508296,37.072320240660204,1.036921919151908,0.00037178471381827636,2.108155725119396,0.7341441432826036,0.4521794296727464,3.5516172539289634,3.099437824256217,-0.0035305249250386066,0,0,0,0
78.40346588064047,20.74148184530151,32.068700285481235,134.06578293561313,101.99708265013189,0.38113421502782613,403.8706001467315,89.30539886238978,96.50352132427139,605.4639182323053,508.96039690803394,0.17053114882498124,62.58623736513053,10.083294915080184,44.60362927953459,81.79891225589392,37.19528297635934,0.09094393843654218,36.588176875188765,0.3056183720201122,35.988467421545295,37.21026468473738,1.2217972631920873,0.005048008231700334,1.8425364407717206,0.7060594694896727,0.3345454268094876,3.4836949111247666,3.149149484315279,-0.006929974469514331,0,0,0,0
81.61895203689546,19.217470290314843,31.085318531228978,131.74145020267997,100.65613167145099,-0.08149368878030368,399.1799945818503,87.82634759622823,155.4525274127713,563.7232965793203,408.270769166549,-0.39613811547499345,59.94783415473923,9.080292820197158,40.874783125218144,81.48315373664843,40.60837061143029,0.026605488278166348,36.49399726651416,0.2831929240443511,35.97497801672425,37.038463211558586,1.0634851948343353,-0.0002949837072935063,1.972479109373957,0.8813196508243971,0.06477785920204604,3.7154031296971546,3.6506252704951088,0.009201129036869794,0,0,0,0
82.11915674684455,16.439851295109523,48.51243435376702,125.95291752704287,77.44048317327585,-0.07577760074046751,402.0713718878669,96.2293891530005,196.18002387097616,594.0612706122304,397.88124674125424,-0.4108863756454033,59.5384956975244,11.718068983712273,26.63889736338907,85.20921653107297,58.5703191676839,0.017388245518609187,36.53966417129011,0.2749748445096379,35.89562030760893,37.22557096335386,1.3299506557449305,0.0015629512055567213,2.01217267329605,0.7376684108607034,0.06038737137962813,3.420939779374967,3.360552407995339,0.0011947469293445414,0,0,0,0
80.54155530118216,20.591513252022693,21.210341421267024,117.84749663260192,96.63715521133489,0.005538016053908872,395.8240129159146,95.20100957411567,209.94522520653035,644.9397574052389,434.9945321987085,0.8376983736691213,60.310783778108,8.218831330813149,38.99515598691222,76.9060524929426,37.91089650603038,-0.08565554903082123,36.56808279977298,0.2676663489350416,35.802222196443374,37.071356414453724,1.2691342180103504,-0.0007859112830392769,1.8946066123432246,0.7454233436251532,0.10091890841153273,3.6125723493657738,3.511653440954241,-0.003069810959798041,0,0,0,0
84.48249110493296,21.476628111732516,47.12222661233919,142.91243647149753,95.79020985915834,0.06666628847148388,385.5324745956894,99.42127619267103,198.21306668586112,599.7816820464787,401.5686153606176,1.253038085402024,57.75945083939578,10.531676838395768,36.45058663835401,80.61382296245472,44.16323632410071,-0.07073095279438743,36.50041856603628,0.3257468365607083,35.78331308209165,37.14472459753996,1.3614115154483102,-1.3744247523025101e-05,2.1204220674299337,0.7840002192505786,0.3414330365585396,3.8490553851705345,3.507622348611995,0.008371239188016064,0,0,0,0
79.00389849831102,16.652657200693895,44.90926757676655,109.3099828373285,64.40071526056195,-0.018549199158390692,362.5314834007302,104.88023288114877,126.26362976318256,541.53919660767,415.2755668444874,-2.128159248801679,59.08278694430392,8.389135027256849,37.442044942521136,77.59859674611499,40.15655180359386,0.054416594160728235,36.5359501801344,0.32428197065246683,35.90582345055399,37.15293913561695,1.2471156850629583,0.005108777842305557,2.1195017518710966,0.8558697676417572,0.5061641594696473,3.8957838889651253,3.389619729495478,-0.002708083418132413,0,0,0,0
76.1454423091665,17.66887391440962,41.9625297805274,116.31788356385576,74.35535378332835,-0.24230379736966032,376.4534550599325,97.34275854003522,146.21486823638844,571.7665534859408,425.55168524955235,-0.3330944047616946,57.09567330482755,11.31111627683031,29.0035054229611,82.37840858231756,53.374903159356464,0.03425603311540058,36.47310404474803,0.30624409536658476,35.80137509877614,37.16429653019821,1.3629214314220661,-0.0010018872621174204,1.8697684917940303,0.7757148600800083,0.46086995577201884,3.4258046597143217,2.964934703942303,0.004437752393085402,0,0,0,0
77.02917145791928,20.90791098379532,8.802460591603918,116.4297316590818,107.62727106747788,0.2128783716669179,412.5079876258145,86.71089981508979,179.03227608001134,623.072696821821,444.0404207418096,-0.06073537642428407,59.56090305849861,10.07801296560582,35.65147850703454,79.11973091501636,43.46825240798182,-0.11629153719277481,36.55589594729859,0.31779292626029476,35.70140488558808,37.263769230037354,1.5623643444492714,0.002708071397149423,1.89749487410907,0.7626213266901628,0.19845034998605549,3.6555908860073867,3.457140536021331,0.008584685793604658,0,0,0,0
77.18711387477049,19.679088208614825,34.72075391201987,130.28400593388548,95.56325202186561,0.2874216269883429,389.77899352116685,101.48533070396164,231.27240488385777,679.4765209337518,448.20411604989397,-1.5521787312864914,62.14753778201538,10.024242876325197,38.673339805755674,80.76477870482412,42.09143889906845,-0.025112533943743742,36.55000504003305,0.26923930266263046,35.906570487690715,37.07847754917203,1.1719070614813134,-0.002279658916884815,1.9906985049046286,0.7180459902629909,0.5678116033243776,3.8997463500531624,3.331934746728785,-0.013879923080479544,0,0,0,0
76.34980578737621,22.469715422217202,31.861309376574418,125.26211205210521,93.4008026755308,-0.3655204363080991,406.58768122870674,104.41877767756631,166.33443177587827,680.0302573765105,513.6958256006321,0.8339656114090364,60.75722633256864,10.025320552197538,40.32398228082436,79.19300678904567,38.86902450822131,0.006993624653375888,36.54760206844132,0.30595269537170966,35.85969957370246,37.37387894604392,1.5141793723414594,-0.002390812183822799,2.067720731215079,0.8840186350509992,-0.2212894034039432,3.6345643690113354,3.8558537724152786,-0.0025705589047746516,0,0,0,0
85.10157654935563,18.843395006958445,46.17030192702474,125.31243817726849,79.14213625024375,0.11809796049179332,409.274036385397,84.86834837053367,267.0324440838567,644.5627396405773,377.5302955567206,-0.34270897866710687,59.284000300232655,11.386429861560552,33.92510797810908,85.29675785332209,51.37164987521301,-0.07686899198505642,36.405727437405375,0.2917563224160791,35.625045939175834,37.29460654133197,1.6695606021561389,-0.00019637686808965426,2.0544718443813705,0.8402287354207922,0.5005141560819419,3.8559717279163594,3.3554575718344175,-0.0008662468693020171,0,0,0,0
83.93857641615934,20.006605137243287,39.52519034302074,128.61173020188363,89.08653985886289,-0.16042108545069345,389.21777040553786,106.48352956237295,161.117500359082,607.2029947263648,446.08549436728276,1.622459655508087,57.73043518786589,9.879926196132002,31.96690044528146,75.6710434454374,43.704143000155945,-0.10442076507741199,36.510026820166274,0.29457626302533785,35.7505234570179,37.045240617289714,1.2947171602718157,0.00013710317432996932,1.9167139036130643,0.6355643187638074,0.35469997094289374,3.4850709936273114,3.1303710226844177,-0.007980892535247603,0,0,0,0
79.62364507323353,15.728060282502936,52.78321208519181,130.35489462846976,77.57168254327794,-0.012733993853682839,413.5160992009916,91.29767266871335,182.4994435703989,623.8347566037426,441.33531303334365,-0.11929565328428629,58.68648362572135,10.831641778399222,36.627759997869376,79.85211017252604,43.224350174656664,-0.022268416507235652,36.50749498723886,0.2498817688399848,35.970382239727876,37.300304922357014,1.3299226826291388,0.002353368566995618,1.974273780232883,0.7055539948860883,0.11122938194006715,3.6931057247644157,3.5818763428243487,0.0013773857457673236,0,0,0,0
81.5978799913845,19.856863476855377,35.888475593463795,124.7713774040246,88.88290181056081,0.29390556188706357,385.6670001881183,109.00722855063975,185.8908529086073,642.3021167439032,456.4112638352959,-0.4826566422057798,57.64816198283561,10.19519456483026,27.00341177562956,82.63305241895114,55.62964064332158,-0.0765991641694159,36.56222290165396,0.2983156934315566,35.8999496970895,37.18679446228667,1.2868447651971735,-0.000374487289040926,2.054414402552606,0.9201738701101669,0.3901611914603835,4.277323485919784,3.887162294459401,-0.018921678039459388,0,0,0,0
76.1647058749833,20.088539758313644,39.41975140754013,136.55246727212358,97.13271586458345,0.2430960675481371,422.0727106652064,104.79430550536159,244.68103654254983,742.6003316618019,497.91929511925207,-0.13365487292114162,59.87470890776841,9.640678218115928,39.120368623166144,77.4439016299384,38.32353300677225,-0.017657536362912684,36.46821246084271,0.2613988734224483,35.862404373206004,37.15175341089087,1.2893490376848646,0.001694096927622185,2.030877962437884,0.6746099727231228,0.8640144547780066,4.20066818535418,3.336653730576174,0.010370538029255562,0,0,0,0
80.46445633519936,18.395763727962024,31.578104713579307,120.7852350624799,89.20713034890059,-0.044833608466129056,415.25695816885786,89.04237216623756,207.67137386319067,588.1775818236122,380.50620796042153,1.6247842767542735,62.31952548746524,9.68827884163749,42.45051389911764,83.32617538827388,40.87566148915624,-0.16527734113715828,36.56325827456116,0.24848680715054883,35.938185129949744,37.105328264361916,1.1671431344121714,-0.001211982852758295,1.9781760563416482,0.7808878365212747,-0.09072395492944096,3.4099866287889706,3.5007105837184116,-0.001682655398159531,0,0,0,0
78.35177447089771,24.614910359283726,7.102515071275917,130.44354839272594,123.34103332145003,0.0010628141190462531,389.52239306774686,95.69331892623742,191.2338010055885,603.5159449858488,412.28214398026034,-1.2692691571753376,57.56764832697348,11.898015002065497,30.640715834328557,85.53831393878536,54.897598104456804,0.043121207968314874,36.5249973383673,0.3020590918116569,35.94334295567973,37.47330683870865,1.5299638830289197,-0.0036515047573340274,1.9642367263594602,0.843219892663698,0.016679054110039226,3.9240237704757837,3.9073447163657447,-0.005960402081092947,0,0,0,0
82.00061953514029,16.911954998719516,43.11452416477607,124.00547467384905,80.89095050907298,-0.06673761958925686,391.3418104992425,106.1519618691858,130.49987029876434,631.8093753094091,501.3095050106448,1.342817872686231,61.28229272952663,9.026815995025995,39.429581384134565,80.57687958589308,41.14729820175852,0.08965296231830885,36.47102854450686,0.29773877288503287,35.81760523250987,37.11529390257573,1.2976886700658596,0.004020032607189401,1.9046506135455368,0.680148381939431,0.48344992625739325,3.3875984275349937,2.9041485012776005,0.009275194664650922,0,0,0,0
82.2028700512525,22.15582695789484,35.451380625446696,129.58184551078844,94.13046488534175,0.14447373547509978,425.9416381926435,97.7442463029704,267.6054823901798,724.1015627055324,456.4960803153526,0.12612830998536745,60.93313105525809,9.336141603371825,43.45880194760802,84.5132677175776,41.05446576996958,-0.05965673982674731,36.55152841989704,0.2999324268547876,35.936828623596526,37.25422784160008,1.3173992180035512,-0.0032138845257461846,2.229721617015499,0.705220075709983,0.9833665016862594,3.8734457109952474,2.890079209308988,-0.00263702416174478,0,0,0,0
82.01166633259534,20.574850308691254,30.88132938171897,130.15102577890212,99.26969639718315,0.2633750901299464,397.309176780441,97.12559774918743,179.07679422361306,596.8534398647095,417.77664564109637,1.3117351252251988,60.93211543754075,11.83261340441843,32.81473574958955,95.54295796836475,62.728222218775194,-0.05659970639418146,36.45565527826566,0.22079114832048838,36.02251878341661,37.01267336663157,0.9901545832149594,0.000578030446358392,1.917487658762332,0.7110014051606411,-0.49121982227184713,3.267650704310892,3.758870526582739,-0.0011045602416225517,0,0,0,0
77.95658176655236,18.846117872840214,32.32458239573187,126.58302440759117,94.2584420118593,0.19945839925912104,404.678058200179,98.90613451021802,201.34400054711426,641.1056686201761,439.7616680730618,-0.5783058761070892,60.99764905311174,10.85462429949859,37.354652947842766,91.33877973685692,53.984126789014155,0.03203027968198254,36.499841632133624,0.3183790501793118,35.666381378325234,37.17970132134658,1.5133199430213438,-0.0006115496328492638,2.1324918971506612,0.7738463532602683,0.47186592093596347,3.770466101131723,3.298600180195759,0.0020573902193570244,0,0,0,0
76.4064351020936,19.201827863836673,33.606220246757346,111.67286251851249,78.06664227175514,-0.025665482008194983,412.768459322894,99.84637210237533,185.0768690108914,599.7992681290166,414.72239911812517,-1.4418298513391512,60.44565568635165,11.341140966281767,31.38279789802166,82.27959862530568,50.89680072728402,0.3282032287333665,36.54084365416253,0.3325102700781401,35.72774721613353,37.46222457697316,1.7344773608396338,-0.000292387005158337,1.9300287836283954,0.8606611472929329,-0.035314103841392,3.623626111614282,3.658940215455674,0.0016717071865942064,0,0,0,0
83.65659803984623,17.406064855956185,36.49994711551204,116.51130861659234,80.0113615010803,-0.32149143842190836,376.9751252204814,104.89828325469739,167.84614344601425,634.919809814652,467.07366636863776,-0.3425304150902702,61.11532542953222,10.381652239245536,29.93312904548828,83.14027485902102,53.20714581353274,-0.0771407820561335,36.56984161411703,0.2578325461581542,35.90676716748753,37.208905468833635,1.3021383013461048,-0.0009252799930969255,2.0333310470897654,0.768528108380548,0.24460416402950913,3.5640416597852758,3.319437495755767,0.0006401853777130848,0,0,0,0
81.55697417418055,20.79296505706305,32.16399245678907,130.3414372058295,98.17744474904043,0.14049995689081213,379.78754249389,100.38252048128228,143.58640040157564,631.5834753198307,487.997074918255,1.2539881683245668,60.048765443857036,11.200997533239242,40.605079679260655,87.8616202765144,47.256540597253746,0.01961122482174439,36.5054447335027,0.3617535996839438,35.73873785439694,37.383300840371206,1.644562985974268,-0.003522802949270077,1.9509800197947464,0.805688689544893,0.31518294932308843,3.5120343482717775,3.196851398948689,0.0022467351838197543,0,0,0,0
77.01212482801839,18.27261670871455,20.56805279963207,112.00398536743928,91.43593256780721,0.4501919808986241,379.2035646953111,104.62458409524388,193.58800763837203,644.1354055664308,450.5473979280588,-1.1545625725954893,58.94410842557574,8.007259060901202,39.64579912225084,74.2833102768703,34.63751115461945,0.001556946365661786,36.473010768390466,0.3018609679945179,35.867696631559994,37.118769532323014,1.2510729007630204,-0.0010317846453363386,1.8647732561058303,0.6750573204519581,0.14513154587236965,3.3435413718910176,3.198409826018648,0.012959618722692455,0,0,0,0
79.50048997619527,17.965993805168868,37.472193704264136,119.70403682353523,82.2318431192711,0.051231454297953026,394.4286299853663,92.10307007649885,223.66939246891417,600.7503486062865,377.0809561373723,-1.4178337448548053,60.20341490731792,10.34613066650749,41.12651661943303,80.92546583767052,39.79894921823748,-0.07058082374125944,36.503008570404674,0.3010480200287198,35.77291745971759,37.119135244724866,1.3462177850072763,0.00014592061164772735,1.8390109739808103,0.7390774329984805,0.5607747663675573,3.7164504922979433,3.155675725930386,0.00232979421641032,0,0,0,0
81.81235523784106,19.970731070404646,40.046550767737585,116.5553391958392,76.50878842810161,0.06135799535659591,416.8088073119185,91.60711482502893,181.42873344956078,624.4704840512078,443.041750601647,-0.48996202984783893,60.028142328105595,7.52366113415686,43.01678507022298,77.12515586008601,34.10837078986303,-0.021309504833468967,36.44727805361516,0.259393588864238,35.83565158783588,37.0581564779705,1.2225048901346156,-0.00016948627317073744,1.963762277199766,0.7442752988856828,0.5274494133196572,3.888200461815423,3.360751048495766,0.008054899738017741,0,0,0,0
74.73453097743337,21.234508263906175,35.00683553545696,128.65881051351872,93.65197497806176,0.07357563983872714,396.08280142270763,87.66370517469613,185.15803417332953,616.6891169045904,431.5310827312609,0.1346484096360126,58.515149835687325,11.086204350944756,31.291620052019994,81.42609345293586,50.134473400915866,0.03613426116245088,36.45939151924436,0.27855673694820166,35.9684698554635,37.068652636259046,1.1001827807955422,4.493663064332382e-05,1.9494881513123508,0.8830494140980463,-0.1351476605813069,3.6644256197988554,3.7995732803801623,0.003955537694887123,0,0,0,0
81.96077029768296,20.243073658827512,44.54215254428749,138.91225634509146,94.37010380080397,0.08723078018162375,392.4604598180314,88.13490869015536,226.32847413254572,615.8535375673785,389.52506343483276,-0.015130744498299434,59.93322060735816,9.635412412130261,23.50704973889797,80.8550215266929,57.347971787794926,-0.022891813637931732,36.47362195188578,0.31118913652565533,35.70565318178981,37.0963765666336,1.3907233848437883,0.0023705044237400555,2.0580909262738367,0.8393932107912748,0.3458373078795205,4.1692347577938875,3.823397449914367,-0.010568319195988532,0,0,0,0
78.71042307198682,20.23322552197926,30.50534407452446,135.71661861088373,105.21127453635927,-0.40730155508351656,378.1476817534725,98.20904846622639,157.9863671483971,606.9618466962513,448.9754795478542,1.2694234154196562,59.33686165207734,8.949858228107988,40.36383871975498,80.14906334607377,39.785224626318794,0.1620476359699216,36.53035085971904,0.23450301224527056,36.06075477849945,37.08004655651129,1.0192917780118407,1.88235007906128e-05,1.9100459636951677,0.7859000951335379,0.29778938465670657,4.144757039373747,3.846967654717041,0.0031926532948488595,0,0,0,0
80.14781950881158,18.61099024515711,27.34106691376433,112.80375536845045,85.46268845468612,0.07511292083721506,393.39390005406443,91.98445835544175,157.1928159843976,589.4704621754272,432.2776461910296,-1.926670205192164,58.2442057157031,10.578001660529244,31.913860831884104,80.29736259397299,48.38350176208888,-0.016963970187677976,36.4482937110824,0.27361067069416556,35.60658311175251,37.06846827942327,1.461885167670765,0.004321171765523873,2.1698730812425113,0.7155002011650623,0.9968977871210438,4.165360724659712,3.168462937538669,0.004292310590014976,0,0,0,0
78.26623819687804,20.08980786722483,34.914070456703705,130.0815999237762,95.16752946707248,-0.103835126470909,398.7239458090451,98.58896774545515,146.2271856423688,570.7418696423117,424.5146839999429,-1.2949080163932178,59.460369691526175,10.139897225169365,36.00524273896558,83.65718378227366,47.651941043308085,-0.0926934630814641,36.48992491084066,0.32211395369398593,35.8510671791894,37.18741178309592,1.336344603906518,-0.004632306207870856,2.009349366370955,0.8448277410487677,0.10752658077491706,3.8728514098956954,3.7653248291207784,-0.0006078691947670818,0,0,0,0
74.3156784250099,20.013101484008267,33.01174945090909,114.63516332405106,81.62341387314197,0.04995048379518945,420.17027698200013,103.2386729162165,95.22011367054142,616.0989073949802,520.8787937244388,-0.07248280180991767,60.50538263809195,9.059662506848136,42.27320334744123,80.20816774476471,37.934964397323476,0.03794247679460557,36.48806239278972,0.3092292365084824,35.88764762467336,37.22822318880344,1.3405755641300772,0.0007052897360074551,2.1185206614129153,0.9417645720081785,0.05602263111834627,4.344776471155458,4.288753840037112,0.020765502621932056,0,0,0,0
76.11860305245744,18.418600288059547,33.374867159264994,126.35041239117686,92.97554523191187,-0.08161357530548628,423.73245873613524,114.4855035790976,94.35041296319412,680.3008431031715,585.9504301399774,-0.9525163836994498,60.73754508684529,7.518519703653035,43.975854220794815,77.87103204969314,33.895177828898326,-0.011363100457411991,36.59418814932172,0.2978318220468334,35.92594109050785,37.28760637857803,1.361665288070185,0.0017740728146910746,2.1580570658150084,0.8844252420463219,0.5947351644797678,4.273252722717608,3.67851755823784,-0.0061974012359804825,0,0,0,0
84.65237574247372,18.398951148996677,41.30803208581245,118.00397883661702,76.69594675080458,0.048317738518247874,398.79963723551737,116.21675689973763,200.97715071172422,736.0136535176566,535.0365028059324,-0.2399677665390813,59.31095258861238,11.872886345012155,38.071458555175326,87.85271276033184,49.781254205156515,-0.14735297132981626,36.523966066267796,0.2705805868706772,36.02009554764758,37.27681613391741,1.2567205862698287,-0.002080525668493451,1.9623063927361768,0.7698139510171754,-0.4792364981344557,4.270585579567072,4.749822077701528,-0.0037386968235532418,0,0,0,0
82.02469422252496,18.81902644043573,39.52396756426539,129.76777773888625,90.24381017462086,0.08267467456025716,404.5952951674598,87.22806299270555,181.3961539907349,565.7669540969648,384.3708001062299,-0.3292018287324364,61.63515741974617,10.160883115901392,27.313427813023907,81.43210603279074,54.118678219766835,-0.11721079006179787,36.50346527259359,0.2811038597392284,35.94885474181767,37.16520685203419,1.2163521102165191,0.00249765055529224,1.9811154091054664,0.751560827937727,0.6056999248934254,3.882301917229692,3.276601992336267,-0.007500890339275679,0,0,0,0
77.28287821396297,16.630243184663225,43.06118233941962,112.837539597189,69.77635725776938,0.07833147319698716,417.46200956587296,89.00778135491133,236.8504468603315,642.8121686683278,405.9617218079963,-0.028733188862816405,57.081661542660605,10.433332908869108,29.673627849460466,79.74540924627338,50.071781396812916,0.033286703737071835,36.45247701338884,0.3431293807330091,35.715286546847736,37.24016117329559,1.524874626447854,-4.8274045353958306e-05,1.879161404083064,0.6967269627419035,0.12544535275623936,3.7935654605220184,3.668120107765779,0.0014134543254364887,0,0,0,0
80.99605516455175,19.439140392275327,22.09134483866974,119.9834479808379,97.89210314216815,0.0036618943537822116,402.644025328803,112.68668969903709,99.1045742768477,708.1087165552199,609.0041422783722,0.060815993955306534,60.70422229723038,10.659647417278144,38.392177363548804,79.06244699801726,40.67026963446846,0.05281809103951388,36.557059338627056,0.30605982568785567,35.74658221520258,37.003204873264295,1.2566226580617155,-0.003102170546813855,2.104839715946421,0.6343658698862583,0.7396767959146962,3.249614213678911,2.5099374177642146,-0.008468411538604786,0,0,0,0
78.03329051232835,23.79197930542343,23.699654698101625,127.57610928918827,103.87645459108664,-0.21547114285212296,421.71966359534963,79.96577230777692,257.556255509406,575.3769869864864,317.82073147708036,0.42004812754532384,62.238035331600386,10.668882604409916,40.05297718665412,96.51948844469277,56.46651125803865,-0.13489564837516568,36.4931645938052,0.3210859532715123,35.92137114863857,37.100897233679945,1.179526085041374,-0.003382290313606313,1.9121352127274573,0.815466255815722,0.020135702566996372,3.218074632810539,3.197938930243543,0.003538298250413972,0,0,0,0
73.72970928781531,18.99094853662939,32.88005467071048,117.22207360781229,84.34201893710181,0.13726340866955775,410.8397801975377,108.32917274473452,149.70109538106198,680.4759193506281,530.7748239695661,0.17877376469634282,60.908734921590415,10.541100837050676,24.64803038290053,86.23511950211122,61.58708911921069,-0.12430007474448669,36.494734993459026,0.2671386567796121,35.95089102773478,37.10490831634727,1.1540172886124935,-0.0028600176119269716,1.9401028671222005,0.8026386761941254,0.24304065940398223,3.380777981986811,3.137737322582829,-0.0005140155027299576,0,0,0,0
82.35589025959528,23.92088727918761,28.097717189076377,126.33021463599742,98.23249744692104,0.22906223034741977,420.1638924978911,102.84269634383311,142.87451831160809,675.8797195527613,533.0052012411533,-0.3035845587204607,61.80040057929991,10.210107935839819,38.24499905618144,82.8311490222103,44.586149966028856,-0.06956829059155405,36.55297268817426,0.2551736885267601,36.09690422708617,37.401561100934906,1.3046568738487352,0.0018967241238378532,2.0068831895241965,0.8047085638825713,0.06300042617530077,3.451016690882941,3.38801626470764,0.02513247090191478,0,0,0,0
81.81060930157501,19.505568801440134,48.76106055208931,135.41622744745413,86.65516689536483,-0.08683990983224271,414.1615376946758,109.87310371948058,165.80736078759074,635.8338972139586,470.0265364263679,0.9553860991947473,57.82126301361911,9.853894590396747,36.66207684987627,78.67355935097598,42.01148250109971,0.13585875308160045,36.50868465723775,0.31420267871370317,35.79183477408378,37.259410518985455,1.4675757449016729,0.003074139007324286,2.064496175437954,0.7352936434167358,-0.08691752750440385,3.431789225631484,3.5187067531358878,-0.0017393416191473859,0,0,0,0
82.91118609468795,17.589047314656508,43.545042808915845,125.75379196577117,82.20874915685533,-0.04042194611383416,398.13616452234436,95.27050510535109,206.1297996871191,694.9991945708566,488.8693948837375,0.3065336424548693,57.62518880069665,8.739450648911372,39.50199962013613,78.04725742789574,38.54525780775961,0.09732321413336589,36.46963147781582,0.3252881030222094,35.4910167113766,37.20792326601011,1.7169065546335105,0.0006555547212525822,2.138602926982021,0.628557547411411,0.784382345840962,3.752913800663647,2.968531454822685,-0.002978423792883333,0,0,0,0
82.78597069983323,17.733103765901276,44.405775033105954,115.78859105551658,71.38281602241062,0.07787460567203058,412.0911623481017,114.90214621234526,161.4285709045019,683.3471066357388,521.918535731237,-1.4268122936497711,59.37370562501214,10.525933952122946,37.81206567187601,83.88720509635425,46.07513942447824,-0.01930958687471122,36.52223067387257,0.3025310587614498,35.678986281058286,37.07110884968791,1.392122568629624,-0.005748020274573448,1.844592758210064,0.7417922287848179,-0.4981271100550999,3.0322552794541657,3.5303823895092656,0.012359636776199454,0,0,0,0
80.28056353945814,20.017795968112605,36.4142392433589,121.13889723297505,84.72465798961616,0.04267780718472327,396.9436420421164,106.3870915971857,155.14657284030434,618.8987319226727,463.7521590823684,-1.1666074451461126,60.42406044586046,9.74484203745523,40.560985910518795,85.71353455394255,45.152548643423756,-0.019117292521673004,36.48729166876359,0.31703946704239605,35.69678666851458,37.084938299223786,1.3881516307092099,-0.0006001561848221452,2.0799027182306853,0.6978305122213607,0.6185611277805874,3.4458374290643823,2.8272763012837947,0.001308398451907103,0,0,0,0
78.50989685928205,22.986027427376463,21.040828088735452,124.11183969492248,103.07101160618703,0.12342106959075531,407.55262593524674,95.41303234421622,219.31728609029972,634.4800809421747,415.162794851875,-0.12098899477260137,60.26958068560996,8.56772402075943,44.376536689401476,81.0551815111632,36.67864482176172,-0.01688315120845203,36.48803483275879,0.2812701919673097,35.83144041876131,37.35259296471351,1.521152545952198,-0.0031277165815833835,1.9126353533658884,0.7848546494437622,0.04736735868538755,3.5407157034761463,3.4933483447907587,0.010007917567210062,0,0,0,0
81.75529700639763,19.00313779102338,38.264133382988106,121.32486980481968,83.06073642183158,0.28619625772322,412.41394850797764,100.0865661089636,186.80384970217446,637.4977009039437,450.69385120176923,-0.5421340033214378,60.25811160876473,11.724411325254811,35.801844650144446,92.38380990058099,56.58196525043654,0.10667514956370897,36.53619336409875,0.29706138837305773,35.987736234453266,37.14692292052407,1.1591866860708038,0.0013645611759267957,2.0801241532285677,0.8405090125161558,-0.08564227387214673,4.170438405440638,4.2560806793127846,0.005473548897682751,0,0,0,0
79.46002824963394,20.06050953809953,41.495629036440846,136.94561566510504,95.44998662866419,-0.06405449664729278,416.7952428172721,92.94536826592599,239.68300765409325,647.2003937121443,407.5173860580511,0.22504165607204699,61.29694802373022,9.903023526565677,42.142988013691536,95.55187237572363,53.4088843620321,-0.036667072747452525,36.48998037067559,0.23504646411037727,35.81720776204406,37.042001917833154,1.2247941557890911,-0.004743019017057826,1.8802861869142058,0.8178450517934899,-0.34615936782635837,4.220314673670751,4.566474041497109,0.003249725638999804,0,0,0,0
88.05656735092629,16.798155746531982,42.7850165098604,141.90956782413235,99.12455131427195,-0.012541709226344866,409.23877135973487,85.25467772587345,185.188646360585,589.0748226535234,403.88617629293833,0.6389124903453258,59.14612479357781,11.209048795390837,30.32322651815028,85.46719974060395,55.14397322245367,-0.23528234962025243,36.49858404536234,0.27254230915289024,35.98593715520349,37.111809988345115,1.125872833141628,-0.007131678223467063,1.940278611560551,0.8211596786635711,0.0932812226811246,3.8049409636941256,3.7116597410130012,-0.002023128039176445,0,0,0,0
84.32156540764586,18.22825772450337,52.51999952970465,133.60182680258237,81.08182727287772,-0.2828565018899432,384.21020652304105,97.43662653604181,113.6305687668326,577.1762189430802,463.54565017624765,-2.6097889829558634,59.504868953575084,11.942583438834365,36.7621235243729,88.58295049487074,51.82082697049784,-0.10274292955963678,36.529866724332535,0.27877515954625304,36.018725595484916,37.16049841820558,1.141772822720661,0.0009731871713216488,2.0310343040024477,0.8295756410237977,-0.05686879226695529,4.196394042212635,4.253262834479591,0.0016461549271782896,0,0,0,0
77.32276303865805,15.790000195096415,47.312100188591614,110.86740514423889,63.55530495564727,0.1246298738123769,392.5270947572641,89.3618973017568,230.62523169487665,692.960204329494,462.3349726346173,0.6164818219167914,60.30514022457594,9.797877539330425,34.65109300390971,85.18871726672903,50.53762426281932,0.12007908511807687,36.54278850438919,0.3077160798940796,35.879804744979815,37.31524072084854,1.435435975868728,0.002841523659811945,2.1702768086357334,0.8006281434244635,0.18513029548196824,3.6363278445017575,3.4511975490197893,0.006842150665565329,0,0,0,0
80.77247930405294,22.457847380313428,27.539473408550982,130.655908112726,103.11643470417502,0.15549421750209858,384.331761210198,105.11744273968074,157.87921729031095,629.0233984064009,471.14418111608995,-0.3475921477081039,60.627573069691294,9.201111845915973,42.48691923767316,80.26881009345573,37.781890855782564,0.1542701281743066,36.4901978660728,0.28287608587226293,35.88379106404736,37.32466017265741,1.4408691086100518,0.0008574209649183964,2.2789349618715677,0.7862252932339994,0.6264512468003198,4.056415419221355,3.429964172421035,-0.004829074409240308,0,0,0,0
82.6320097336505,16.741976862440172,40.55479649695925,144.7921327544043,104.23733625744504,-0.034838310564602015,407.051636011776,115.68110926393474,39.19036420112121,725.6759146733402,686.4855504722191,0.4857687551451696,57.83610564646341,10.218711842908894,28.777133145025537,80.68284444368791,51.905711298662375,0.18151040910026914,36.532757312057775,0.337415646779312,35.69067393428617,37.29904154321342,1.608367608927253,-0.0038095782813987442,2.018679455545386,0.6956495742988589,0.44216010451357635,3.730733834701642,3.2885737301880655,-0.0021441702987583856,0,0,0,0
76.53080449824134,19.405861194515403,31.614879532981604,116.87029241951497,85.25541288653336,0.20587659176983655,391.45242078152677,93.49071518922922,171.1780668689955,574.2220939807894,403.04402711179387,0.3960194264466597,60.90195420262332,8.574033155393458,39.88430092635801,81.85398098455819,41.96968005820018,-0.09634251118752024,36.52078876712068,0.3440322059796747,35.816160603134016,37.22957332443824,1.4134127213042262,0.003232120336290009,1.833056206596072,0.7555880486623894,-0.07956205191401988,3.164637591840766,3.244199643754786,0.0028249508508941487,0,0,0,0
76.44371962462361,18.36643814591737,30.546212542904385,119.41988279954145,88.87367025663707,-0.04630032837705559,413.89204719570773,110.9510805191642,198.8287281473495,670.591497351995,471.76276920464556,-1.5893020995487535,60.20487320358675,10.105822881799437,40.37968636217997,83.93983913685241,43.560152774672446,0.10712172133703271,36.515359032168426,0.31150773044057983,35.89834047332441,37.379942416401875,1.4816019430774645,-0.00078115971734823,1.9479371390408717,0.8450067519336825,0.11160507458377644,3.7991247346929757,3.6875196601091993,-0.0051878773356382685,0,0,0,0
81.99883648320561,21.292825977022332,42.24353360568974,144.61977772971622,102.37624412402647,-0.16995553127214588,412.76503819725775,105.39359002932139,192.79951808193036,670.9008064299136,478.1012883479832,-0.03138518632638907,59.2228629149884,8.41919985183922,39.878280011021005,86.86992145400748,46.99164144298648,-0.01633811013788375,36.53425542110234,0.29848867056998424,36.02064850031225,37.275847188240036,1.2551986879277877,-0.0015950679434009122,2.0797987885256677,0.7832532859520834,0.5587604320756805,3.6872954981509363,3.1285350660752558,0.0007898004614951237,0,0,0,0
79.89623451940989,20.31803766887462,30.755574356301082,121.32877399495123,90.57319963865015,-0.11974206008490551,412.6557681527636,100.10065379444067,227.75914313456133,654.2208468536035,426.46170371904213,-0.987355286423732,60.10841159901191,11.194581346427086,39.27664764852891,81.65242948573223,42.37578183720332,-0.02550937693890566,36.52741297463187,0.289043257854373,35.88476004626061,37.24257052627946,1.3578104800188484,-0.0030192981263623083,1.844769787227031,0.8209439102122656,0.15789850205140876,4.373772448162956,4.2158739461115475,0.0015814418714104033,0,0,0,0
82.19021169219506,17.642672190441473,41.80720883103602,116.37100021576617,74.56379138473015,0.2635344312372181,401.1510532720581,104.06892554656748,175.16180736944312,663.8552663300717,488.69345896062856,1.8912155628609837,62.22760139726901,10.058433505232168,38.26200133335689,83.18516987118434,44.92316853782745,-0.11274075864817697,36.54995279483009,0.27499782595254796,35.868897177918385,37.12265415264818,1.2537569747297965,-0.0021659457454532905,1.8910500493274527,0.7858302103458596,-0.31191459629577345,3.7977209759882946,4.109635572284068,0.009393638878356462,0,0,0,0
83.13308196919895,17.543024581476455,42.947422827350806,126.45357410026537,83.50615127291456,0.019107767286005644,398.72435927595615,83.63807838231604,223.417181839137,619.9804908127087,396.5633089735717,-0.3292532812584254,59.30665570002302,10.495771413627395,37.07880520527654,90.31538615272484,53.2365809474483,-0.09585161160130572,36.52738950264757,0.3169686096351888,35.98658188325642,37.22316067327471,1.2365787900182923,0.003394570969985659,1.6834359448246465,0.7238412514054671,0.17694946344298113,3.1887308438724022,3.0117813804294213,0.002496193147412376,0,0,0,0
79.50444267661132,18.5393516637194,38.200785268985406,118.65312000649863,80.45233473751321,-0.4847428802448999,412.09503547965096,88.45596187874293,197.58624928155086,632.5735887148354,434.98733943328455,0.07837753428291856,61.79203117799538,10.884945883164688,36.65945469832838,82.57537293429635,45.91591823596797,-0.08619076962806524,36.487099317556265,0.3152334811529484,35.71094849273989,37.11892959733611,1.4079811045962245,0.0012858968314620658,1.8809971418736309,0.6661291406175084,0.6423270639860987,3.923061673189027,3.280734609202928,0.00040393569706923877,0,0,0,0
83.25855035256204,20.256367185324375,38.77078602110749,131.53788637319295,92.76710035208546,0.17933440251609928,390.33353479817686,82.60652759206053,197.19609339500894,523.2555744930472,326.0594810980383,0.7771431211350454,59.193602709750934,9.806771253699221,40.73924292998508,84.87904313396118,44.139800203976094,-0.025517568732790825,36.48381998776934,0.23707436054603465,35.97399616508704,36.96932845185899,0.995332286771955,-0.00215249525506103,2.021572700083508,0.761126736598523,0.4429303126104127,3.4860707839623455,3.0431404713519328,-0.00042951909836387136,0,0,0,0
81.54593817859589,20.83394511300085,36.89118071104102,128.93692217298246,92.04574146194145,0.17004876728010188,443.30476047336145,107.99979619249002,254.99143627839388,723.9069337204359,468.915497442042,1.503834985127945,61.873189707914214,11.65930688549813,44.13635426038657,90.12017150189904,45.98381724151247,-0.021879006175103924,36.4691853464418,0.21912181678576276,35.93505047150736,37.039194945649754,1.1041444741423945,0.0021687627672533553,1.9722655167818148,0.7366595355361719,0.8458562232238733,3.9118433658409026,3.065987142617029,-0.001691971777630342,0,0,0,0
77.80485906536384,19.601856725432356,36.69206447143079,130.96002572803894,94.26796125660815,0.007593536873851101,398.3850791084839,96.41060261918487,35.10437578695962,584.5509639972377,549.446588210278,0.812945139378043,61.24822101420555,10.852575473049857,39.24978429841737,88.80867121680276,49.5588869183854,-0.12340731337700367,36.56378401075654,0.3701025570808792,35.759332336293795,37.682689218370705,1.9233568820769094,0.0017421312309429714,1.9437862920066442,0.8205733599874102,-0.27099665046275057,3.9692854455408657,4.240282096003616,0.004968759626231283,0,0,0,0
76.64541260691564,21.469145430568876,36.336121817262224,123.31441087595313,86.9782890586909,0.02563118191472772,415.3641623248425,105.71197052100422,144.28465245534042,633.6680596759593,489.3834072206189,-0.9594483954948019,58.841867421041464,9.456970217868895,40.80702152183377,82.73213620671653,41.925114684882764,0.01993712107757676,36.45311403630115,0.24154701901125714,35.96582558904394,36.97193165478795,1.0061060657440137,0.00023633705200838196,2.0164969760462887,0.8413710521132612,0.0648842731239283,3.8101761561691316,3.745291883045203,-0.0010715204598676924,0,0,0,0
78.62948094262703,16.242442114061888,45.601678808347394,117.8140395260967,72.2123607177493,-0.08692905115181497,409.012489955008,115.20341350968529,158.41704473815574,673.0268832065552,514.6098384683995,0.8043375682050521,61.58201849525145,8.82239606774263,43.9974365447318,88.43397258338294,44.43653603865114,-0.08183104042089097,36.44563577819758,0.28644041216784416,35.78957352883147,37.173481772600994,1.3839082437695254,0.0006505239810494345,2.0423574924328927,0.8747850896434495,0.14955409775319595,4.6373418420589,4.487787744305704,-0.0016122379323975466,0,0,0,0
80.8047387510414,22.92270076542796,32.47996028437892,121.22032240810815,88.74036212372923,-0.12734401873887005,396.0375155404057,110.11343795564208,98.25621525883986,575.7106427314093,477.4544274725694,-0.8694763909741424,60.77341006101524,9.3111737682749,39.541646621957014,87.77886070175724,48.237214079800225,0.026273385541285024,36.48008063872418,0.2961723865725968,35.94639312612565,37.15305897187653,1.2066658457508836,-0.00315865276184553,2.0986054818117057,0.8094382534220859,0.18360591202098986,3.517189358279081,3.3335834462580913,-0.005810604729857358,0,0,0,0
81.90592199731498,17.122220242639433,45.789182926288795,134.61028840609129,88.8211054798025,0.1063355708296547,391.0166694484807,103.30988969716606,199.64912151182355,611.7581628347871,412.10904132296355,0.1024156063893892,59.93361681620819,8.231552498580513,44.613892016579506,80.26719348201115,35.653301465431646,-0.15536830143493802,36.50879279962416,0.30284243896167173,35.85693240328463,37.16130407389509,1.3043716706104576,-0.004185783077361971,2.086179733999941,0.859142712380395,0.05082940574738526,3.6148410521793792,3.564011646431994,-0.0012411562839606037,0,0,0,0
78.51735112634904,18.94562274732365,41.18000271725071,141.08650660018827,99.90650388293756,0.035213497558174045,385.15750194128157,103.90596142396336,137.10561714942241,602.430360914472,465.32474376504956,-0.8393066970659823,61.062484566275565,9.532288494156544,35.31588517863888,77.87403933727944,42.55815415864056,-0.10439506877205325,36.49494165640531,0.2520004382254105,35.96475934946077,37.100902555237404,1.1361432057766336,0.004890797975358144,2.008602919408601,0.9141756612057527,0.0640703495976016,4.411934191599467,4.347863842001866,-0.005525236316431182,0,0,0,0
80.31321811045262,21.744457268234264,42.74655708046068,131.9788272132572,89.23227013279651,-0.10078223254299515,415.2420066145726,93.25342392885194,102.59271430513047,658.8932767693739,556.3005624642434,0.38939167008916487,62.03427252308056,10.598599092913435,37.68570166438108,82.25444385593916,44.56874219155808,-0.08998196336362574,36.46339693790153,0.3341654763598938,35.6974408352985,37.163354560377805,1.4659137250793037,0.0010088248540644142,2.1857972160849197,0.8315331726392778,-0.6916745399638877,4.170834719397836,4.862509259361723,0.002152813312728639,0,0,0,0
79.68935216788066,18.310261380678728,47.11446501677118,123.03622010594862,75.92175508917744,-0.14673209893595374,404.4021975262021,86.82015133516629,206.56944223737162,587.9034451692871,381.3340029319155,-0.7392478952572212,59.29148829227791,10.058025463340183,35.709342050529756,86.99275469614867,51.28341264561891,-0.016550077348388786,36.574676380113004,0.2840520678370774,35.9457925156807,37.152880933335936,1.2070884176552354,9.630960196699901e-05,2.0011895747093997,0.7817588580198548,-0.1364995888125482,3.3313800115455794,3.4678796003581276,0.006738942965074186,0,0,0,0
77.22961997385183,20.358187669203936,32.014342291343105,129.60219984357124,97.58785755222814,-0.08179342898345515,395.86577093093877,89.4729155654764,94.85232968255673,588.4038495814507,493.55151989889396,-0.20180222977622878,58.1398866332708,10.80599749525487,31.578027786445535,80.36139077268656,48.78336298624103,-0.013946715452359485,36.47259046642564,0.2540361256612871,35.99823380604882,37.0532606902697,1.0550268842208794,0.0036310168993930842,1.7981051633439558,0.706308386131706,0.36188110578990873,4.249043508181376,3.8871624023914677,-0.002336210674744674,0,0,0,0
78.87617685773391,17.971613356319338,42.95357959748173,118.04836885348601,75.09478925600428,-0.42698156602728343,398.1422305663899,99.47888257349832,155.90427027385658,658.6463363035166,502.74206602966,0.29772065950788773,61.4858916067798,9.486692887011088,39.09743823227798,85.8770065797406,46.779568347462614,0.005711283671524991,36.49696836544222,0.2958090742223008,35.8564048152501,37.0773650979792,1.220960282729095,0.005967146460167489,2.0550515979008206,0.9709390163325076,-0.198067095236369,5.149609951863604,5.347677047099973,0.005955813066220175,0,0,0,0
76.84518136401807,23.926601561575065,33.25825309222277,126.91923480631681,93.66098171409404,0.16748627127202123,406.2285910343201,95.67226357478172,215.23562147373318,658.6693106130919,443.43368913935865,0.70263900517313,60.21631270330721,8.54531900447696,40.657760773919684,78.58443237060506,37.926671596685374,0.06108954714045498,36.49622481211405,0.32540607693477325,35.80160272631542,37.19726860615418,1.3956658798387593,-0.0015100618162632272,2.1011387641770356,0.7649222824597701,0.05251755436370753,3.7028185991728124,3.6503010448091047,-0.0067594032988666656,0,0,0,0
76.03115846841133,19.766982531031925,30.17264810649219,108.96765581645306,78.79500770996087,0.15504831815891124,407.6372311404808,107.61032063667405,193.8009134150231,655.5702732802599,461.7693598652368,2.5548004982176304,59.99379044214822,9.933010196647896,35.798715472532336,81.83714412898601,46.038428656453675,0.11745380605810644,36.53114967561522,0.26205110593408054,35.94799477081451,37.261608733098456,1.3136139622839451,-0.00021879660074427098,1.8383749340043725,0.7839541409695269,0.12578868818956357,3.745070825876001,3.6192821376864375,-0.0026419017065754586,0,0,0,0
80.62821199416354,19.868170373662895,29.989501099168706,129.64406064866085,99.65455954949215,0.10844730277023058,403.00979151041014,102.14981214004337,158.00181058606643,654.5226957486221,496.5208851625557,0.45099285239830766,59.90697992084711,11.033212936563872,38.65346851963665,82.93112761150863,44.27765909187198,-0.1402596349394029,36.514479235066155,0.28607821588479115,35.90083570643813,37.33959719400033,1.4387614875622035,0.0008049557296485527,1.8162458008000473,0.7834991956920704,-0.06516049111745215,3.3289371403827355,3.3940976315001876,0.002809344354262156,0,0,0,0
77.38651059053198,20.65743881907069,34.615104279119365,131.82703129560764,97.21192701648827,0.39737337046138577,400.137488189182,100.08984742609606,206.01315424384538,625.5165321226874,419.503377878842,0.5298524226281001,58.70047482513886,11.704695616467848,28.455463662882412,85.52865290919785,57.07318924631544,0.06541839050685486,36.50581418427082,0.29070165825717376,35.80936876321086,37.19565475060175,1.3862859873908846,0.0025664741652398925,2.103090959267684,0.8465086869749229,0.3861699840333226,3.7904653872100997,3.404295403176777,-0.0066637964032781214,0,0,0,0
85.59183418983946,20.08390715155928,34.042759785782295,122.41768038078871,88.37492059500642,0.09552940291588871,414.872373701056,108.33926485777604,194.7638479008513,696.1821837287466,501.41833582789536,0.10020503179910321,62.76640340294728,10.6907248997282,44.35422390276735,87.68104287534928,43.326818972581925,0.0183935798210502,36.49587417056842,0.3044143649690924,35.85630840173466,37.065377982232235,1.2090695804975766,0.001791210046157127,2.0816325639207083,0.7416277748407671,0.11181450792156111,3.616402752804894,3.5045882448833328,-0.003131568420819129,0,0,0,0
77.97732794635468,19.231239915320852,35.618302375035135,116.83337486620503,81.2150724911699,-0.16198166714208986,403.7369743024929,91.21955285612654,144.6911567345169,551.31309234416,406.6219356096432,-0.19821623378945646,58.76389567805191,11.290384960135784,32.13169259407411,86.81698428378675,54.68529168971264,0.0072053965728884365,36.48921411916229,0.34010346489661153,35.75008547455303,37.022812907409545,1.272727432856513,-0.002338920206624829,2.1317938549229845,0.8199521662662116,0.6732857073652205,3.996358147028583,3.3230724396633624,0.011365401115672384,0,0,0,0
79.24799501796724,21.22418683359034,21.277790251284614,123.30899967758877,102.03120942630416,-0.03564648106811473,400.6887402760772,102.57148797336298,200.51168485413825,613.2109789309894,412.6992940768512,-0.2379069859782707,58.9788062905772,10.880841509951487,37.93623857115844,90.00449391822768,52.06825534706924,0.022845436487953796,36.52251169922123,0.24277967320070937,35.884710622992685,37.128083379747245,1.2433727567545603,0.00236410114433913,2.0366769218661984,0.7757837975454502,0.1906215311997217,3.9789070002182116,3.78828546901849,0.0006968518473732602,0,0,0,0
83.85087496572085,18.193953210779497,47.49649811492439,131.85531561294317,84.35881749801878,-0.3493477589481229,404.08150702216756,94.16260394888363,158.88739859156306,583.2148249653934,424.32742637383035,0.44639861156766636,61.3464324760353,10.593378406854884,38.804309136203074,84.64125562659558,45.836946490392506,0.0029350811216985982,36.50994414196239,0.2927927038825179,35.98513145795606,37.23335112688713,1.2482196689310712,0.00015341367238188674,1.937003191349123,0.8078337952671134,0.41661741429230115,3.741197007855794,3.3245795935634925,-0.003215156723105583,0,0,0,0
80.45550379784059,19.052330541859195,41.467833495015796,118.53096839906789,77.06313490405209,0.2507965803607477,388.2993355892073,95.02837032617003,221.28997893059633,586.1380658421922,364.84808691159583,0.7551463956614843,58.172477718780165,8.041086769492338,36.09537616509894,74.72044280162764,38.6250666365287,0.02780196376073451,36.45904829093711,0.2687155981699776,35.71816390037009,37.11684629074934,1.398682390379257,-0.00015197727458961683,2.07044027731964,0.7399761774190672,0.4948573538586736,3.8880268871617734,3.3931695333031,-0.005490738125582509,0,0,0,0
85.05139164849015,19.630851182231375,50.24706837353892,139.37576889363135,89.12870052009242,0.042837789749795574,383.62231753599445,95.47645617112872,161.48994203990927,533.8036575277486,372.3137154878393,-0.15855235905719245,63.19115110235175,9.14552605212712,48.86680409378012,83.9284482420808,35.06164414830069,-0.10809176615561936,36.5095834628031,0.280035012373743,36.04220623883433,37.13203952136017,1.0898332825258379,-0.0022239438546722114,1.9372802078166358,0.6553319502463287,0.3034432566288703,3.1378383838242025,2.8343951271953323,-0.0025575515748210097,0,0,0,0
78.79968836937962,19.810600122980926,36.999091283062945,118.38527325516,81.38618197209706,0.011348231034221173,393.42641267306686,104.84039060311487,140.04498567122204,581.809012008638,441.76402633741594,1.1348896002567896,59.87042406545058,8.293240388736557,30.77928298648554,73.59923196356495,42.819948977079406,-0.14824410971687463,36.541195500394736,0.27858784057158054,35.91449596830219,37.082312241279745,1.1678162729775536,0.004098932833635837,2.0151478827692904,0.7461255416720709,-0.2926310238176666,3.503565507987734,3.7961965318054007,-0.015492175739698662,0,0,0,0
81.5564289092744,14.294372195074397,53.347254510837445,119.96865279037164,66.62139827953419,0.1991922306850395,400.48233309505326,88.2190813814336,250.20433693499365,653.4513364129655,403.2469994779718,1.1489649843698444,59.74137943689879,9.574584204565003,37.7681266514508,80.86598876399819,43.09786211254739,0.042102588306488685,36.497332668466896,0.3391854091529291,35.779479218479274,37.04679416639119,1.2673149479119132,-0.0014553093394617256,1.9413144058636624,0.7575713326322863,0.30399473990791703,3.384667165108502,3.080672425200585,-0.0071131635139008035,0,0,0,0
81.30936761578826,19.901662488235186,38.906964353690725,123.96579936076026,85.05883500706953,0.16557757091862876,393.242403925122,92.36162645243249,196.09810778520912,606.4964327061559,410.39832492094683,0.46271643531415435,60.75698221335388,12.09880919404702,36.052160371232134,82.62553240667955,46.57337203544742,0.010766987941016585,36.506690757179,0.35081210820047004,35.751508494561854,37.16391287469769,1.4124043801358326,0.006492224999525189,1.9355866728425553,0.7025365604022471,0.27440420184783276,3.296468159465096,3.0220639576172634,-0.0020414720689445717,0,0,0,0
75.38706001704148,17.39024227778496,31.688083402833023,104.72727598983573,73.0391925870027,0.1400608556734673,376.8885366273544,92.20557524206342,65.0424447844864,541.620856522562,476.5784117380756,-0.9807025255059654,59.12010458448305,10.711447321283243,39.65326644645703,83.06767012648771,43.41440368003068,-0.2375841712087776,36.51590669797486,0.2781520147311281,35.806991570447394,37.17201517837862,1.365023607931228,0.0016943666653093763,1.7256960423528873,0.6819474799914537,0.33392277572467344,3.4464641841378585,3.1125414084131853,0.005851927547445852,0,0,0,0
77.99122529095467,20.41853870794337,33.877821282644184,119.85239235532796,85.97457107268377,0.07016223525720527,390.9161954178243,107.33680287132013,140.40146087963876,635.8331089066033,495.4316480269646,-0.7977321215216506,59.84021319796882,9.569208953152465,41.03414815528444,80.87231379342255,39.83816563813811,0.13721089277701728,36.436335835504444,0.34119870783824024,35.72626765126238,37.23562254571804,1.5093548944556545,0.001833525426439338,2.0079962839084917,0.7533028226916616,-0.0724044569444624,3.348287503518042,3.4206919604625043,-0.008527157997466792,0,0,0,0
86.08761224753603,19.690967790018966,29.871324547850158,123.50663604976917,93.635311501919,0.2230779233403185,395.9643939541162,102.1355838814856,178.22954187023083,591.7288221750446,413.49928030481374,-0.12903759981311247,58.48097009134702,9.744196884040075,38.57656291979307,75.8171600277212,37.24059710792813,0.07546086159406987,36.45626570514424,0.3103366439500237,35.957059044574265,37.1229819212893,1.1659228767150367,-0.00048424945767060076,1.9265808079974267,0.764936191710544,0.22930465004445244,3.346907189894686,3.1176025398502336,-0.0027966241287978076,0,0,0,0
82.40442414659533,19.081991568687783,48.00179683662289,126.38114835425375,78.37935151763087,-0.0809506853543376,401.8754519718848,101.94633055669341,189.9714578908024,664.1423035355874,474.170845644785,-0.5252929732206855,59.70459271344021,8.928243606382484,39.498804629899425,78.49654840213442,38.997743772235,0.06940276829877262,36.53046699184172,0.2837577707437274,35.86401302018391,37.187068793064654,1.3230557728807426,-0.003451944575295125,1.8101409562704853,0.8484928474494038,0.21059559138805417,4.309513736076013,4.098918144687959,-0.007638593560653256,0,0,0,0
85.02113791504311,15.240843749147942,53.131108503361986,117.91065316013251,64.77954465677053,-0.0811654844170814,391.69722809332524,103.70169564585724,228.98204920738905,716.807533483392,487.82548427600295,0.3057275925286968,60.01184761638825,8.18838639986227,35.66040898333933,77.94564197427226,42.28523299093293,-0.06299352321835361,36.408685131759796,0.2764849251326443,35.79861407019796,37.081882041972676,1.2832679717747197,0.0010063304073382642,2.0223426278782317,0.7800847901884013,0.20336254501096906,3.454215246027297,3.2508527010163277,0.0028592326601844967,0,0,0,0
81.04672678191469,19.96442617966107,41.75563211457143,138.97387581299952,97.2182436984281,0.004915877030858874,392.3366921526668,109.06985506018151,175.39294588984635,633.1239305275138,457.73098463766746,-1.2120896643036225,59.70364065460104,9.038399000804484,36.278229315345776,79.00742855567536,42.729199240329585,-0.030383594295684584,36.47277329321203,0.29664404809493694,35.85482615071983,37.24132755482819,1.3865014041083583,0.003863645861589169,2.1202496677038893,0.8092057620126986,0.2087367033227756,3.777307376532381,3.568570673209605,-0.0018011151662353344,0,0,0,0
73.40514135291926,19.3191461958962,22.217400901891075,110.91683293030721,88.69943202841614,-0.20531415097604253,383.941626576093,87.57041216272482,201.07362573964858,619.9014478611738,418.8278221215252,0.2712636661288145,59.952064768862456,9.579692571698637,43.364221364039686,85.79665799455296,42.43243663051327,0.06468558764517798,36.52306162965084,0.2652295341685179,35.79947584714799,37.01353950006422,1.2140636529162308,-0.0011519734503687585,1.9402794620267474,0.8418673290005475,0.033492883459916634,3.4894481177569734,3.4559552342970568,0.0034949396764405467,0,0,0,0
81.01298339769373,19.128658835323222,24.67712855745244,124.88150829376681,100.20437973631437,0.31121505780383735,381.9385964561992,100.78119097989382,167.8722098619267,573.8208077096028,405.9485978476761,-1.2575110738431095,60.67311744210282,10.268767261846824,36.84947172787329,81.23281820031261,44.383346472439314,-0.09884902868870106,36.51998534676417,0.33343737179096883,35.714191533660056,37.12809723483021,1.413905701170151,0.003156652015810171,2.3120249337963403,0.8347451315628486,0.2315077779422885,4.187783984875608,3.9562762069333197,-0.0063887392248370214,0,0,0,0
81.58648292319882,17.15432026213688,51.114133688083854,129.50420305092197,78.39006936283812,-0.3299514207810935,398.7014566504602,107.24728582789041,203.9533560425926,791.0331255140186,587.0797694714261,0.25808708478625275,58.75505540123916,9.902061976863601,27.399948477837135,75.60701969636982,48.20707121853268,-0.09636393409172653,36.498652084885414,0.33505144320132135,35.84847126617061,37.349232597762246,1.500761331591633,-0.001869089316032855,2.015139467747349,0.7454825778462019,0.1337426933119099,3.62416498779825,3.49042229448634,0.0035361254619577427,0,0,0,0
72.98702013815858,19.754706652292327,29.76313824350298,116.1972230272726,86.43408478376962,0.22202614261615874,411.10981597622066,98.78867533410191,221.62955427736867,650.3590362693451,428.7294819919764,-1.0800927042746586,60.53498946984835,8.695099044442712,42.22869707658981,84.6731594809213,42.44446240433149,0.010830622183795631,36.502423904011636,0.3045088315999233,35.86804911531575,37.45177476487679,1.583725649561039,0.0016632573482647103,2.0100084087654526,0.7437746873940562,-0.15889993370368627,3.9220266265143917,4.080926560218078,-0.003858671502586349,0,0,0,0
85.20461416093258,18.190754467925117,46.98936902576288,126.03536327831598,79.0459942525531,-0.07573641606375306,384.6748375509036,89.0279994276693,203.79562516669125,622.6472166347,418.8515914680088,-1.3018818879240286,60.13765491911307,10.076435662385183,32.07557533729593,77.1149108325359,45.03933549523997,-0.12112619345407205,36.514122474574144,0.26170700129532354,35.93148055153684,37.11564564190243,1.184165090365589,0.0029036285954877196,1.947417696662205,0.7140469390406522,0.09507863141170159,3.305430966123077,3.2103523347113754,-0.008100524350015256,0,0,0,0
80.35362857501791,19.996690718780904,25.947996384556767,117.75560262549392,91.80760624093716,0.08833714368960868,405.36051510969133,98.73923128811835,204.61224240679124,621.5718333346756,416.9595909278844,1.0178714691420787,62.179009919822576,9.870817963335805,40.858229247382766,86.09278098430046,45.234551736917695,0.04595890519940889,36.44625309453382,0.31087900874123914,35.84819991722139,37.123546679097025,1.2753467618756318,-0.0026274443264839736,1.9468616018446792,0.6379942241651089,0.4538532804587343,3.2624901489531712,2.808636868494437,-0.002794605011794402,0,0,0,0
80.37702552648912,17.83964544514571,47.550201197995655,128.88973775833512,81.33953656033947,0.24823496896494124,411.8669802928032,93.51014696773824,195.485058780373,585.5585527657142,390.0734939853412,-0.053870253566168695,63.293609491890074,10.379623431359558,42.55851278348216,84.80271721952712,42.24420443604497,0.06901094969528575,36.46132760511161,0.2358517292694122,35.85225569765974,37.07418563399501,1.2219299363352647,5.049985673738646e-05,2.0765702558308634,0.8775122576024911,0.1878593738144989,4.177539323244057,3.989679949429558,-0.0022053166967673033,0,0,0,0
78.30389009958856,20.039203589143597,41.48011377393398,120.28931965745141,78.80920588351744,-0.0713153641873775,411.48410673200016,107.38470170333139,124.21161499472964,629.0565407156662,504.84492572093654,-0.619948515112723,58.970343032969886,10.034801616774338,41.772411387962705,91.28592168979553,49.513510301832824,0.16782114297356748,36.53174710275061,0.3171137321478726,35.768061129682046,37.39265657167353,1.624595441991481,0.0003948491383818555,2.0612496876948914,0.7571772254343273,0.14509254811531846,3.69858983435735,3.5534972862420315,-0.0027244744499550027,0,0,0,0
77.48426739674372,21.887952192023647,32.418697781568824,139.63738512506615,107.21868734349732,0.06278456877171149,391.9787697238433,100.9274309646746,183.07505898202479,660.3922787094501,477.31721972742537,0.4479005262098334,58.80820828551894,10.04091980724374,37.246812528687336,79.72063012070001,42.47381759201267,-0.04648813438043835,36.571623065521514,0.2987156493731147,35.982052119222324,37.093475685190086,1.1114235659677618,-0.004624328154270183,2.114372238111027,0.7953174713276072,0.22343766144388755,3.7778241101708656,3.5543864487269783,-0.0025138566683425676,0,0,0,0
81.18736475237239,17.788041631775922,39.9763070695736,119.41233152187698,79.43602445230337,0.08685356967583921,395.6109906988347,89.53752874454143,120.83948934466895,579.4222486381834,458.58275929351447,-1.363590890912634,58.38684212253735,10.717447401053672,33.72283747374166,85.37009048021729,51.64725300647562,0.08713833316805016,36.50649360501725,0.37779253905344024,35.74818428957582,37.38032648354474,1.6321421939689245,-0.00027104039619619836,1.9740752942396194,0.7639673154693594,0.20880039211577772,3.225163014723705,3.0163626226079274,-0.01773372472710833,0,0,0,0
82.15756636101825,19.34354165255073,34.324260011095106,140.70669039403603,106.38243038294092,-0.20129966367419783,400.214175358805,101.24371968503091,210.57573555960641,658.3784567176108,447.8027211580044,-0.003381810149253064,59.86652362051203,10.878519283812688,31.041867790339982,80.52336962451025,49.481501834170274,0.1875371808104737,36.48873073360819,0.2830031690197256,35.74748540471662,37.069919431718986,1.322434027002366,0.001010744935840946,1.6769218118042994,0.86228156085761,-0.3557035063774161,3.4680961907697077,3.8237996971471238,0.0033332503235004953,0,0,0,0
83.05975229083273,22.252500626286793,37.52724069639218,136.59372509733157,99.0664844009394,0.14388584677768737,379.1956706780843,99.7097925683932,187.93340566939852,648.4519656683109,460.51855999891234,0.06547749264433553,62.36503976645106,8.336093595500664,37.44987345148097,79.59253489480152,42.14266144332055,-0.0633165645162111,36.49882008424664,0.2772115762892229,35.96630002234933,37.16424261150786,1.1979425891585294,0.0066012987218100495,1.928016319964651,0.7203758405383004,0.2269721276873542,3.1583933447291104,2.9314212170417564,0.00722873698536902,0,0,0,0
79.73359511285258,22.630023550484623,31.706810896138833,129.91815793103038,98.21134703489155,-0.3152362568340408,404.24438391604076,98.07976506957307,143.69227705548843,644.3291853666814,500.63690831119294,1.3008820048535548,59.945838630985335,9.465293969871649,39.681716646923945,85.14655591702393,45.464839270099986,-0.07773848168571182,36.50564654301574,0.29139987331508255,35.872242001341334,37.08824122838863,1.2159992270472983,-0.0005405498453946524,2.010558033209749,0.7881728417005268,0.4328140115104775,5.042903774400795,4.6100897628903175,0.005047578506976206,0,0,0,0
79.09336794803693,19.958922341653146,34.52579669002255,138.50938257320598,103.98358588318342,-0.11876794364781053,411.07385317554224,100.50578605700765,132.51989478474036,578.428679969207,445.90878518446664,-0.750177752349886,58.28821719692388,9.43669877416332,33.871336278814525,76.57273228839145,42.701396009576925,-0.006179225479875263,36.51762747914815,0.2795341340983609,35.87967607943376,37.19177556165175,1.3120994822179952,-0.0019044982838289262,2.131103645496856,0.7272213854459452,0.856355047944547,3.9745102327956783,3.1181551848511315,-0.0007524885559192544,0,0,0,0
75.88129090790392,19.759433759102816,30.13324941692788,122.21807645650385,92.08482703957597,-0.14386836612575707,410.5453633986346,94.57381027191046,209.71165336084385,758.7349936796334,549.0233403187895,0.6621468069377825,60.15012163377732,10.032659984483164,35.61381445792577,78.94727417233324,43.33345971440747,0.04157035349891362,36.48216423386267,0.2883780991683807,35.80130796901852,36.99374269269345,1.1924347236749355,-0.0003687701823868684,2.017473402467755,0.5592169097452153,0.6584548878186005,3.2423034413535112,2.583848553534911,-0.001066393733957173,0,0,0,0
79.89690994057304,17.503442061268785,33.716890548722176,125.47909378442817,91.762203235706,0.10085605407993126,417.9144107329695,103.10091142582523,209.21856107065062,709.4594769056656,500.240915835015,0.4733842186691934,62.29523900900451,9.665096727248232,43.121370182172896,80.31839407854733,37.19702389637443,-0.053025884345991585,36.55302517125692,0.2718081787398494,35.92755235209245,37.064371566266324,1.136819214173876,0.0009340955139952776,2.1310598501283984,0.734448034580374,0.881605577675084,3.9764157051377547,3.0948101274626705,0.010199346004284768,0,0,0,0
78.77899986375654,19.190614441489938,35.71027813614705,121.40846462069138,85.69818648454432,-0.04840878776802734,400.44678509175793,95.39895702108896,191.62192880694639,561.0117123665786,369.3897835596323,0.4392863970686665,60.720749956789085,9.184239138316228,39.54777931346013,79.70589152559657,40.15811221213644,0.007453599661349515,36.57197743436793,0.2673267245812098,35.96083839569983,37.204850986875925,1.2440125911760944,-0.0007356998227812264,2.158596790917139,0.7941432830295854,0.10767985322393336,3.8352479411051936,3.7275680878812603,-0.0063234073878225,0,0,0,0
77.28182121320627,21.012424505027365,36.221814281475446,118.04673557981899,81.82492129834354,-0.12474933500861456,397.61944826035483,100.58273660563515,120.72556788263682,604.2623077589476,483.5367398763108,1.3223234363987415,61.39307204103681,9.789919298496512,43.139073718404646,94.74983831505456,51.610764596649915,0.24428109672278273,36.57552405421486,0.2792871552112584,35.897993779385736,37.05187425319221,1.153880473806474,0.0011261642627950184,1.8924815835536777,0.8972703151407334,-0.009982166969699335,3.6944572690363326,3.704439436006032,-0.001035681070479905,0,0,0,0
75.61691276245824,20.576540912604347,30.93701505225988,123.35620393069492,92.41918887843504,-0.09799206579199479,408.67199682219194,95.79734451772752,206.0253330997518,616.8502287193421,410.8248956195903,0.2898707826689294,60.52032067016165,9.437887289078493,29.583080337708743,86.44101060654435,56.85793026883561,0.09634714998484971,36.472587391169185,0.3151328074545939,35.65466633830059,37.35429234581129,1.6996260075106946,-0.0008222816177624107,2.0776254212000045,0.8087886913305322,0.5671686251655945,3.977219518617334,3.4100508934517393,0.0055531381886459045,0,0,0,0
83.15917968606425,17.567602484701485,41.305752012054214,118.99731984393458,77.69156783188036,0.003444227351969915,404.31430279035226,86.1134050694193,230.29421621433198,588.2227989054578,357.9285826911258,-0.40421859336312105,59.29905806479166,9.973205432713375,40.6405614568626,82.97256405588644,42.33200259902384,0.05852393649167661,36.47817208195485,0.31459757162647717,35.804677673685774,37.11233522898604,1.307657555300267,-0.005578592152799326,2.0371026968760826,0.7414722316782201,-0.11831588146397953,3.5066796433697838,3.6249955248337633,0.008822783260215487,0,0,0,0
79.18587046724005,20.201117236093353,12.12122714528715,122.41613133517156,110.2949041898844,-0.06661115566037772,415.53714841318987,81.54524147583206,224.46683634225545,566.4792626776392,342.0124263353838,-0.7406319271954971,60.80039642554187,9.070322999488639,41.69599135294162,79.21804359618721,37.5220522432456,-0.011587464893047064,36.499899744098954,0.28133651524578646,35.665822980896614,37.03479021830119,1.3689672374045756,0.00015887354083919005,2.068346689668239,0.6634494050405289,0.5294728009656535,3.1663459457437027,2.636873144778049,-0.004816124726401475,0,0,0,0
78.81186178045431,17.044357975684697,39.59898120182945,116.40444700181959,76.80546579999015,0.2091609282932271,405.68835254730635,94.9253300506098,198.94229028881233,578.8985506538,379.9562603649877,0.8650659763562594,58.65588938202206,10.271180017699752,41.85183562876087,82.67898098311659,40.82714535435572,0.03832983599780632,36.44369335095276,0.25705500140785725,35.74297555577661,36.88454006273478,1.1415645069581686,0.001416670478216184,1.9710006131226456,0.7741290222538338,0.08493751840212216,3.479923763522768,3.394986245120646,0.0035116037192423305,0,0,0,0
77.55892883047804,20.555431474751412,21.496876049157365,119.59971588393488,98.10283983477751,0.19245785473101454,411.9267104309528,84.15433205721826,196.10788938959155,551.1943501802314,355.0864607906398,0.7818712244984191,58.77126314996599,9.347457019192936,40.06617822262568,80.06353738211075,39.99735915948507,-0.09441523174426843,36.597823499065186,0.27403834302347363,35.956214786405575,37.06607209097865,1.109857304573076,-0.0002894773812846579,2.1766796589056123,0.8856496601328518,0.4347827362492429,4.284684532464175,3.8499017962149322,-0.001150942852070873,0,0,0,0
82.2715848883897,21.04707757847916,40.10170041181308,115.17237328435178,75.0706728725387,0.3087255437007831,397.71091860779575,109.38462217281683,57.591270612456015,582.5105903283825,524.9193197159265,2.4693998432432096,59.414659401631404,10.986998728449798,37.405281087997935,84.53191003132989,47.12662894333195,-0.03354445917195379,36.49215485015388,0.36448068503117687,35.38556924745761,37.32114160708941,1.9355723596317986,0.003053237736435303,2.110786983244565,0.7575865767858854,0.5926933973886543,3.5557728562478603,2.963079458859206,-0.005158268914765627,0,0,0,0
82.607882121095,21.993171581612405,18.749646537416773,130.55653075553232,111.80688421811556,0.384283352144024,381.3186883726807,84.53615206370709,227.6255716865323,547.2315042724211,319.6059325858888,-1.0003909903126624,59.50020011036628,10.931357310607703,35.28836607343011,97.72870126873408,62.44033519530397,-0.06003240583464539,36.55558331369973,0.2444588664293553,35.911321966366216,36.94203424759585,1.0307122812296328,0.006008824461619688,1.962353636750991,0.6448461625095998,0.7561489635275978,3.364671320459501,2.6085223569319034,0.0015882944090219566,0,0,0,0
79.86783048429832,22.078352382043484,22.933953326172862,124.40604924254535,101.4720959163725,0.2709545081780302,390.29646444291734,101.27001920948881,173.8168009312573,685.4163378969156,511.59953696565833,0.660609983214957,62.14126298550806,11.175078843962517,33.1959641738067,95.93861320431174,62.742649030505035,-0.019609545203461122,36.54751932440909,0.28746203085180505,35.87703212241631,37.222327690712646,1.3452955682963363,0.0013477030531892625,1.888668444717597,0.7607775444235984,0.4998014773376227,3.328377277860563,2.82857580052294,-0.008276390975986028,0,0,0,0
74.06633241978213,22.266397164631137,17.87046831721861,123.26362215480782,105.39315383758921,0.10032693902535021,383.48390820548843,96.50278997212095,170.45429396238617,631.822721554983,461.36842759259684,1.3289563079081521,59.829809380857434,8.712080388072234,43.08812612022638,82.07558008580236,38.98745396557598,0.0071613823282109966,36.4987518827855,0.2540292503318903,35.90729637269918,37.00471560166856,1.097419228969379,-0.001980963079071826,2.2548593137849426,0.705746467433628,1.1621484116468195,3.8278307415320327,2.6656823298852133,0.013078801763685408,0,0,0,0
75.95191664118656,22.756032673149374,32.1958419564354,114.09451761287129,81.89867565643588,-0.31597886683354925,368.9009172899488,81.35817842282319,188.47796930348264,566.9393225783934,378.46135327491083,1.4707824520194173,60.787409498457045,10.319927653070843,41.467033041318274,82.56905655505855,41.10202351374028,-0.0023545905490454013,36.514277436994746,0.25834838661865156,35.907825407058795,37.280544388313764,1.3727189812549696,-0.002404080301361666,2.0503942007053966,0.7967712075708567,-0.10493967736721999,3.9179214498562915,4.0228611272235115,-0.001131327007400286,0,0,0,0
84.2108102021563,19.61851754100564,42.89023134656545,133.64435364415317,90.75412229758771,0.2910620474079006,410.50330728214215,90.38069182352775,170.25875688382138,617.1636412737132,446.90488438989183,-0.3514662933367005,60.535919980603595,12.213830273593157,35.708328554621275,84.77896927185725,49.070640717235975,0.08173399473687795,36.51323369273787,0.31120648034601583,35.84666415466668,37.19933175752566,1.352667602858979,0.0022016276054965286,1.8771320339399322,0.8320780440825881,-0.17894100761816345,3.8495858960802,4.0285269036983635,-0.011579870552980535,0,0,0,0
79.0824908221848,21.05646105058814,14.906593727538379,117.59450692984716,102.68791320230878,0.4150946732640143,383.0927659831762,96.00956763375575,131.95548703905416,670.7332686086554,538.7777815696013,0.06633364407451209,58.49493772601388,8.345202825978463,38.99619780235285,72.92017829447451,33.92398049212166,-0.03804379094461384,36.49450916641231,0.27074171682670395,35.80845406296406,37.01177684742699,1.2033227844629266,0.0025247834107110863,1.952212733787434,0.7346350252651037,0.40301505542490723,4.362251176754901,3.959236121329994,-0.005282513802266192,0,0,0,0
79.92117338094005,20.17518580404414,27.731665352949832,123.39579470431937,95.66412935136954,-0.15498920371347605,394.14233625199404,75.26839244776615,284.18335000120817,562.6599980002622,278.4766479990541,-0.4224370634886914,59.77314785090851,10.389074017416995,38.46833309669434,82.19072028720728,43.72238719051295,0.004190936672328069,36.51657928729572,0.32138061939535933,35.802879277913064,37.01161061633604,1.2087313384229788,0.003182689208145553,2.1393069264853835,0.7892866814006675,0.5695420107798839,3.5256395502053137,2.95609753942543,0.0005007917958533938,0,0,0,0
79.72826621718009,21.53121602057077,41.69704076763683,126.76010630764623,85.0630655400094,0.14313046310107316,421.84299631337575,78.43423775648245,246.82722744193964,567.8000030196229,320.97277557768325,0.2410206207993483,59.57291067442597,8.282252451797994,38.02307825854563,79.84194647764966,41.818868219104026,0.06185472955134138,36.475031159664034,0.2999101634708443,35.87148017135429,37.197488050034025,1.3260078786797322,0.005319482450304226,2.0473120699787897,0.7655305780304936,0.6164583215002846,4.617363523642931,4.000905202142646,0.0037953577010095083,0,0,0,0
79.8101134207731,21.558987684423798,19.28074290275375,123.30998266237037,104.02923975961662,-0.05720262229661803,394.38078828026346,88.42251895306161,190.94396526179148,580.8440189179405,389.900053656149,0.0016046639337575865,61.755223349742565,10.957283093633327,36.34576657503802,81.01094113739228,44.66517456235426,0.013050356321456963,36.46925484589829,0.2699063844006731,35.89795119875236,37.02840811925791,1.1304569205055515,-0.0009890516347171696,2.026500287893735,0.7920533860161191,-0.09936450461082957,3.2997521858050876,3.399116690415917,-0.008754441384461228,0,0,0,0
75.55251270615742,19.208785246700174,25.103304196086214,126.28345852332387,101.18015432723766,0.1414730881243321,405.39218042513187,99.94525578644696,203.40253010125033,669.3876700140988,465.98513991284847,0.3943127817551105,58.66209817856868,9.856544512707757,37.56746164998897,78.22710605619342,40.65964440620445,-0.05183074333889604,36.556138033451354,0.2790430466134105,35.74946739796215,37.226789537902555,1.477322139940405,0.0011269585108211477,2.01412630296337,0.8101920191724485,0.0010632082149022448,4.4321675743901965,4.431104366175294,0.013818301172575055,0,0,0,0
78.14618934837536,21.95654643909192,30.965684931003032,152.3686036263835,121.40291869538046,0.10422893193364677,397.21319838659605,101.0603350609357,143.1583126208783,595.6504119287621,452.4920993078838,0.47848258264236593,56.88997766124641,10.478623450291838,33.96442968872371,79.2030295313691,45.238599842645385,0.02664065581888303,36.5342903961598,0.3093598349829602,35.69868868752293,37.30554582879865,1.606857141275718,-0.002663715273737255,2.136222001400624,0.742658733123993,-0.04766318182073048,4.189016233058588,4.236679414879319,-0.000674292631856928,0,0,0,0
81.09994553903661,20.67841445447782,38.44453850340426,136.48900457060034,98.04446606719608,0.204643080457945,397.12437499385624,100.29892467426411,47.725506931413406,631.1348527165771,583.4093457851637,0.49826387203767625,55.41246295537247,9.06740405509208,34.31412684852138,79.58210047513417,45.267973626612786,-0.2384503338123093,36.51886501594065,0.2433833518628077,36.060330537674275,37.02551441370737,0.9651838760330946,0.0006389956484555239,1.9367074788786323,0.7874225160114275,0.6451040804433668,4.011758429563654,3.366654349120288,0.011466970728730515,0,0,0,0
81.04186378265295,21.230061883898827,24.699458129492797,134.3004935323225,109.6010354028297,-0.21194074580997388,403.8310512640192,95.34242435387343,219.0372207754888,604.9958425640343,385.95862178854554,1.0475065790682838,60.24575763614851,8.763969602893262,39.211993856737834,75.58108860330807,36.36909474657024,-0.03594905342689029,36.44509251381769,0.32548276536981174,35.72456904231362,37.3811357670802,1.6565667247665843,0.0015606281309029652,1.9676850995426642,0.8732234451408217,0.08788514229961697,4.192118828764385,4.104233686464768,-0.004973345968516266,0,0,0,0
81.3729582290512,17.62510715991747,27.71284131812935,117.857806811791,90.14496549366164,-0.09504781645464876,392.1776956169687,100.40397872040741,146.75519185313317,567.3435454971994,420.5883536440663,0.0813516824678525,60.18438445651203,10.483126471127377,33.68483846087712,82.36363818334117,48.67879972246405,-0.07496748193143808,36.507841453551585,0.27691492965945974,35.741821260886944,37.02325258517794,1.281431324290999,-0.00232293514811463,2.0014400196788804,0.8349066001863207,0.35194510842225557,3.8255923586317584,3.4736472502095026,-0.009387324844157488,0,0,0,0
76.63395799636048,17.810363802728144,31.56899907828177,121.45444602359333,89.88544694531157,-0.057967594341964954,369.5786941784269,117.607420856815,152.70924456558475,746.8390090487303,594.1297644831456,-0.4279376461944079,60.854517286881155,9.122112062988444,41.815489856274425,79.56703962319679,37.751549766922366,0.09775302560900469,36.493528227457915,0.3126621755621268,35.8161723269549,37.176902097580985,1.3607297706260866,0.004673739936538931,1.9612577720377744,0.8486576124809126,-0.439061636251985,3.4736311731164227,3.9126928093684077,0.0007345753908015778,0,0,0,0
80.5944739113081,19.745518589300083,39.72718736650248,129.4761975498829,89.74901018338042,-0.03658537445020371,402.91953254284203,121.11792874913426,103.55172640943402,751.1775492807187,647.6258228712848,-1.3016224202684024,59.561428786544504,10.64538598748415,39.02591256359437,89.77385275780081,50.74794019420644,0.044765475578516616,36.51084637226355,0.2774242499701561,35.95333650718682,37.23309507993967,1.2797585727528542,-0.0007046934959710015,1.9312889570327432,0.712753130084536,0.021250665950699243,3.2983353030994325,3.277084637148733,0.01327039651886341,0,0,0,0
203.44334595095162,58.84985435279263,56.19160266465747,327.4058874313857,271.2142847667282,0.471821445027857,719.0327795401586,105.7031671408402,521.6498691465572,960.9458259805444,439.29595683398725,0.9029496822837199,97.77858302982123,23.34318283121187,45.24035292894071,154.06109026994207,108.82073734100136,-0.09226534779231958,37.494223151845,0.5497276228291691,36.38123952490369,38.736034668189866,2.354795143286175,-0.00023510029407596572,7.187233711263584,2.039224192751197,2.937178507702117,11.238458500242722,8.301279992540604,0.00536452470308331,1,0,0,0
215.9089487286067,42.908204382543396,128.43725569958872,321.1019306455211,192.6646749459324,-0.33107767828882784,702.7878968584758,92.61889405077623,502.7164457726458,980.3433071845652,477.62686141191944,0.9552510262046923,102.96176327835566,20.878685807496243,50.09044335191507,143.1167067384749,93.02626338655983,-0.21594927547780113,37.50137851180648,0.45542108768462664,36.458468923443355,38.41654349993767,1.9580745764943117,0.006059106683604352,7.280255505753761,1.6683826229899341,4.114387351511275,11.682989542521135,7.56860219100986,0.004189134621988902,1,0,0,0
195.19304374485094,47.28911825399385,89.55634970302167,310.8043369693926,221.2479872663709,-0.0020470443917028763,694.9201387797318,105.90029319414025,479.49606576159624,966.2554207220875,486.75935496049124,-0.7577640136543656,98.12121516250352,17.463432916835597,55.70484783460191,136.69340948970918,80.98856165510728,0.10434281447814077,37.519316846647094,0.43729970555579617,36.718905274675734,38.52195566224044,1.8030503875647028,0.00519290307191111,7.49564974651107,2.0698407599692388,1.6048966635666266,12.07407450316186,10.469177839595233,0.027655700483875667,1,0,0,0
195.46790838477006,46.6672585361195,60.39710434666367,287.13193579515416,226.7348314484905,0.3812541499173435,681.7205876095763,114.73622365316001,409.6242942774532,1014.0910262430784,604.4667319656253,-1.0648722031463926,99.30410620517365,22.131749684425646,62.31114750436309,153.19117710990446,90.88002960554137,0.24305051380577997,37.53390996654612,0.4966844221464289,36.598085104983014,38.778772816168775,2.1806877111857617,0.006470994195845767,6.929910345950365,1.6103407475322837,3.828934821660438,10.750783006477116,6.921848184816678,0.007769497938847821,1,0,0,0
205.20046291182487,57.004561965674085,76.22313219144449,335.6499806304621,259.4268484390176,0.4432250416025909,700.7317335016867,100.54778073230324,481.9124399475212,920.2975754423488,438.38513549482764,-0.07306681850225294,96.27109061247488,18.211713316853242,60.32369427314552,137.95774286552495,77.63404859237943,0.0803243139242214,37.46571121414616,0.5359263478760208,36.41704128382997,38.53491356662621,2.1178722827962417,-0.007238351889743611,7.407943252735171,1.6731951801558178,3.096537527079078,11.47234427760177,8.375806750522692,0.004105099485510594,1,0,0,0
201.0201579148866,52.78184748518687,78.61091381518706,322.3044010543077,243.6934872391206,-0.13212213149668373,700.7493740570629,115.10296253294621,421.8337661601634,927.2800060538124,505.44623989364896,-0.38984987088816964,99.7418628754593,18.96261014356272,51.26920289850602,139.78321971824244,88.51401681973641,-0.18447148275502012,37.48507525318958,0.47144008238390606,36.09132048323681,38.5719484036549,2.480627920418094,0.0012733444382764672,7.394414206291051,1.8200252300543065,3.5684903881482994,11.037148450073529,7.468658061925229,-0.01880447375317406,1,0,0,0
192.87451769421529,45.061136761262034,99.29602901107764,294.9979391293947,195.70191011831707,-0.6735745746798677,702.6122508457427,106.46147021533899,464.68965776340065,952.2155062417851,487.52584847838443,-0.48180151702928636,93.55197752459111,18.223755488963413,54.98217483022959,130.06518384699717,75.08300901676759,0.15804033220336483,37.447188505851344,0.518544189905457,36.28319913955749,38.68365224553929,2.4004531059818035,0.0003480680244054612,6.646581350700983,2.1693355653216506,1.3582698407108236,11.684689053608583,10.32641921289776,0.011613292221753528,1,0,0,0
210.98747946793105,48.47584484504044,87.28187553669804,329.20387399866684,241.9219984619688,0.20087064948537986,713.4169902334334,104.12943078718604,528.2159626255806,950.4575202315194,422.24155760593885,1.0086297150960042,103.42773559153707,21.34273662910098,62.508139638044476,153.7477231318344,91.23958349378992,0.04485473602901887,37.43047248070966,0.5049887952467317,36.412584695238955,38.54088786034349,2.1283031651045334,0.00038578631223382234,6.656932734240845,2.246399455289529,0.991716076544134,12.657881988569537,11.666165912025402,0.008769429617160077,1,0,0,0
208.11924268209134,51.78305644041941,44.112143884374575,299.7600985961779,255.64795471180332,-0.41980506620109853,684.3801327569629,110.30065479904295,455.50712205938214,920.9994710204583,465.4923489610761,-0.06311941692453586,101.45938370688393,21.58264994580416,52.501731402222916,151.6661327227282,99.16440132050529,0.13784425456150295,37.41516053723369,0.4568509753429374,36.509311735350266,38.35205320004955,1.8427414646992872,0.006849526110469796,6.9289103430830155,1.6568093494718565,3.355989565280674,10.057073029683119,6.701083464402445,-0.009618066076441693,1,0,0,0
188.54087913223924,44.25069145588,64.39876510680247,278.24992412638915,213.85115901958667,0.54196201382058,686.9801306083683,102.9833661107244,483.4407568249777,934.2006752707524,450.7599184457747,-0.7415697888088001,97.9842190308995,19.474263728185548,59.163999364253634,140.7206599392633,81.55666057500966,-0.4632960629894684,37.54645281502845,0.494704535616314,36.13845428514969,38.868595807319515,2.7301415221698235,-3.6121872280454744e-05,6.858241232344039,1.7975879278234888,2.6624574627433875,10.941271085785555,8.278813623042169,-0.0014643145728899059,1,0,0,0
190.71656196080426,52.51967420561709,25.41615895521727,339.0980782681049,313.68191931288766,0.8178469988220473,678.3801094365033,90.16218294632606,421.5835101163551,883.0945226490296,461.5110125326745,-2.063363091742179,103.33018029823137,19.192999525989187,59.842114978639536,142.975554146443,83.13343916780346,-0.1232145835924208,37.40680816603222,0.47081364855183366,36.43648802555441,38.25525098588072,1.8187629603263105,-0.007699477888495109,6.946723787926947,2.0742325508797155,3.139859552289882,10.949630091871118,7.809770539581236,-0.008428772685979337,1,0,0,0
195.17539582067928,54.38750591945805,60.67259035943934,303.64007577566656,242.96748541622722,0.0595224535162343,679.5679780580725,101.30874550599287,449.5942494275006,891.0276284130509,441.43337898555035,1.4304132092489243,99.59016506712882,20.594346947154847,54.2700875929896,151.5395640087474,97.2694764157578,0.22976269440120328,37.53537110225515,0.5346359887219769,36.31696431503612,38.405671768304416,2.0887074532682988,0.0044615286985366445,7.439351129119982,2.145347699489872,2.83313663647741,11.73296965505232,8.89983301857491,-0.003198177852042643,1,0,0,0
197.15336979709662,45.01731642222629,66.7519840677308,289.5882418028571,222.8362577351263,-0.8402326466139122,724.9058208203546,109.70735452130164,479.85207271647107,1043.3751888479514,563.5231161314804,-1.8738511196699124,101.71288731457668,18.487056097600654,56.71742621857274,133.43811030150448,76.72068408293174,0.11329030320233918,37.504748204442535,0.5339919782879582,36.01491699598025,38.84401899317226,2.829101997192012,-0.00102045641466967,6.724439675145677,1.7676902373239805,2.6434216890198803,9.911480916763553,7.268059227743673,-0.020891907437852703,1,0,0,0
198.23910657348512,49.2448236733605,111.41387682049248,290.53772042182413,179.12384360133166,-0.3191167088662905,702.1385599100977,98.9240192338132,399.60289338584744,890.9152453418624,491.31235195601494,-0.5165447962910951,99.53318904158847,19.853746413374065,53.95272627170445,145.68100388060233,91.72827760889788,0.06764386956654528,37.450027618190454,0.48576870720287496,36.47461330099345,38.72376774000395,2.2491544390105034,0.0013550299910276592,7.221771362191235,1.6914014286612233,3.1162763865865157,12.180468707878383,9.064192321291866,-0.004704353435093045,1,0,0,0
198.35500727107555,41.20390654435248,112.78177469885054,278.33102935999824,165.5492546611477,0.11646880119895556,720.4588451077516,81.76738484664938,517.0570829167203,890.414800309085,373.35771739236463,0.7936759397072797,98.17205209265694,20.8603138753583,44.85875550903107,153.79345764572668,108.9347021366956,0.16095538019053715,37.52567423016393,0.5015689588560351,36.269160272934776,38.74428065082194,2.4751203778871655,0.005017774379580268,6.774895274306983,1.8271054337577544,2.8382419643857597,12.056215274074395,9.217973309688634,-0.007864113815926903,1,0,0,0
197.08236320217344,54.00897636305989,66.70752508667067,330.5346729266599,263.8271478399892,-0.40955581671803615,674.9488748925147,88.46462030517979,488.04699239850913,852.5503712878703,364.5033788893612,0.5926836907742588,99.24060475263349,16.861146607300622,63.737188906266226,138.74667001551157,75.00948110924534,0.010384725313217644,37.41729906135281,0.5155323776633541,36.29796502809368,38.46838218446277,2.1704171563690906,0.0029355481667119026,7.339939270772627,1.9034750646033172,2.9567224006788955,10.918434971991516,7.961712571312621,-0.0020808359280816567,1,0,0,0
202.1621004172764,44.66266052723241,95.37918786809605,291.79791535099525,196.41872748289921,-0.029229018100189755,682.7174926391883,97.67026963261772,409.60229486727707,893.3453637091804,483.7430688419034,0.46751596648113924,103.20357993979219,18.52448224610737,49.39000391350274,144.03911899673432,94.64911508323158,-0.10966317534705394,37.591577558386604,0.4353672789682273,36.7354263130841,38.407329953553464,1.6719036404693668,0.0025988656967487443,6.749140217666663,2.2814170014747552,1.6402427339491101,11.439391715663426,9.799148981714316,0.03639124748961063,1,0,0,0
195.81069531058347,46.21176464638542,97.04847069810121,317.18935596149004,220.14088526338884,1.071930078270507,664.7687310283898,94.06859969160907,445.8755835667596,839.8880025720814,394.0124190053218,1.5031825276935922,100.14598627282255,22.188064561713343,42.40331559322965,144.1482913155665,101.74497572233685,0.2899162337671121,37.56708876776883,0.44890295850237233,36.435458703794595,38.30925912097052,1.8738004171759286,0.002252077008276253,7.205460465485049,1.7281570614908324,3.8520786633174207,11.158786973560893,7.306708310243472,-0.03238161943764501,1,0,0,0
207.64501682241564,47.99693004390575,111.29100640472348,305.7862575927739,194.49525118805042,-0.6140227532905608,721.9172690794516,106.8539014613794,486.688341080921,1002.363665864234,515.675324783313,-0.35074584651684987,96.59778886828464,18.759893659963872,56.91851980865724,138.4820158804679,81.56349607181068,-0.1428961973526343,37.511649312099095,0.5146090861911411,36.44926596887717,38.77465610227905,2.325390133401882,-0.0007277957440699866,6.781071746112263,2.0563685638684563,2.7433803419864047,11.436094323682651,8.692713981696247,-0.013477641576631484,1,0,0,0
194.88721476742424,48.27939171794517,68.79337294489389,332.44316101587793,263.6497880709841,0.8467883986098798,693.3653231015134,113.50681345674731,439.2813083239647,935.2278081004254,495.94649977646066,-0.12997215293349068,97.42496178031269,22.126429802505744,48.23258607046068,134.54300864595152,86.31042257549083,0.23375457800827804,37.59880131352033,0.5031829652422132,36.48076222323707,38.782768585560795,2.3020063623237235,0.006942196974202894,7.040039005675507,2.248403520871861,0.107906901278648,12.638151530957385,12.530244629678737,0.02008142431935229,1,0,0,0
194.7528654070784,53.70542470928749,53.23897614390873,289.6592127262129,236.42023658230417,0.5450431685994991,724.7501836926309,94.70566714142858,496.50639580349343,947.9719217283985,451.465525924905,1.5930906631145005,101.32845338389589,21.003503600084322,55.6583120232185,142.77139098072388,87.11307895750538,0.09649142637495799,37.60430911933021,0.4701633025977267,36.335185665166804,38.51045632961269,2.1752706644458826,-0.00172358660809569,6.723431898608251,2.0305784837054857,2.4775071322386486,10.428140506969683,7.9506333747310345,0.04634131098871465,1,0,0,0
192.06077019761756,46.56601257436339,97.13171564349227,299.11097202097,201.97925637747772,-0.3925103160667265,674.6852513007199,92.41292033192748,496.0018362864417,868.1008745265001,372.0990382400584,1.3169959927855532,99.84885902530054,20.377884906281324,56.99723751798715,138.34150697927265,81.3442694612855,0.0526975792854057,37.535196373659105,0.48224943952746907,36.30518560169313,38.348051075173714,2.042865473480582,0.005828568072258668,7.1320879308031575,1.9923133164234565,2.925464913903542,10.641970241064657,7.716505327161115,0.0032526096214824385,1,0,0,0
201.88988114776797,44.8395598650138,102.36861797075417,286.7743638241275,184.4057458533733,0.7811268060119009,672.9849359260642,88.43349528949587,471.1585299678822,848.099646364695,376.9411163968128,0.29563621560801834,101.16674837709252,20.956346327333783,27.521837182588214,140.72492160238158,113.20308441979337,-0.0017775600677470576,37.5656795259058,0.5275954469443243,36.396315306678204,38.736615693788146,2.3403003871099415,0.009443307976032366,6.714396325909048,1.9393063518640454,0.661252211414852,10.754105092209485,10.092852880794634,-0.003768220052083882,1,0,0,0
190.76592029046333,53.06479418965827,71.56356204041481,320.56234144227443,248.99877940185962,-0.21211937617919258,690.9238665703809,95.91022439376835,494.51965845354357,954.5057800206307,459.98612156708714,-1.0603837375463048,99.14162673643001,19.46694291104692,45.578522310326655,141.3322976452189,95.75377533489223,0.11989956630982058,37.618336266259064,0.44106418297783884,36.82328149042581,38.74615376173608,1.9228722713102684,0.004439036646252491,6.931835389440962,1.918494166481433,2.5250459000875125,10.341632892376682,7.816586992289169,0.020368020803186643,1,0,0,0
194.2117220629305,57.2162773497071,102.41716204621629,347.99625524293657,245.5790931967203,-0.8951982563400774,701.3152505668538,96.67292098470817,495.3307642172967,940.084554755653,444.7537905383563,1.0469641526102946,99.70369579177688,16.608235959037295,66.22124570121392,135.88568545685175,69.66443975563783,0.22453763119480427,37.49285031250306,0.5584312650914606,36.22364862938847,38.60371106703068,2.3800624376422093,-0.00253105905270072,7.003462589869372,1.9817217361484034,2.857787457578234,11.408817434526568,8.551029976948335,0.006354558661581038,1,0,0,0
211.48312911436867,47.84111894802639,109.90739858464113,291.03333296062647,181.12593437598534,0.5587445381671342,703.9545908888846,108.03707262180596,519.6021797401036,1048.0438269223632,528.4416471822597,-0.8528954859425707,99.90550466593417,19.433531194369696,60.598176601738004,141.87916163970812,81.28098503797011,0.045169094412359105,37.381947712571694,0.5496469466929268,36.070477291349015,38.97600998301346,2.9055326916644475,-0.00711246704227474,6.9574648402164145,1.8160206790590292,3.798628844111605,11.971962018699315,8.173333174587711,-0.014878390748723524,1,0,0,0
197.5766288409008,53.034801616292015,86.55872997323274,315.18699258258243,228.6282626093497,-0.7779446459639222,696.8483204946101,96.72045713511326,427.51047739361377,933.1108052292316,505.6003278356178,1.6236206692457962,94.68738311788276,17.648160431143797,61.797472908377465,138.49436910031332,76.69689619193585,0.08869523329654938,37.444046085691156,0.5232365632000902,36.22175879450989,38.92461090530521,2.7028521107953196,0.007457544210416618,7.047253229229801,1.9671244895499405,3.5163908781136723,11.075589224669738,7.559198346556066,-0.014039725192956012,1,0,0,0
198.9610567543696,40.670633286636736,94.58399265392667,297.40261826662515,202.8186256126985,-0.07878875298099977,707.4598086625268,86.12868695620026,494.6433533999659,870.8668712178403,376.2235178178744,0.7507695921605968,99.15139998682362,20.464837209885655,61.480847842052924,141.10252405267303,79.62167621062011,0.1221995353998345,37.453241202918186,0.47727122942217887,36.743829482514336,38.38974612637757,1.6459166438632309,-0.0006474439857728185,6.629369590834573,2.095233131711803,-0.1103171574590407,12.523824362602273,12.634141520061313,-0.011631633973577946,1,0,0,0
194.40852821897965,53.16713040797572,86.80627937844396,309.27385411683355,222.4675747383896,0.021208141316487017,660.7006195194642,100.89817051766673,391.08954554054634,837.7035841958475,446.61403865530116,0.8054281331404585,102.49224091891692,20.21556174447915,56.860885360222866,136.91771630904674,80.05683094882387,-0.06763469532920013,37.40241601795148,0.44400876030923175,36.462591652082764,38.51073981299419,2.048148160911424,-0.002232629149103095,6.9708311859714955,2.0867233241799337,1.4873200272996758,11.197781867178279,9.710461839878603,-0.03538066868546036,1,0,0,0
204.74819982364937,55.48109239000889,86.08185984271853,308.8201038437917,222.73824400107316,0.04082970678781887,696.5322559773064,95.56505877904215,521.2632258640094,924.8921043340811,403.62887847007164,-0.40395651174655933,99.68745523474252,21.839334139803505,46.33547567178452,145.8553229542309,99.51984728244638,-0.0342326500651175,37.46592391515086,0.42274172751078376,36.59599635707051,38.60437109867922,2.008374741608712,0.0014022465281254483,7.074713062558263,2.17675136395521,1.7792609255327756,11.265679712467627,9.486418786934852,0.01183675221385749,1,0,0,0
201.2528470636779,42.79170921940705,116.26056633243836,321.6111259099587,205.3505595775203,0.042526001155888414,689.0055186660513,95.4147715441584,481.47538789984515,869.6458902371963,388.1705023373512,0.36305703216621543,99.15513981131029,19.7274726719026,62.1774730775701,137.3294036945817,75.15193061701162,-0.05646976445178995,37.53245046698346,0.43991463409041376,36.55119592176997,38.42098189933853,1.8697859775685615,-0.000970752200906993,6.999610771300428,2.2344129006148967,1.7522460973081806,12.038475656718457,10.286229559410277,-0.03582494823641361,1,0,0,0
198.6854962863716,48.97343787905962,114.07796815632435,304.4333625526865,190.35539439636216,0.0043754215694728465,692.718742999933,117.5584765113741,466.02066142256393,1019.4753298290498,553.4546684064858,0.113341390032547,101.32486727412729,21.681488081775218,64.3953122434302,154.06177099296826,89.66645874953807,0.1474181464418351,37.56398139049727,0.3948302240750974,36.569565997347155,38.51454372999573,1.9449777326485744,0.0024257411235630083,6.890205405800478,1.8421069223267814,4.00859453155433,11.135436489081803,7.126841957527473,-0.00707889018432358,1,0,0,0
177.800914683273,52.03009914446669,43.916306847869464,315.54903288125684,271.63272603338737,-0.24527371870024808,700.0063314404313,91.03415839206984,477.2858774971068,872.9049941786546,395.61911668154784,-0.3303168891884643,99.26144885114878,19.50872189345516,63.91912723420472,142.60012551316782,78.6809982789631,-0.4656253951999293,37.42031320132684,0.4234332462393476,36.22934708545946,38.174933621294244,1.945586535834785,0.002398114544124619,7.1631874062524385,1.952047012832584,2.727091802934914,11.438058682959799,8.710966880024884,-0.0019898445210684125,1,0,0,0
201.14324297175824,54.44326700759056,104.36592170172544,348.8419533301123,244.47603162838686,-0.1412385360035289,683.5229855225791,102.2791281216499,430.41834963160437,947.3687374705855,516.9503878389812,0.40678634820986725,100.73093781109569,19.137526072035456,57.66594854920054,134.3570043957194,76.69105584651885,-0.15056549955513007,37.431573354782934,0.4642571298385034,36.49879870530301,38.484050882599696,1.9852521772966867,0.007918418554668984,7.273642676459014,2.3460923412798285,1.7323259980620307,12.787624532553377,11.055298534491346,0.01776462494390069,1,0,0,0
189.07815071462304,50.79656179432774,88.6421006037511,320.8866114354256,232.24451083167452,-0.5180120979197229,701.8509271050317,108.08633341346138,462.13636118683064,926.2692151364989,464.1328539496683,-0.5958044745349749,102.2880850890459,21.596664373101653,48.22918857092347,144.23335194368363,96.00416337276016,0.001383642494421014,37.45282219417658,0.5828981624294977,36.04905174572684,38.69535081539904,2.646299069672196,0.004601056572066581,7.278379051201204,2.0175290614528674,1.5922689142187982,12.031862221049003,10.439593306830204,-0.017507992404560913,1,0,0,0
202.2414575472768,48.70965070159656,110.94924379607939,320.3529576863889,209.40371389030952,0.38479998390355336,688.4961744740666,97.05803600047315,515.3615230275474,896.3315203383752,380.9699973108278,0.683467187301729,102.67462321686273,22.77185146140151,30.136590984753468,148.81045060055544,118.67385961580197,0.001639049211927081,37.47318530601868,0.48763548004072665,36.57336830293968,38.53681277195131,1.963444469011634,0.002022531254395209,6.943631538245439,1.8303997625857695,3.022586158504288,10.688456231300764,7.665870072796476,-0.006094480683466496,1,0,0,0
203.93553271821568,47.86177805101548,112.51332908548112,286.7310668218678,174.21773773638665,0.33063335229242674,730.9630018034559,102.84927418704719,527.9825122180569,964.202258325392,436.21974610733514,-0.13324741344347474,98.10084944655132,22.16542900942654,39.85161944767782,155.22753199940587,115.37591255172805,-0.007638429380053226,37.66695992432595,0.4706716699404158,36.69641965197292,39.06948115558058,2.3730615036076657,-0.002516355421609688,7.302103630610982,2.589483482294676,2.603049942430081,12.402980212037775,9.799930269607694,0.03122630301879888,1,0,0,0
193.6534826840135,45.381134343819596,90.49678447248692,319.03373583305495,228.53695136056803,0.07814682350773114,696.2740992627774,87.70286720128207,476.226348755084,876.0655324297816,399.83918367469755,0.32113467274788765,94.06435093267362,23.353844462125185,54.49348192830642,153.06443599426083,98.57095406595441,-0.25573194826316775,37.51955148964743,0.4649631695403504,36.41483592076541,38.56147756019685,2.1466416394314365,-0.0047577087008040106,6.893228234275247,2.1182783568148156,2.5113363568983553,11.062917295711454,8.5515809388131,-0.005907887829128737,1,0,0,0
205.75229767908698,54.301819559826,43.835081037554744,341.47280981706956,297.6377287795148,0.8102216607149889,687.9556862147493,104.77981109779039,426.9220631682539,893.6774595755124,466.75539640725856,0.8823998427678872,99.34822019684775,21.026470809962287,46.24487147868536,141.79396117562632,95.54908969694097,-0.25041097864526934,37.55883135502582,0.42539163455032236,36.843375353767414,38.50289671874376,1.6595213649763494,0.004007826199414991,6.952471980081392,2.2986890082219418,1.1464765069129301,12.562079591647603,11.415603084734673,0.008730453165527483,1,0,0,0
191.75030230834665,46.0185862952701,84.13983291644134,310.4479628267134,226.3081299102721,-0.3325244777002394,698.5656355760676,96.06475266017827,433.74924474545026,900.6247469387672,466.87550219331695,-0.18091612718672329,98.55864734224204,19.87561689907492,35.863224286697815,131.01975621292996,95.15653192623215,-0.12798655784459598,37.383544953253434,0.49716305840807534,36.4636739347767,38.749984851438484,2.286310916661783,0.002114382019958487,6.673343147706825,1.8750662064667112,3.0132608509552448,10.916617690030623,7.903356839075379,-0.005844960422241737,1,0,0,0
198.18046854269738,52.22054633146663,65.35995253085468,317.07721696901325,251.71726443815857,0.2775090932616401,707.9885590540742,87.82985821751218,549.9664515214126,932.5252317909714,382.5587802695587,-0.38595979692347787,98.81938882604535,23.768082994473616,51.3770153722558,149.25043387998477,97.87341850772897,-0.06341633490860557,37.36792613918063,0.39959252495908365,36.409977779516446,38.262013123397374,1.852035343880928,0.0009617681984944934,6.894210493183863,1.9591123577766065,2.5863431483021335,11.939413419091043,9.353070270788908,-0.006183716414808522,1,0,0,0
202.91918846021142,48.67215706290601,103.80928554052876,335.95441554814533,232.14513000761656,-0.060836553224789904,713.7955314152466,109.49899393394386,485.73677234901663,925.3186744659705,439.58190211695387,0.49308003672556255,99.94062230297497,20.354259119057854,66.83907255286769,148.45765565496873,81.61858310210104,-0.3597484066721016,37.491475545368196,0.5074241441770897,36.23970640440136,38.85654200636321,2.616835601961853,-0.01136946241472829,6.971390363617627,2.0242311211745974,2.9880342620301636,12.45943342148556,9.471399159455396,-0.031078240637176076,1,0,0,0
198.22344374111296,55.81381115804712,61.68685071435982,289.81540574956364,228.12855503520382,-0.034747392146283806,709.8403911660366,97.76333014357213,483.1330737401148,876.8235859034911,393.6905121633763,0.14055385843584053,105.71766729777917,22.254064657238764,56.633634375242885,159.86946394748617,103.23582957224329,-0.05055077058807612,37.493214240386216,0.4457205663390453,36.49121404002073,38.421802999512444,1.9305889594917147,0.006973706431440556,6.720156568480014,1.909304362617563,3.2143258271709905,11.012373945300666,7.798048118129676,-0.008987854077514094,1,0,0,0
204.850285268231,55.1548198409313,92.84917545943195,298.9263373222418,206.07716186280987,-0.31325933645782184,722.191880027489,122.1771336420835,405.0037522045692,960.5550009774623,555.5512487728931,0.0559954567846909,100.54604577240453,19.150472519381967,59.17407115452211,142.10038833233017,82.92631717780806,0.2862227450909397,37.4516344620499,0.5729476689798931,36.310982313137686,38.46486651152858,2.153884198390891,0.002696311402943429,6.639209103103496,2.094780953367296,2.218983833388984,10.436224395072534,8.21724056168355,-0.0051692570241045005,1,0,0,0
187.09722193597335,44.54988070199176,96.54377028217547,276.2884431437628,179.7446728615873,0.22476828114709174,695.1992899873164,102.3953242874137,455.81741132262044,931.8602776936079,476.0428663709875,0.28744347816230353,97.58240415827335,22.285385498690804,49.48351778701833,144.2233258224078,94.73980803538946,-0.15952155044570923,37.48144126523484,0.5086961104213418,36.36226778301341,38.60981352535049,2.2475457423370813,0.0027971546610605674,7.19012542025149,2.1734054414209054,0.1891648150701215,11.603129671088832,11.41396485601871,-0.026890261361613804,1,0,0,0
200.4419036393093,55.40387440527593,83.08537945735807,313.9906680114109,230.90528855405282,-0.08151752156325229,704.8691264429231,101.08050610866495,455.277639596126,980.2615242500558,524.9838846539299,-0.31409584383051925,99.19079034034499,19.75320465173019,58.30728585932554,145.5320052962078,87.22471943688228,0.24204841708185482,37.449354604661984,0.40136829971037086,36.565647399049396,38.322811123258006,1.7571637242086098,-0.0038770065729184493,6.869560580721173,2.0245666423302056,0.9872421599298464,10.700593689543204,9.713351529613359,0.010291491548906484,1,0,0,0
206.1590648141315,42.364043799573246,131.48927357820958,296.0518224817797,164.56254890357013,-0.06721532373321665,693.2188657633554,102.71001018467395,418.53861000280546,884.8267003032819,466.2880903004764,0.21961554700909422,103.60275389655551,22.996017873906727,55.828198374746506,166.09672545198327,110.26852707723677,-0.2598365201161779,37.446143822122934,0.4935279321058477,36.360999761968415,38.42512335928805,2.064123597319636,0.0024086230857417916,7.179978416686504,2.026696235666789,1.1985338938574364,11.246153263266304,10.047619369408867,-0.012646715777815894,1,0,0,0
212.71976253371275,44.24707282993267,86.18965220066622,313.4248926244836,227.2352404238174,0.5282198232102598,698.2073780661216,100.97701091985427,477.3734997784486,877.8893927041364,400.5158929256878,-1.078551725106774,101.62948583205575,20.441770930192472,62.834423527443874,156.549432120652,93.71500859320813,-0.4093104817867097,37.50954767236229,0.43810045613808574,36.36153357121388,38.63510489168477,2.273571320470886,0.00437559137848215,7.221104853388574,2.3239714325975416,2.079265534273137,12.154502251662075,10.075236717388938,-0.01946800578574237,1,0,0,0
200.1816624380339,49.15186100133205,96.07301505625445,304.9667738113835,208.89375875512906,-0.19652752519325906,690.8972249099061,111.67963383992618,448.9098634581393,911.4766771124473,462.566813654308,-1.7065294201463883,100.43052282126364,20.019771826610793,51.30632998211378,143.25652154548015,91.95019156336637,0.23948409426931358,37.45593587271728,0.48723623601966315,36.23259066937408,38.36460495608771,2.132014286713627,0.00022973709905241667,6.951804569350212,2.3001456654051866,2.1375267213988485,11.071402141424276,8.933875420025426,0.023191002042530783,1,0,0,0
204.12129418522088,48.68811171870983,98.17797978854136,288.3915515431398,190.21357175459846,0.9206344012452089,715.5843154579155,114.3326796710571,475.9613322517923,1009.4824455592459,533.5211133074536,1.5224436482484491,104.84392023861867,18.533494404835444,65.30954177457143,151.22172514469844,85.91218337012701,0.029384463030802232,37.56848907929629,0.47180136377886783,36.72917473713436,38.664970105918094,1.9357953687837366,0.0059823978196398234,7.64738410872297,2.0758146387192946,2.528187586213674,12.61322971169876,10.085042125485087,-0.03776850740571242,1,0,0,0
201.5644718814682,50.63487976298952,95.24509657548212,329.48890831169365,234.2438117362115,-0.5115787173345879,685.9888061396139,114.39826108959804,474.5622488137735,896.8793655004337,422.31711668666014,2.0528934499522626,97.54909081025058,21.169099445528897,55.43297172825468,137.35764514772202,81.92467341946735,-0.053891403629938356,37.56634823291663,0.47536606761154265,36.39539841322739,38.49198944197944,2.0965910287520515,0.0027377969567073724,6.796618882016145,2.2347725550097395,1.0784048917322897,11.548923151175263,10.470518259442972,0.013618245760621246,1,0,0,0
198.05295465716767,45.71210160793721,84.37597287753282,289.6995750529796,205.32360217544675,0.10206573900485774,691.9581205358477,87.02331160270985,505.04084392827974,897.1979059478483,392.15706201956857,0.012937889208256972,95.04462995078336,18.85080910150139,55.627801212607196,132.65344438610921,77.02564317350202,-0.07966421439778948,37.4747572714568,0.4481027899437854,36.21516882915876,38.46844849482459,2.253279665665829,-0.0021957293865365788,7.147800364798786,1.9073735532268812,2.988066781593555,11.379880242327005,8.391813460733449,0.00613845136568514,1,0,0,0
201.38509638979772,52.317744850994046,81.69712302098601,315.5747106546948,233.8775876337088,-0.22501711464375326,677.7691639718525,104.94126978037113,462.4444556038794,984.2333588798033,521.7889032759239,0.9876689972267726,99.15370929799651,22.340319847446636,36.49123637023588,145.0031239224486,108.51188755221271,0.07299305094671447,37.59845053269431,0.578148199394782,36.31884828085134,38.92907194148946,2.6102236606381197,-0.003974463673022695,7.247176329883907,1.840362767277614,3.612011189339828,11.843542813909055,8.231531624569227,0.019987913910338377,1,0,0,0
199.783166527936,50.20899085387487,122.85778468016511,327.0687884898142,204.2110038096491,0.6758692892792736,700.4033644277363,98.94781810105464,519.0291508920477,904.7307502702074,385.7015993781597,0.033991970989271515,102.07582563810016,19.451201016041697,65.82103307320072,150.6999126665406,84.87887959333987,-0.1928893130284978,37.519802023029605,0.49647926398211367,36.40078752512501,38.59060743298121,2.1898199078561973,-0.01226025591466721,7.137556906057302,2.2692436214076044,1.3561390490101735,12.658221858134224,11.302082809124052,0.02781957939593829,1,0,0,0
203.1976974196959,51.39980101834681,47.514618083244585,309.23208182354057,261.717463740296,0.3095538900695129,687.1805357245809,81.18921771302821,504.83646107077203,869.1138378660141,364.2773767952421,-0.3912241256207417,96.74652900622802,19.054820012004903,55.09644332060502,142.547033015362,87.45058969475697,0.04278738884166113,37.44700684548492,0.5655992661504741,36.35359054494508,38.77425887358541,2.420668328640332,-0.0046128006920638015,6.809753815354949,1.9222552036936018,2.5321241264397205,11.543893667240265,9.011769540800545,-0.009673371316869375,1,0,0,0
217.43083202764922,57.75165772749599,85.43283256053212,337.5441439191652,252.1113113586331,-0.36514129533142037,689.30991948057,86.42620622565455,444.8014310210966,858.0196067621486,413.21817574105194,-0.6851089614209883,96.6477536565162,19.482065104860975,47.4204908775223,131.10896417119272,83.68847329367043,0.19256367864036833,37.506552392186386,0.5875526708134401,36.27141960365016,38.7086863362576,2.4372667326074406,0.00895289662386674,6.975929003980704,1.9799243362499,2.990595089160368,11.398976193065643,8.408381103905274,0.0037320980081459562,1,0,0,0
182.85246311858074,40.37969223085048,96.56256920496247,267.0590319829384,170.49646277797592,-0.20419590977585397,688.5868634435542,90.84064999553841,445.1039783582688,890.6223677633288,445.51838940506,0.4181976859004901,105.66586173678999,21.68378351392051,61.445971046776734,150.93373940868597,89.48776836190923,0.1980484164725277,37.50266548924762,0.540870699874764,36.12816708757061,38.57351707748134,2.4453499899107314,-0.003560920582412311,7.411928205551102,2.017917312669153,2.8688782667765977,11.686979935432468,8.81810166865587,-0.011203578784694785,1,0,0,0
217.6799188697431,45.85987849003985,138.98777849023784,347.0100187685159,208.02224027827808,0.08211126881887555,719.0192027159968,84.73780992030872,568.4427029972381,922.5794232398781,354.13672024263997,-0.20980710230521069,98.40132474962506,21.06932435440607,47.140818375159995,143.454600665211,96.313782290051,-0.1762408019580844,37.458723864085975,0.4571674558061053,36.51405883943601,38.356042658046874,1.8419838186108635,-0.0012213350626345163,7.161970945819031,1.7647507783558216,3.4460630801315877,10.803644058540035,7.357580978408448,0.029579844161527803,1,0,0,0
192.05186644147815,53.12964267087434,75.84023080884563,302.1332582098317,226.29302740098606,0.28851679914432987,688.5118000842664,88.31732448747223,497.21391906928375,882.1297649843611,384.9158459150774,0.6964464878874249,104.99756599623107,23.82972568507778,66.6595481611949,161.38083736465933,94.72128920346442,0.02789142855277711,37.50483182756109,0.42867934830512955,36.51547528061953,38.48590936794881,1.9704340873292736,0.005180804338258691,7.2835382270543905,2.0431660291104765,3.493196790527716,12.682050328601061,9.188853538073346,0.029192766932031503,1,0,0,0
191.91113776234124,45.01688157204589,105.45536462972738,284.5074331941446,179.0520685644172,-0.051407406270696086,700.2630081320552,115.8396599454797,312.7464461074804,919.7178424248129,606.9713963173326,-0.0031516863996220315,106.05840719667056,20.222163937290873,44.25309013322371,144.332664103051,100.0795739698273,-0.1525692604269876,37.635827222315,0.48788919375809714,36.14124781614467,38.68353685616633,2.5422890400216573,-0.002698572681223113,6.947795772019847,2.6450610146277804,0.3179246426418292,12.02267378289546,11.70474914025363,-0.04018248983630984,1,0,0,0
208.87934950254308,50.93722312805683,91.73710046903933,320.614480309894,228.8773798408547,-0.6240749560394194,689.9152877520105,83.43849590124616,513.9496519936195,949.937072545594,435.98742055197454,-0.41158627754591753,99.04803234209471,19.341794674740328,55.06414233600506,133.19459999499728,78.13045765899221,-0.02123834546415403,37.34061522599694,0.5502958984875053,35.95666036222136,39.10412175716738,3.1474613949460135,0.0013610859692057497,6.806431809789672,2.103970833648043,2.5121090071577754,11.661753575881448,9.149644568723673,-0.0026908516066354578,1,0,0,0
207.62824423115828,48.02902281636895,115.0830828283863,311.00126581308626,195.91818298469997,0.01732194626145223,707.4156538523594,98.61373619730053,504.4366433266107,934.653217673862,430.21657434725125,-0.5473507935226857,96.74526456306155,16.85164361280093,60.04642378221256,142.08044470258093,82.03402092036838,0.15895232860384997,37.62411922038274,0.43251198969787524,36.6762844873507,38.39876580931612,1.722481321965418,0.0007347208725644096,7.203721631720095,2.2072372062447307,2.2106738745124472,12.27688739520962,10.066213520697172,0.0012187996335769346,1,0,0,0
202.1211163518263,49.748476823450225,108.54277845671454,316.7114452302418,208.16866677352726,0.2653144419839885,706.0826131294878,82.89500578366376,467.68449023332704,916.7138831861333,449.0293929528063,-1.8097526064397027,98.54073451609618,20.356491323136936,51.405201777328145,138.83935650187377,87.43415472454562,0.1876142569725154,37.4631691001565,0.5505462059132404,36.44789580094132,38.50054579370118,2.0526499927598607,0.0020656705613288223,7.186724417380338,1.9024208095320885,3.3424799938978773,11.058254742472993,7.715774748575116,-0.013886526765810191,1,0,0,0
205.642210256477,53.163653304533184,72.86993710605805,300.3662266946621,227.49628958860404,-0.12727380555105658,701.2375988767858,109.51912565560997,448.5133289475661,886.4623793703404,437.9490504227743,-0.714524800841822,100.43359347695885,20.793237809602633,61.78972416479504,156.22546510595046,94.43574094115542,0.08361613497886794,37.57733698387765,0.5437932886309793,36.36637671603949,38.819069630505666,2.4526929144661764,0.0005864054222506489,7.0644830158322405,1.9784544777887785,3.1078367003199165,11.5054273654363,8.397590665116384,-0.028779920673077733,1,0,0,0
204.80561957099778,52.34523616912587,53.79396102227622,308.96773202944036,255.17377100716413,-0.5261413598500312,699.0672683879144,104.09033493532479,483.7332739481666,1013.7808987129531,530.0476247647865,-0.7569388862399284,102.02410923314284,21.422970528593467,46.666612767261284,161.02359816616325,114.35698539890197,-0.3397799614090163,37.483841441564344,0.45488618403997655,36.63225114231048,38.42666463258098,1.7944134902705002,-0.0057648075879606926,7.164634721930494,1.836041039466508,3.1191534720057366,11.672074750278039,8.552921278272303,-0.010543888948634611,1,0,0,0
200.88446062986523,49.54835805798056,103.9295396110259,301.5978611222437,197.6683215112178,-0.22332875492861848,708.9037739101379,107.3835269177588,290.705849577627,891.8618082561277,601.1559586785006,-2.2020523995703525,94.39867909087764,20.982993299400043,55.755869378185636,131.6038575531318,75.84798817494617,-0.3876544418775073,37.40834157505748,0.4061330429906847,36.276257424903825,38.35587030991388,2.0796128850100573,-0.001901991887384355,7.159710142155268,1.9781789824612956,2.523002008717416,12.80002896076042,10.277026952043004,-0.03440440843890822,1,0,0,0
196.18049733905843,50.38388578835668,55.07247925995381,323.1568726376336,268.0843933776798,0.7136813961746025,706.3003255831566,88.74898184654324,490.60093542199115,924.7574310483444,434.15649562635326,-0.8086599241628122,99.51670654125803,20.210857023498967,69.76104867616317,176.00813919130098,106.24709051513781,-0.02076446491205583,37.49473563859181,0.5730535898925171,36.21603809724882,38.69668062233805,2.4806425250892303,-0.0024154946907399355,6.844913868615715,2.254413645174589,0.3497324605572363,12.097340425752298,11.747607965195062,0.007724909236406142,1,0,0,0
215.5169309538994,55.16085663540843,107.9286123215131,344.01957772400243,236.09096540248933,0.6924408510648482,701.1493944482498,92.74641877430071,420.568735501452,870.1702099759625,449.6014744745105,-2.0606385657007134,99.57577122739241,21.793173336416203,53.35328039944456,140.7326847276122,87.37940432816764,-0.08869882793428556,37.47837737934344,0.5702878067896906,36.22939753983731,38.64219752618963,2.4127999863523257,0.0018679643841285568,7.196323569638411,1.4733067081194715,4.344408419703704,10.822049158299109,6.4776407385954045,0.004703192895057899,1,0,0,0
196.30891438246366,51.261941982286594,75.25187467477552,307.7528503966804,232.50097572190487,-0.8290887513397368,707.0316200840841,104.85472595173108,466.2624884115138,910.6101401815226,444.34765177000884,0.7641748073463825,101.99944048656587,22.65167769834564,59.16487484356206,144.15329174333067,84.98841689976861,-0.2809025307945514,37.5385791540789,0.4936878019666809,36.06803755195385,39.02414651848338,2.956108966529527,0.0006782113220886151,7.095224927479458,2.104649836203079,2.3156064298514902,10.64558395992335,8.32997753007186,-0.03207874507548237,1,0,0,0
196.60294790892004,51.783008054708894,82.5606455297968,308.4397037675988,225.879058237802,-0.5636742420678925,715.0603092238492,101.84365796819723,497.4866015684348,925.5138005939109,428.0271990254761,1.9937281112049734,95.83603965281574,17.411218560451776,50.8443640404527,141.26684359489093,90.42247955443823,-0.043986756668717916,37.47732602584756,0.43046919516095083,36.36643190317042,38.25009228793866,1.883660384768234,0.006026328240597565,6.779649388312433,2.691142686818157,-0.6233597601423675,11.776448391501155,12.399808151643523,0.0133867304677852,1,0,0,0
200.0849259931816,54.818216646969184,58.69000191546979,297.68753818563295,238.99753627016315,0.1143152232533642,688.0396385138669,101.6250814445527,451.1720267821608,876.0075435361734,424.83551675401264,-0.7450601333364985,102.00657783529931,19.710074387074645,58.37282150832689,156.59925811142512,98.22643660309822,-0.3454127445402482,37.50950888953548,0.5176164865626725,36.50439140887991,38.832404012777694,2.3280126038977826,-0.0036178557163359525,6.971786948813528,2.038924950399249,1.3911188728752357,10.963669339583095,9.57255046670786,-0.004795226915155934,1,0,0,0
195.82611227448047,45.727557907426515,85.94760975765759,316.4142748031175,230.46666504545993,-0.5527174693210977,692.8428822572869,84.61441913776022,489.38192513624773,886.2531007668963,396.87117563064857,0.45097439752964774,100.75708223938813,18.168030450807535,66.60239043096246,142.3009353815656,75.69854495060315,0.08485896524111237,37.419021766940745,0.4719899092399249,36.35375476642434,38.25664430283293,1.902889536408594,-0.002613509728300531,6.924766966011092,2.3226722807763243,2.20386947643037,12.279336145789106,10.075466669358736,0.045899050477381256,1,0,0,0
187.99367845044014,52.73104266384099,87.08627294792247,324.41570259321117,237.3294296452887,-1.355219017161319,696.0307418345272,90.61352442378737,539.042515835728,924.9293874730847,385.88687163735676,-0.4903255507476511,103.73883048344462,17.839185854069026,68.62473739188829,143.33444909063644,74.70971169874815,-0.004804398650799328,37.42636585071068,0.564124143604276,36.23911225247596,38.89793271600758,2.658820463531619,-0.0073457442894509966,6.296364641311293,2.087684295158113,-0.20023456117660654,10.322447280754414,10.522681841931021,0.004560766749748492,1,0,0,0
209.06515923756575,48.13427104235953,105.9334841042417,304.4035142448663,198.4700301406246,0.26068780012705706,698.0008101570279,85.96648303274972,516.5150042531814,873.1483379239369,356.6333336707555,-1.950275784239246,100.41360505510758,22.742730126174198,65.70148202203177,177.4103235909886,111.70884156895684,0.04026263640011917,37.53285410889658,0.43510270458294015,36.45689422356247,39.03917002147007,2.5822757979075988,0.00013521105887543986,6.525419419119905,2.2905566033662894,0.44444024668855064,10.269683905785369,9.825243659096818,0.01735330130702789,1,0,0,0
199.95781748465154,45.69458691023943,108.31815758661372,324.66278768989724,216.34463010328352,0.20366025615659683,703.9897130761933,100.26430067670262,422.62523823681755,944.1543469489355,521.5291087121179,0.4381255732467846,99.05354410248556,21.00312555760981,40.78488434352509,137.2412555181251,96.4563711746,-0.0766610020855067,37.449427521024134,0.4492854902440263,36.53333211307223,38.52182553038013,1.9884934173079003,0.001356934560233068,7.30869976789456,1.8804680597247942,1.9603192857435587,12.001398593200745,10.041079307457187,-0.015170754297286024,1,0,0,0
202.00571988488448,50.66807016348817,96.59687905687456,334.0109616334637,237.41408257658912,0.39000241872727204,701.8766786240161,98.81672997763418,464.39272848742405,890.6942306247847,426.30150213736067,0.5471806898734214,99.21912645674935,18.24349850952001,60.23804282227698,141.61270191594633,81.37465909366935,0.04972493435346918,37.54973369108201,0.46535628669709184,36.62250454685853,38.81549667569136,2.1929921288328273,-0.004247961101970338,6.862957443256785,2.2319061509889377,2.797637501159034,11.530173172193628,8.732535671034594,-0.0019992603631080255,1,0,0,0
197.18977028258962,52.38153893277451,55.162418352666265,298.6736276801661,243.5112093274998,0.4739181637084036,703.8859314126292,100.20163707488159,487.61420952265945,941.0451740595201,453.4309645368607,-0.6483161079740483,99.69688882403103,21.320065914793794,56.959342204892664,140.7109883956191,83.75164619072643,0.09656979265270675,37.54824964561317,0.45866932354901563,36.22936277149613,38.25487613406673,2.0255133625705994,-0.00372035549379417,7.428466058216028,1.8286690801555616,2.845936690274188,11.61714297376933,8.771206283495141,0.029137688419903243,1,0,0,0
197.98173937352726,47.251537517620946,83.5252608719482,291.78927350540124,208.26401263345304,-0.4334970822680129,713.2796267126345,89.73859218651147,532.6432014768396,922.5211049612642,389.87790348442456,-0.8004047659711863,101.84565927333531,22.547189614173593,47.230634554888454,182.87789768508546,135.64726313019702,0.10529928726836753,37.468657217310415,0.611619499784673,36.20524507988817,38.651060034946354,2.4458149550581822,0.0158558451075776,7.046563630972416,1.9533865082963755,2.538538453733552,11.8099919809917,9.27145352725815,0.027717142658783857,1,0,0,0
189.59600162313131,44.40277667332557,74.99310406249022,300.9890131338663,225.9959090713761,-0.13695727550540177,705.0462183036667,105.02035485021088,430.1632288265608,931.1933400986682,501.0301112721074,0.796052336738627,99.01170201002942,23.939166092560104,32.62405711202935,153.49030667383659,120.86624956180724,0.24292963512537305,37.56947386296077,0.5336861311312855,36.542675977221975,38.722754959664584,2.180078982442609,-0.00853515164698706,7.353984541970784,1.8829914313652285,3.2087823336578034,11.106668492849245,7.897886159191442,0.012982500599529514,1,0,0,0
189.39718283656512,39.52648405302062,126.92404666227326,290.6007243413105,163.67667767903725,0.31741070586026116,701.9482898747053,103.85785588381702,339.9687939674826,941.3682331002998,601.3994391328172,0.12449843911143757,100.83236281089371,17.913750401296454,73.7304421565243,141.68009686187526,67.94965470535095,0.030172556082956402,37.63858758338127,0.45425034866157,36.61650719803787,38.73783125657164,2.121324058533766,0.0054262635124824555,6.8791803495367265,2.2998857340920646,1.5023992250048117,11.038907516691516,9.536508291686705,0.0009191046809874321,1,0,0,0
209.6323561420949,57.52966617322792,91.41487369208288,338.9073059124244,247.49243222034153,-0.6256365780441457,712.5727909007795,98.03037376622973,492.02975118073545,937.0179204408432,444.9881692601078,0.26519468696260606,100.77106900295252,18.232110445768175,55.0896229002393,146.13232223798155,91.04269933774225,-0.17217884765762476,37.459055008290456,0.4526132486552929,36.49528121960265,38.4711241478745,1.9758429282718453,-0.002158472446517222,7.052989640021998,2.0546042898360026,1.3057145194154218,13.368578937647069,12.062864418231648,-0.006156000833514127,1,0,0,0
200.97585190769092,49.122102333106206,103.52277006339125,330.8001955498614,227.27742548647018,-0.19880657086887688,688.4530608187503,105.3958288873359,516.7011793856502,968.912573830843,452.2113944451928,-0.4528510267572495,99.91517174263313,22.059440435808863,41.6528176189251,132.32937155660875,90.67655393768365,-0.0662790444180077,37.608246963113146,0.5117063437472212,36.54666594265058,38.51202886406873,1.965362921418155,-0.0012532514296915453,6.793279588561194,1.9807945310248107,2.909911927105118,11.687328696319616,8.777416769214497,-0.018870785347148422,1,0,0,0
189.31355977325592,52.19906841600862,91.6418918862317,345.3112274356446,253.6693355494129,0.4778087584828016,711.1832885799658,101.1982929097427,515.6484980258599,960.2202503350436,444.5717523091837,0.06837421860304625,104.06618742104422,21.3109112988484,55.71869203010217,148.66071625309607,92.9420242229939,0.39157080847036574,37.55780245153355,0.5368449797293939,36.121129581174756,38.66136408028738,2.5402344991126213,0.014205685809116455,6.7329494031292025,2.1104758047898193,2.715013080534489,11.870969675183163,9.155956594648675,0.021991157786802083,1,0,0,0
208.39585236028816,48.823251882335875,88.50218823726046,318.7418991119713,230.23971087471085,0.9922376265748586,701.4833109577935,105.01048805087495,522.6141515568096,948.4450493269649,425.8308977701553,-0.11361829956507871,97.45463600588346,18.841687877671504,60.36947608175598,138.62975718956946,78.26028110781348,0.10929027121679684,37.47915870256575,0.5317807382056312,36.13013827084954,38.67188289508726,2.5417446242377153,0.008286914994333065,7.304840854200162,2.165357242558045,2.1482420032224816,11.177605647169692,9.02936364394721,0.00312996230419296,1,0,0,0
193.8462512552431,46.61090384218331,103.41824312410843,290.1682333447569,186.7499902206485,-0.8584901315069505,723.1776713985604,102.23251845089459,526.4422249864753,945.2925597372672,418.85033475079194,-1.0861243892659525,102.56917823536222,18.526354944283487,54.7102659615434,145.61404992198578,90.90378396044238,0.10422397004736038,37.46196954283855,0.43847565151223516,36.33560110808267,38.38681125568377,2.051210147601097,-0.010286344941553153,7.1512790684592025,1.9328497740335915,2.569607342031862,10.58923871455852,8.019631372526659,-0.013824612919170117,1,0,0,0
195.88420454842054,49.71174974302275,33.168455693658814,288.905806000984,255.7373503073252,0.46743980463211054,704.6815353868016,97.84999223957196,466.60901545198385,917.0780924547117,450.4690770027279,1.6225033826564559,97.53689334783279,22.113476993720493,42.89427610477043,147.75074368635762,104.8564675815872,-0.5529129195013588,37.499505592348925,0.5598324059500182,36.27432338264376,38.830971029407806,2.5566476467640484,-0.007911982505653161,6.928523113004007,1.9939946913438165,2.5822296191276433,12.237518065858943,9.6552884467313,0.019344119871807054,1,0,0,0
214.61826535074704,57.98451250037428,84.44136006337473,328.07533298648457,243.63397292310984,-0.03918704647305475,687.8129472518884,101.13515983856081,463.41008849653497,908.4985968858119,445.08850838927697,0.6924710643295261,96.60278738397204,21.901988463139627,41.34720295494415,142.68411792855375,101.3369149736096,0.16510762378088803,37.564585380692854,0.5601196321212043,36.27498178276348,39.31675941616912,3.041777633405637,0.007058897802509406,6.9774734581359334,1.8610675322787165,3.7934714862690484,11.652234456924795,7.8587629706557465,-0.030858368403288032,1,0,0,0
196.01812934673438,45.317579181954855,90.0369166622786,292.3839287314402,202.34701206916162,0.18512454127028735,698.3801101111115,116.30412848356708,431.9550014587772,868.0683300708263,436.1133286120491,1.1892337116256153,104.13955173963691,16.053134758169435,60.63319398879412,138.49940863967717,77.86621465088305,0.07130962359387043,37.51330458570351,0.5984569795045563,36.23374620184919,38.550622697554104,2.3168764957049106,0.0012079433466906605,6.257437673903865,1.4434450383947175,1.633380465039643,9.832508448320768,8.199127983281125,-0.019631419850880794,1,0,0,0
190.593996453981,45.83834095768952,95.54241667660315,298.2211081107369,202.67869143413375,-0.5303307301440952,685.817722344424,102.51189400814212,360.1221636727885,912.009567187284,551.8874035144955,-0.805831522282404,97.15164470317468,21.572462628986024,54.70409275201189,145.19450773769762,90.49041498568573,-0.040724011026153875,37.54041204170696,0.48538035966956494,36.55781764883403,38.484510413909696,1.9266927650756642,-0.00415064881279523,7.635017417354977,1.6380939128993777,4.241691773611672,10.926106620240358,6.684414846628686,0.0059463455806316665,1,0,0,0
203.9706075313079,46.92898488561672,98.0774954152195,299.63208275964286,201.55458734442334,-0.2294159895530775,707.7805410787493,106.81738697025762,452.0347144249896,936.2546136163727,484.2198991913831,1.3866396763138762,102.69955378647997,17.555485439136365,58.20141671271748,150.91705495242354,92.71563823970607,-0.2558969825054352,37.50204785117258,0.5188719888888104,36.60030692842123,38.66148715127841,2.0611802228571747,-0.00897569611289332,6.922768573524411,1.9205496745249846,3.5604757129955455,11.427994508607107,7.867518795611561,-0.01704949567161981,1,0,0,0
192.98248706231578,51.648900743835995,88.66100692831648,333.0633106618081,244.4023037334916,0.004573245191971128,712.3014428451393,104.65999688108589,491.65047402501494,946.1771341387255,454.52666011371053,0.5572934784516117,99.90084574382112,17.98278632551521,54.065523872348386,132.37275659940235,78.30723272705396,-0.021392808923105307,37.53376173874739,0.39575557669326594,36.53987039776663,38.57714514483422,2.037274747067592,0.000990127115155163,7.319897052231174,2.1860816988964276,3.2326279671980913,11.828672161969239,8.596044194771148,0.032332388390572765,1,0,0,0
212.56801859460083,49.75671211196799,77.60894787348221,313.1608923708486,235.5519444973664,0.23925410807815464,697.0448011737461,93.3771246487458,357.67537601090635,882.2802029281594,524.604826917253,0.18467193843876167,95.34580029070577,17.3869064558133,48.95038761863199,139.65180559771858,90.70141797908659,-0.09369412077645753,37.43469380741814,0.46798713064391195,36.69588443931749,38.60702372394344,1.9111392846259534,-0.004193489815172126,6.995257050165423,1.937745221419758,2.947801990303148,11.129480491280496,8.181678500977348,-0.03665264296259111,1,0,0,0
198.70594270282692,51.350113672017976,91.45827568068805,312.2529700074109,220.79469432672286,-0.013742437059384494,691.2363702909227,98.6104196664634,483.3619670528222,911.92668120557,428.56471415274785,-0.14835610357567974,96.5285872009323,21.21772553501812,44.55962124003059,139.8271544067878,95.2675331667572,0.10791519021907532,37.47412567117589,0.4898718799986765,36.206131964359,38.60898147802112,2.402849513662119,0.00921632220372973,6.629265389264914,1.9982380577541956,0.9489818717531886,11.007940064440778,10.058958192687589,0.011762455140219239,1,0,0,0
188.8748220877205,66.50253508705596,65.60874001495486,388.4595898298551,322.85084981490024,-0.3185741412384852,695.9435033028711,83.99257017173518,515.039150564041,902.2010995124965,387.16194894845546,-0.3367424347900341,96.83015069475569,15.223745703518402,63.798500089063054,132.3877933887163,68.58929329965324,-0.0340135298308526,37.58363307398135,0.5448928184851528,35.947416939314536,39.313496755456626,3.36607981614209,0.00027095556521650784,6.974853859373505,2.127267754200207,2.849532357379318,11.975968329614918,9.126435972235601,-0.012687954932883423,1,0,0,0
203.14151844422915,49.287320011305795,103.39962885609442,320.17311542695745,216.77348657086304,0.10859785708814157,701.1936272189655,83.46005176032077,531.3866993120107,909.4293527724813,378.04265346047055,0.03798658559149021,95.70459021208242,18.311600308004966,54.984583705897705,132.4103925999367,77.425808894039,0.14847483147586604,37.4925934276421,0.4684702187865003,36.56397367466528,38.71411174273237,2.1501380680670934,0.005313086027585765,7.293579392323905,2.1267577259193615,2.229232061500599,11.409569556140783,9.180337494640185,0.025751937583695338,1,0,0,0
191.71368046354434,53.60901652737434,75.40871939616937,312.4315957241921,237.02287632802273,-0.2078337236290789,699.9914592030971,75.75425043375735,499.028235269897,881.2398209630419,382.2115856931449,-0.28368691181597117,95.41487599964847,19.367592074195347,50.230549712939485,142.72447203298344,92.49392232004396,-0.1280834705850232,37.52384517993651,0.5389596365795694,36.50881131809836,38.89466974990537,2.3858584318070086,0.00096656441077979,7.242111158101664,1.9641230508188168,3.6176765797088755,12.489198471465464,8.871521891756588,-0.01587552668087241,1,0,0,0
208.44393692077122,48.193620319642314,105.00511428263076,319.27680480597746,214.2716905233467,0.3058024858527656,707.3861918551927,95.79389250989183,510.823213796401,931.7881044240094,420.9648906276084,0.023411905752164147,100.84496344332824,19.743172602886595,57.17251441958392,160.21383960238416,103.04132518280024,0.126401829433722,37.527385619700425,0.5546897788108702,36.2453524682037,38.61715432163656,2.3718018534328635,0.0019385868017222615,6.970943818008816,2.147231982756658,0.5300430185403737,10.872725578415714,10.34268255987534,0.026670924926123434,1,0,0,0
201.8726470247785,46.52012872099681,95.41637403593106,335.47887115113645,240.0624971152054,-0.1980738590351526,689.1792664729699,102.73262558851965,409.637208566855,900.7613834873914,491.1241749205364,-0.916639651605462,102.1326163228399,26.059755651657472,52.25480011033491,172.47048272129555,120.21568261096064,-0.35171038120752435,37.504238944148184,0.5315023543206686,35.96576715585526,38.52328389385686,2.5575167380016026,0.006726550391545131,6.886202087617262,2.0321570608029447,2.698217716929377,11.578974136615273,8.880756419685895,-0.015573564344439083,1,0,0,0
187.07359971661478,52.493041989934135,103.74421565223474,315.7349428295163,211.99072717728154,-0.401886270865228,700.007045251141,110.19143248019061,438.0105065333155,949.6765158453163,511.6660093120008,-0.46018703045663295,98.89264133933712,22.450064078735828,45.017466351167286,164.68188540857852,119.66441905741124,-0.09023689065243243,37.61664235120964,0.49655194121971447,36.27425725673666,38.9143267086338,2.6400694518971406,-0.0023324902308859597,7.31097612300456,2.0328789654637665,3.8854705118810045,13.865879624854827,9.980409112973822,0.014217098763167778,1,0,0,0
210.7094342011203,45.099830363815826,89.84802813164934,312.2108005117664,222.36277238011706,-0.06617428216668499,687.1905403365121,94.90626312686288,377.08689700986804,900.13542469598,523.0485276861119,-0.5898298371854502,99.97424022269942,19.315304610901084,53.99255462267983,146.69599940708417,92.70344478440434,0.010422792490815146,37.54533812003115,0.470161694241235,36.37112091409066,38.64788555163588,2.27676463754522,0.0036491144190591756,7.405903832277552,2.189915231673599,2.7195821601612824,12.169365269494008,9.449783109332726,0.0031302232574789385,1,0,0,0
201.96461987301416,47.4912067346586,113.6558411570139,312.78473773934104,199.12889658232714,0.04114861948267394,703.2579820491292,92.41313306195485,498.2038617148904,902.017697538301,403.8138358234106,0.10230463669059911,100.7985012727346,19.255444977911683,65.82981505687272,132.39321311321436,66.56339805634164,0.1294141054405215,37.47074785862469,0.5390500632733761,36.25869015528503,38.808848818382934,2.5501586630979034,-0.0026724281702839698,6.947593655920507,1.9711977384751005,0.6989048247085083,10.603209226593538,9.90430440188503,-0.0020264967882952104,1,0,0,0
194.32509266349678,44.8441892314952,80.97261448383723,302.6010646577888,221.6284501739516,-0.08112354494421357,701.6183030323735,108.63304637979132,385.22032522950906,962.9861575308905,577.7658323013815,-0.7605979107047146,101.60347771906376,22.86171520934981,60.17282204237945,179.71834026110952,119.54551821873007,0.054524101937036794,37.583030842523456,0.4843851778990153,36.16748243785847,38.52312221946276,2.355639781604296,-0.0001758277222743491,7.116473501043179,2.1436027525173174,1.3623966387988116,12.063794239052267,10.701397600253456,-0.015906858715396748,1,0,0,0
195.2928202168918,52.104485217929955,96.31538919315847,333.68238979364435,237.36700060048588,0.5231587143327271,690.6646205689077,103.7478753993653,462.1260339359984,891.9608393848616,429.8348054488632,0.8029321021575392,106.75478964123438,25.68385693095213,49.4627777301805,161.16580354020712,111.70302581002662,-0.6738414945835576,37.50827198084957,0.4809554754317407,36.51824444325019,38.48713677255892,1.96889232930873,0.004396956262938735,6.960976154603793,1.8896547510297241,3.441831848155487,12.316049709830375,8.87421786167489,0.0037118203588553914,1,0,0,0
189.8854176646938,45.457302191605784,97.07101191403326,295.3967395563538,198.32572764232054,0.4834753644416199,694.7016792301689,89.67557858241526,534.44551199142,869.3558068783273,334.9102948869073,-0.156829121943614,99.88818348813166,19.054975129164863,57.04229951981753,133.5182170113152,76.47591749149765,-0.023270192354320363,37.68468262958625,0.4755195794027163,36.77240470646083,38.599538355647915,1.8271336491870827,-0.0025042209209190504,7.175202102001637,1.7074722261946944,3.697316556887902,12.284644170779103,8.587327613891201,0.012815765716202441,1,0,0,0
197.6050465786531,49.23303017707366,59.201892118806086,309.2784236457408,250.07653152693473,0.6350210882013221,698.1421042368738,84.11453056852385,532.1313851455621,884.9414666906669,352.8100815451047,-0.9980956936874793,101.28640014296657,21.856837034690713,54.138764917249745,153.716336083822,99.57757116657226,-0.313431837409636,37.71366130699404,0.5304427646451125,36.53191504889559,38.72302722225446,2.191112173358867,0.002109474029568585,6.793906040806859,1.9485543592451953,1.47521174182521,13.44515887575309,11.969947133927882,0.008544464036581939,1,0,0,0
198.46236983185477,50.416827197740986,98.0157235717782,284.1745140733991,186.1587905016209,-0.775923432076807,707.5571480895436,118.2741533403041,503.9739523533882,991.2918092113857,487.3178568579975,-0.6198554849737015,104.92447869720918,19.790860445846135,55.971874685190805,147.97893530663325,92.00706062144243,-0.04918247708578557,37.58100765999861,0.5069690031789759,36.32796838678221,38.35527026382146,2.0273018770392497,-0.002462931197847115,7.286131285601457,1.929068983995783,2.096769387386244,10.83693572560585,8.740166338219606,-0.03677386254261601,1,0,0,0
195.79570488462636,44.636798139117,108.94893849635869,328.9910156594111,220.04207716305243,0.04071296140106995,716.640503593376,93.62603236435916,493.11867745684145,922.7907185714271,429.6720411145856,-0.08561035298626174,99.04065021890293,18.119547385663765,54.345142859240376,147.76938370846247,93.42424084922209,-0.24174814788353782,37.46300748987611,0.5656055716214007,35.35547529405082,38.65330581054983,3.297830516499012,0.005024647940834055,7.0310103064844585,1.9119377818034107,1.9829519204794144,11.117810633841259,9.134858713361844,0.003550501105627578,1,0,0,0
200.92684139122412,52.04252748937444,63.852171750082476,309.38300058353815,245.53082883345567,0.28648743736906257,691.5855663559101,83.92584040478707,502.13144708679613,876.8518943723757,374.72044728557955,0.39642834097856067,103.40060029841379,19.96800576481574,55.78136779293277,152.89256843143804,97.11120063850527,0.1693485596214178,37.608344508292795,0.459970391373107,36.26599586372287,38.62149494375432,2.35549908003145,0.006613435032934304,6.73194768621457,1.9495713468835951,2.6234900040530764,10.414921819634687,7.7914318155816105,-0.007741930644102594,1,0,0,0
193.44830228036145,48.4421696903357,79.69775580557932,318.48723498971833,238.789479184139,-0.4946440796531877,710.2335458327724,106.6201540657248,467.05532320158335,952.8668392304754,485.8115160288921,0.5374096839582582,98.10382282088311,19.470018675830403,37.9182331832249,142.160463982439,104.24223079921411,-0.15068949885739927,37.44167892229996,0.4723763616666044,36.41091384575721,38.83366767436847,2.4227538286112633,-0.0027566185674103086,7.359640936059289,2.2025775379205057,2.493647758894485,11.930748909740121,9.437101150845635,0.011434463282904126,1,0,0,0
201.3904431846313,48.024240584516335,90.67594661766753,332.98980068504954,242.313854067382,0.07365622742256143,686.8120700823431,113.34957151376375,428.86876827135654,881.2555833382216,452.3868150668651,0.5090134350340041,97.85213554641898,18.84257204069017,47.94695652869183,145.4530501192196,97.50609359052777,-0.25525891436996695,37.48687417115781,0.437976439518398,36.31219045401251,38.528264345137664,2.2160738911251556,0.002316573029524945,6.787187362797195,1.5353629717242958,2.1158887857476927,10.647109328333404,8.53122054258571,-0.01927946094601444,1,0,0,0
192.04870512069795,46.58457483655583,88.97775193246574,274.6186190353351,185.64086710286935,0.7287812317977398,728.4217945727044,116.35621063500899,407.6457382950945,960.9148125124309,553.2690742173364,-0.4343298787162217,99.79128514099362,19.631782199054317,49.59976569647071,147.07923032365724,97.47946462718653,-0.2635613582000728,37.48219357518272,0.4978164894972605,36.4605447712363,39.06898950627876,2.608444735042461,0.002125113828613478,7.070785582641341,2.047382876757968,3.567757409102094,12.430690271685101,8.862932862583008,-0.00112827178761616,1,0,0,0
184.04572250543907,50.39106463388001,83.85612469006878,298.31748722039663,214.46136253032785,-0.24404456040950392,686.1537985628089,118.41968625100449,343.8292753600539,989.0659869657861,645.2367116057322,-0.15276862130220872,99.32814209841501,19.387948046316023,56.08948246662421,147.2002307567633,91.11074829013907,0.03335902266372973,37.45960755625847,0.4707828950087884,36.62027601911565,38.37473702981149,1.7544610106958416,0.0018857752445331725,7.1547747745184544,2.1672836351468368,2.7988527775388574,11.382351160425642,8.583498382886784,-0.01316861607084565,1,0,0,0
203.76365314506901,50.23901324640183,100.14762888079726,297.3779619265466,197.23033304574938,0.02012931976705914,713.7825950959456,89.05704160269312,453.68619720587105,900.1875517347243,446.5013545288532,0.14841324278056703,96.22990900756962,19.203356744618056,55.566746780939425,131.372106979016,75.80536019807657,0.10249757205266909,37.544588071037474,0.6130305532346181,36.05501192381377,39.11219930279549,3.057187378981716,0.0027178049977470567,7.272212149051246,2.109486978403368,0.08672708144876662,11.741116061082714,11.654388979633946,0.0010205182162069716,1,0,0,0
190.94746016787528,47.58042268457971,93.81205524594598,299.9835049535145,206.1714497075685,-0.3030229859028215,707.9862282159354,96.13782546130349,458.23258045494237,913.9338873301826,455.7013068752403,-0.447544701132291,95.3262510962145,19.491247631032024,53.53606025450845,126.77198665154968,73.23592639704123,-0.20680987319623734,37.37991986073679,0.47302972285211703,36.47860711043574,38.510153080359615,2.031545969923876,0.006826031208926819,6.8825876324188355,1.9039154292740708,0.9983680695254362,10.706858311435404,9.708490241909967,0.019964896286881268,1,0,0,0
194.2057770979899,51.37509917635781,71.58647955852129,314.0830538871522,242.49657432863089,0.6412424296491576,676.1102874171444,91.588013729231,506.7752723254917,856.8529657895375,350.0776934640458,0.1685423877375777,100.36443938254577,19.47761519748963,49.49485369991234,130.82755415460312,81.33270045469078,0.09576654903310657,37.49154336339532,0.4525426123143654,36.18560366154634,38.201193010430366,2.0155893488840277,-0.004318657223313825,7.21386298464061,1.7535923638377466,3.113328104097396,10.479311320827215,7.365983216729818,-0.015091332043111106,1,0,0,0
195.5373777984128,48.07927053778164,95.2047966574433,296.9758175218257,201.77102086438242,-0.19027175026345378,695.0536163576633,86.61851204005279,528.9376604782964,927.6880738635606,398.7504133852642,-0.9112633493629975,100.7472302369474,19.840615007258872,54.56698832015724,137.38940150197402,82.82241318181678,-0.2167332709566636,37.4089461434937,0.48253028160157696,36.093873565200646,38.405470210362076,2.31159664516143,-0.0012263292176267608,6.734459684971972,2.1853257143324596,1.9873086757914447,14.299901200512922,12.312592524721477,-0.025696732472365248,1,0,0,0
200.7337432569216,57.671602909676864,39.40701353874866,289.440848848236,250.03383530948733,0.10336272352038078,711.2950009575851,93.17222252034638,502.8268866862268,921.6292697802332,418.8023830940064,-0.3871230310186372,98.35881599063916,21.877565860352476,42.745557147411475,142.1472797450584,99.40172259764692,0.05243562399624698,37.52725391118517,0.4432754989434506,36.670585054733046,38.583809876723414,1.9132248219903687,0.0023591846658795237,7.7255865659999845,1.5023877995212385,5.024757257701543,11.390732308451778,6.365975050750235,-0.009265807486826523,1,0,0,0
204.22112177244438,51.64709332579284,58.08428375315299,319.59086208885753,261.50657833570455,-0.007140242102524471,705.1003005727028,92.6762866187669,554.8219865738172,952.7334367385006,397.9114501646834,0.314978739745853,101.11786739692442,19.66671915421295,50.37422922746829,168.66042569056225,118.28619646309396,0.2253176093957304,37.416888782878516,0.5611319709620005,36.43683891862933,39.09320777547661,2.65636885684728,0.007620808674413968,7.157825057636139,2.125902514657371,2.5653483526053567,11.274657230932803,8.709308878327446,0.002608742517627166,1,0,0,0
199.11529135589743,46.13172953741632,93.26017766070862,343.78747290878,250.52729524807137,0.9324648821445387,681.0944790549761,114.9284657439546,381.14118660307406,966.6712968885101,585.5301102854361,-0.20626186049789014,96.85459973449477,22.22983148029326,47.7488530527487,136.82562840374595,89.07677535099725,0.05964897503568313,37.4271355205387,0.41778098626080123,36.30980696824086,38.199521910398936,1.8897149421580721,-0.007622304137675252,6.4858398086282,1.9850425710182766,1.8927037397150732,12.472813671148813,10.58010993143374,-0.019276972368872842,1,0,0,0
194.26787560793028,39.612009372671636,108.83879141922594,286.574014446401,177.73522302717507,0.26548299497742095,687.9274088552693,109.63729031453487,472.83646886175893,926.9148917812354,454.07842291947645,-0.08708158911675307,96.87803432853526,19.125254053859443,58.94106281687675,141.22935119680238,82.28828837992563,0.20727531415189918,37.53854438852638,0.5141628891252389,36.233157387154925,38.44228280604629,2.209125418891368,0.008684062679530301,6.869299401964939,1.877771097192732,1.784279181465732,12.637156074116266,10.852876892650535,0.02029074599703183,1,0,0,0
205.12527936984344,43.41570987315456,122.38849873623138,300.3639130088542,177.9754142726228,0.3477302796309184,710.7585107287637,98.41769562152015,549.2990221725539,965.6307293078248,416.3317071352709,0.29298218539466875,103.26086379431514,22.361565394395615,49.90228394647568,160.49009779966994,110.58781385319426,0.33275094316757003,37.531452345637874,0.4411613806206856,36.540011177722036,38.775006123540194,2.2349949458181584,-0.0022814669068903855,7.041495893421354,1.9175710250365159,4.029003598516551,11.713092702043381,7.68408910352683,-5.363500807006682e-05,1,0,0,0
193.508507260743,57.68169476243487,76.9392339186834,313.4777603574234,236.53852643874,-1.0078201536660951,708.5760343718187,102.25045383443664,448.6331649807894,901.5379619388948,452.9047969581054,0.10422944825462668,96.90803749950886,22.889243193414572,46.416070418107374,160.60674880388189,114.1906783857745,0.143758903379622,37.6209887866819,0.5923163394396939,35.6163653953604,38.82343922293094,3.2070738275705466,-0.0005812376522072297,7.449099912960377,1.8338887640176764,3.0145402988589836,11.313653830382625,8.299113531523641,-3.292720624398763e-05,1,0,0,0
210.23529211183947,57.8292472346849,75.17495886257205,331.47845384473925,256.3034949821672,-1.0092957905906639,693.5407289515908,88.6139367875236,517.6678328209961,947.2677588605482,429.5999260395521,0.5955693589901494,105.35833308572268,19.92749466729994,60.583075838149504,154.43114287506313,93.84806703691362,-0.09797486182951395,37.46048385765475,0.46494990260228725,36.34406459433952,38.45145697638672,2.107392382047202,0.001512511873983367,7.136258594300438,2.0232805274732004,2.639297077893909,11.677911233949947,9.038614156056038,0.024979573094134348,1,0,0,0
194.03097820986645,54.528393256764865,82.43665973623541,313.4762319291113,231.03957219287588,-0.5534068236451272,702.6351887817765,102.92499970654907,423.1334091354689,910.9465595825717,487.81315044710277,0.8699235574885242,102.86362150218665,20.151417984066253,58.272983471290146,151.65843989179788,93.38545642050774,0.2390716059006765,37.48972140833945,0.44171741061683284,36.24186881858898,38.359582266614105,2.117713448025121,0.0007665288597448613,7.1302329073823705,2.0000312834756326,2.930388355270048,11.219428809495138,8.289040454225091,-0.014996720723966591,1,0,0,0
203.75155171007637,46.538318444322066,99.74837245265584,293.5816178058816,193.83324535322575,0.7941909296544575,713.865126622013,98.20570372062096,476.8723475704512,971.0737795037838,494.20143193333263,-1.3265320754505732,103.51879369034137,15.9357540600355,68.63242628037423,134.85910211691208,66.22667583653785,0.19393962241384025,37.47457432243672,0.5544263070937987,35.815653506506706,38.635140517248416,2.8194870107417103,0.00540933972262751,6.995878517966421,1.9389682803810344,2.595608237484303,10.47179977931157,7.876191541827268,0.0063337803851732126,1,0,0,0
193.6325491209814,49.256436144511646,101.39898571238432,363.61405361188235,262.215067899498,0.4696245785994051,731.4685536168478,77.45271073515258,551.7583448350774,903.5521993106652,351.79385447558775,-0.488061571997016,101.81826032536314,20.505259283289075,62.82190042590444,160.73282867846524,97.91092825256081,0.29365673803776476,37.50315899472933,0.5066050862266546,36.03339954794251,38.54608427979311,2.512684731850598,-0.0024714648673821015,6.796773508462724,2.1078897589966803,1.3082666521930868,12.291815821811177,10.98354916961809,0.014834258612216596,1,0,0,0
196.64083585587997,51.41103730790709,80.29564981293409,287.49006964168734,207.19441982875327,-0.16809502509788604,693.3663436390184,97.63766866898607,416.04046054192133,898.2815657974536,482.24110525553226,1.483635219595127,102.99925242539695,18.822802497563565,65.46615870851079,150.0813308577629,84.61517214925212,0.058782827104330804,37.45202064775115,0.48056911543893294,36.35475687691629,38.58699244247639,2.232235565560096,0.005441417860275035,6.913989294036535,2.121812649780483,3.2028774964119875,12.15774723065044,8.954869734238452,0.000969387632135962,1,0,0,0
192.22997594222994,47.59065853143947,52.439852737852505,307.4848574017076,255.04500466385508,-0.18929692507845877,683.0737606430633,103.76503771883976,473.32071182534787,965.0187879033394,491.6980760779916,-0.864069945749622,102.13798314762874,18.939450523387777,61.997547179276204,158.81625632264323,96.81870914336702,-0.15918415464361044,37.59286357522858,0.5183653042229733,36.307780630734285,38.387633873033145,2.07985324229886,-0.0030426607262920772,7.39488095704244,1.7509109691381177,3.864063272206204,11.106352373019012,7.242289100812808,0.02248160042515916,1,0,0,0
188.95837977518633,50.23263322376837,60.48538179343794,287.00639371267386,226.52101191923592,-0.35358062638556104,685.1242776362202,96.47053930716852,473.63108133445695,904.1866100694315,430.55552873497453,0.5287493390881899,101.58620925494796,20.686016761972745,59.151324872217955,161.98752391813343,102.83619904591548,-0.09546187940381726,37.511344742664605,0.4544128979648043,36.64232091825932,38.521177718338855,1.8788568000795323,-0.00352919635623959,7.0744442046456655,1.9298357675814817,3.4660075335083653,12.658522067259252,9.192514533750886,0.009458466977424475,1,0,0,0
220.09154592585648,49.57300866310591,79.09815140402505,330.5371783189688,251.43902691494378,0.9201137155863717,691.6053622116559,106.65571204789971,448.33961944619455,933.2468070957644,484.9071876495699,0.7184175635463169,97.61227782436816,23.45417829884235,41.32270472914346,140.6086943566297,99.28598962748626,0.0010995134634603592,37.46156792272486,0.49349873551261536,35.928976892409494,38.64636442684975,2.717387534440256,0.004409651097108833,7.373563593877525,1.778914996462866,4.023432730760018,11.130987348524208,7.1075546177641895,0.039575413682239186,1,0,0,0
192.6641466692202,54.52418647373508,65.37755443540681,280.36835950718535,214.99080507177854,-0.8252456768956697,714.3704532717758,85.46777361142598,419.9848298214084,870.767884138334,450.7830543169256,0.5266814560678337,97.40648460302918,21.534831963092117,56.291941637872014,154.17144012857776,97.87949849070574,0.0944656172496195,37.56817827614984,0.521381330360105,36.161015137299195,38.73934725538825,2.578332118089058,0.007703736156306299,7.1423931175814515,2.0914233394976023,2.492800269909199,11.892775656469865,9.399975386560666,-0.007873150221659823,1,0,0,0
201.31666841779264,48.59091479041882,76.72914824794749,296.9047635329407,220.17561528499323,0.5997738899389282,714.5038934192203,116.08017456620165,489.5717627993266,1073.2410892127268,583.6693264134002,-0.551374625804095,101.34269017576158,22.96835059573095,43.75369351721385,150.36719717965354,106.6135036624397,-0.49422507831298523,37.58655409462017,0.5138193421615251,36.37695943648063,39.21925023597716,2.8422907994965243,0.0013769762020353256,6.724577567901336,1.7939638000961402,2.300511404312517,11.762295473023267,9.461784068710749,-0.03104786849744603,1,0,0,0
209.53185648593288,43.816964299279825,100.45313116459926,297.9881765198503,197.53504535525104,-0.08850113202358316,682.4361212579106,96.93279853068668,335.2114563412888,965.942611575125,630.7311552338363,1.6685562940396537,97.59729823276142,23.769806782272767,39.99761199065261,151.76764201179458,111.77003002114196,-0.297893845418107,37.490646091270065,0.43583814824915945,35.87979944452869,38.61820145290173,2.7384020083730363,-0.005373034618032178,7.135621348649925,2.4510794612935674,0.07588056663130693,11.759890128444248,11.68400956181294,-0.010534451779467562,1,0,0,0
209.73185767511342,59.38344306738273,42.40926728107942,325.08687592689637,282.6776086458169,-0.07040995137558786,708.9410834404287,103.35660710405195,512.9256543372126,956.6600965785419,443.73444224132936,-1.6145143759377945,98.96740514906126,19.708672008068678,51.97318684715051,137.47939136745646,85.50620452030594,0.4189804871679768,37.394855015836704,0.429874293966971,36.622381669591036,38.61287845366242,1.9904967840713823,0.0029684884494027776,6.9850708556800605,1.6865869875481296,3.3289288438896842,11.217994192154013,7.889065348264328,-0.005398035098730373,1,0,0,0
212.39128697460274,49.4098703623731,100.14771229653437,354.4542687496537,254.30655645311933,0.6027932328104295,698.6663979480508,108.71051665514953,431.4256799057922,928.733291386607,497.3076114808148,0.4346190051860688,101.85710061076738,16.983056874130792,68.02808044368072,135.10909721853074,67.08101677485001,0.10406967304659928,37.38916649920599,0.44615644379054087,36.04106723739134,38.24506643957992,2.2039992021885837,-0.006510868813999557,6.283853435423416,1.994250192571086,1.0388839619647863,9.881275966905603,8.842392004940816,0.008948678203704865,1,0,0,0
184.26015893127976,51.36700715818944,40.6240319393755,300.1857327682794,259.5617008289039,0.16102962579724953,683.951469877788,91.60216102693727,390.5384882021156,889.5396109983055,499.0011227961899,-0.6492627623521373,102.30337676969403,20.417620112890635,66.68224386007729,147.12327869044276,80.44103483036547,-0.11581917922671549,37.55911732236231,0.49304264849384727,36.14673798297048,38.51795998965396,2.3712220066834817,0.006243131410039235,7.58451696436869,2.0980551496814726,2.1225651411195425,12.720503233228257,10.597938092108715,0.003639648585569925,1,0,0,0
196.2345668653499,51.88176825339375,35.46216125064427,322.9326493843903,287.470488133746,-0.5723494339094027,693.672858469603,88.96597256960841,518.7618065803807,853.7558127183181,334.9940061379374,1.3534222322731904,103.40923053544678,22.000509805835012,59.58277472483765,148.34192015919712,88.75914543435947,0.023653843654183337,37.52645772310215,0.379182510396237,36.68970870706729,38.19584410375316,1.5061353966858704,0.0032809644016450912,7.078037786125316,2.5000206039406767,1.0651822484075586,12.418460708503066,11.353278460095506,0.004902605213847488,1,0,0,0
196.74411364143685,56.521408856803276,95.54196729970616,293.3710502025607,197.82908290285454,-0.4824424746181581,687.5801237139714,94.15957714883622,488.4269704611948,977.0911626023451,488.6641921411503,0.2599500300574333,100.72740244236904,16.993254361935463,55.346918790081226,134.22087485133284,78.87395606125162,-0.21634391686299337,37.48894320571655,0.5026466642162708,36.009985811176186,38.551635190062214,2.541649378886028,-0.0014746182307387567,6.769988470148739,2.143413729814064,3.43882966576331,11.741788801635199,8.30295913587189,0.0029742804038159587,1,0,0,0
205.52911803745977,46.76425579371019,121.29416461933317,341.71101621365744,220.41685159432427,0.17847074579018432,703.7860545003823,87.66642584403826,486.3756496101204,850.5357011148024,364.160051504682,0.06541096031053717,102.28883013874928,18.225460920887688,67.71655418823272,146.99524282801735,79.27868863978463,-0.007936268665335127,37.50609892341028,0.4843164494957286,36.477647682068955,38.5593443262028,2.0816966441338423,-2.4290140668709993e-05,6.961868025471543,2.013933278708088,2.1316527565650647,10.564590235979031,8.432937479413965,0.03163475347259091,1,0,0,0
192.87546132404404,50.31740427401407,97.79050160586394,299.03338851367505,201.2428869078111,-0.7354823880493611,721.3852353587365,102.89653404721822,507.81543919340504,935.5783194102428,427.76288021683774,-0.9070704829384088,96.9045041523587,21.03491327107171,39.02724227676984,144.39668898985454,105.3694467130847,0.12283364669417739,37.43252075764444,0.5186275706734238,36.00704430740595,38.25520034643785,2.2481560390319046,-0.003283194522008315,6.767794094014324,1.9173217367147248,1.4121968242800556,10.5914488520589,9.179252027778844,-0.03206796731819966,1,0,0,0
199.3257040752305,45.12412105804199,63.45195356204428,290.8884267713781,227.4364732093338,0.3637457645975167,693.3706465343467,98.09411771094106,529.4784090571097,958.7949772383812,429.31656818127146,-0.5184187782512488,101.56881053019949,21.803352907781946,57.41820875563807,148.3334782568724,90.91526950123435,0.2392401855982573,37.52081924477725,0.5721649960661089,35.88872272648953,38.63050452303685,2.741781796547315,-0.01318945854554613,7.144542350677116,2.3091961130976184,2.2548409936864218,11.943222469465082,9.68838147577866,-0.011210082978679084,1,0,0,0
193.28841733147055,54.348079984544874,88.16010019737443,318.85959299803744,230.699492800663,0.671200359697505,722.3314099106589,97.22509608943714,532.6517931624721,929.807788921539,397.15599575906685,0.6940883609653874,97.33941477314991,16.688457346935817,56.36918584333395,124.27898920166129,67.90980335832734,-0.12407111516232812,37.582754286326875,0.4869025179345817,36.603498487622495,38.995587860720136,2.3920893730976402,0.004344182646338977,6.737176462440198,2.1958788273445227,1.202990474178204,9.880910066179723,8.677919592001519,0.02004793242077623,1,0,0,0
192.76343509681195,41.24050645461612,107.45925427069716,280.6484883188838,173.18923404818662,-0.02002013459543733,699.257313053472,103.88321822382323,456.46108608871725,872.0883797548929,415.62729366617566,-0.6790942071076198,104.49918394629431,18.72512229795534,68.55797504826077,140.00556688060723,71.44759183234646,-0.08582466258790822,37.46759944535481,0.5401273932808981,36.2576735642568,39.2931956473092,3.035522083052399,0.006112687427365675,7.107519653478579,1.7652345726336962,3.3573925930909794,12.237353332342977,8.879960739251997,0.03269107807851576,1,0,0,0
193.50407932756195,42.00974997877186,101.18734445591969,285.50476106224914,184.31741660632946,0.07956734091151998,707.5938778888755,92.39269657477313,522.6229991590722,894.9420075821819,372.3190084231097,1.7739735442279365,104.06320375552818,20.76054798480469,52.915310689659016,152.39590027338903,99.48058958373002,0.1268909656747876,37.480876720562044,0.4831942712220778,36.29871419487908,38.510842383214055,2.2121281883349724,0.0063045045227528036,6.587146903341512,2.106200845015521,1.9800845654731543,12.09140559259119,10.111321027118036,0.002215892366290842,1,0,0,0
191.65944929589352,38.897662915564425,108.81328837133866,280.92045168982,172.10716331848135,-0.4984977965420329,703.0853466324356,105.78740763766221,426.88771280650406,923.6778929295178,496.7901801230138,0.08126386189389566,101.07927288707859,20.508890546483713,54.04088161221553,145.14137860347034,91.10049699125481,0.2077622221232101,37.439347561794364,0.5301655229254782,36.04998686106837,39.15374698318915,3.1037601221207822,0.0009422432416059032,7.039810486008238,1.9191609607299338,2.655838079393945,11.937392670410453,9.281554591016508,-0.026714538184027473,1,0,0,0
193.12074389065847,53.100499903324874,64.42273972252747,321.74103581337874,257.3182960908513,0.23726065284000694,700.0777281252915,86.63680551866354,514.2227382927997,885.7258494919438,371.5031111991441,-0.4393559407398491,99.64259819158589,18.322988061537018,64.52583610214539,130.1357701418026,65.6099340396572,-0.3327274505472855,37.442027250601406,0.4825657744194531,36.44558273042626,38.46882144462952,2.0232387142032593,-0.0018125612250389073,6.767670968690174,2.208792993977337,2.0153574007725155,11.14673651011019,9.131379109337674,-0.0002100372518615089,1,0,0,0
194.2236083856061,49.04203587372858,99.7461470684577,321.0751992202009,221.32905215174318,-0.20619213906309292,682.6137879044976,113.12370912094586,473.18615018075093,911.2721208693156,438.08597068856466,-1.064905260782882,104.95202324329036,19.27193606811882,55.587485899095356,141.80382108180325,86.2163351827079,-0.0889502106583504,37.430909878934855,0.45661000022053766,36.270322013879486,38.56047996158652,2.290157947707037,0.007884127398788212,7.46034403459428,1.8504214475016252,3.363547312086814,11.848974963667438,8.485427651580624,-0.03458852788345062,1,0,0,0
200.63033782668447,49.20080390476222,91.31934495055967,307.2892796953606,215.96993474480095,-0.288668365216381,707.6649784834922,89.03533487597672,513.0998244196735,883.6033419805832,370.5035175609097,-0.8465577219030854,97.02359165069676,20.046526751633,52.558789393522176,144.55807658279542,91.99928718927325,-0.061684436758189715,37.47074250528344,0.4131553768052926,36.39490474449341,38.19835481520474,1.8034500707113281,0.004157147941204867,6.829400585215914,2.0191834153044215,1.014300701793351,10.36721402554127,9.352913323747918,0.00647775882739897,1,0,0,0
195.0886458269662,49.013096765272124,47.20141619769058,283.2995147675847,236.09809856989412,0.4700574384000264,680.8053557161583,108.0518090562971,453.06493175688155,920.6543675289136,467.589435772032,-0.18968722437961824,100.39088888128461,22.521273415316628,52.73187178927436,163.584112722284,110.85224093300965,0.2653711414321868,37.51689854447758,0.5176183417029941,36.40173297371659,38.94326880686186,2.541535833145268,-0.0039472821648764075,7.143993313798295,2.0466007108586513,3.28516023935819,11.209892664345555,7.924732424987365,-0.05542965622053838,1,0,0,0
206.78331432941147,51.46637695668747,55.10898554161298,308.82759996112316,253.71861441951017,-0.3322662251172816,705.1631780789775,107.5446846310555,372.9376186962753,934.4878857957483,561.550267099473,-1.3664401202290783,100.1849328332387,22.295868448005162,60.823787624267936,152.6988293167727,91.87504169250477,0.08955689292699967,37.443623611984066,0.47742893358409155,36.357622436745444,38.26090685829148,1.903284421546033,0.0010499649850071605,7.013935187693696,1.9711046076564058,2.8556900187387884,11.10148195781489,8.245791939076103,0.009869751376731137,1,0,0,0
207.7544429067743,51.785026635801316,55.59826698241821,315.53489958075374,259.93663259833556,0.6266438607590712,692.425435331079,89.63324186887588,503.54996415669825,882.2112599177086,378.66129576101036,0.38669806089870756,97.54509142852876,19.470522351106965,61.14089610379853,157.03563970386807,95.89474360006955,0.20628939382925288,37.493484464782064,0.45963803664782793,36.61467352724011,38.26234512592062,1.6476715986805104,0.003319565413625815,6.663060930177092,2.1846724393009223,1.5930961765918603,12.310314747044812,10.717218570452951,0.030348445845111875,1,0,0,0
204.642189535198,41.21757275920903,88.42982672352704,285.05710674668734,196.6272800231603,-0.6671608104663347,699.0108360816756,98.56688244925923,501.5499156462272,901.1563094091701,399.60639376294296,1.8828064159110733,102.02858600682389,19.68283764622447,50.31417018297496,146.59002031252118,96.27585012954621,-0.18713224317548946,37.413995269079756,0.4958623627854426,36.16645116126634,38.50478054161917,2.3383293803528318,-0.005750167070865466,7.408766014497993,1.8382539735259866,3.024596489772382,10.707616456979798,7.683019967207416,0.010504089200711681,1,0,0,0
184.84146495914402,45.52187629996469,103.47961184324265,345.6568520888207,242.17724024557805,-0.5800875190169288,695.3872297312847,102.5961141903459,456.4044458377871,927.1490245644787,470.74457872669166,1.0094426408103088,106.5017042438721,20.331987136576675,66.83780516186698,152.19217783713924,85.35437267527226,0.01097353471105101,37.3834097624286,0.4705834430604441,36.48011396939001,38.55868117428319,2.078567204893176,-0.0013778379634939353,6.7499417749662,1.7568467593742263,2.6901006245208734,11.180063052286197,8.489962427765324,0.010806120261677522,1,0,0,0
189.52614186197397,59.81089821836991,47.43960217012986,302.01269995610863,254.57309778597877,-0.2209283740602657,710.0249496200962,94.1796189939984,437.4106567839352,947.2253704014679,509.8147136175327,1.583026652228963,101.21849270053231,17.301874792576438,63.29097589603262,136.0384973767141,72.74752148068148,0.01592146057157068,37.580294936841575,0.42016021057317166,36.87988832991277,38.72729834578155,1.8474100158687818,-0.0021405862791167695,7.021706550037291,2.2604549626139137,2.220730003295664,14.076365525978797,11.855635522683134,-0.004954105552909361,1,0,0,0
210.52963448850858,45.90913629392258,98.89302678006405,335.9814124804943,237.08838570043028,0.09808180131722531,708.6608564288061,91.50788573176338,478.11722918198035,945.1039202518618,466.9866910698815,1.0492754176948118,97.83592630514836,19.472352377537273,54.68799327871735,143.19798558828964,88.50999230957228,-0.007034848879171196,37.538708234173995,0.4912949549221976,36.81971078410061,38.76350795873106,1.943797174630454,-0.003677148164262498,7.250162979442042,1.8897097332877153,3.521916706651598,10.898407835496156,7.376491128844558,0.011844762257063726,1,0,0,0
191.79186252705622,49.22654130780767,64.99113741831565,315.0065813467539,250.01544392843823,0.102817250651695,671.4675438982453,115.90572435110596,393.08567411025626,884.5204879854625,491.43481387520626,-0.9051746645212723,97.65486387390075,21.396218477220373,48.248743600884396,142.96986097307894,94.72111737219454,-0.2072058309448419,37.54679951182209,0.48694223320410823,36.15665442222568,38.67035630244214,2.513701880216459,0.0004440893888449662,6.699828466899915,1.7924894778424656,1.2126343412535219,10.175625818322413,8.96299147706889,-0.0027052349992183152,1,0,0,0
207.04163567596538,44.431108840999315,109.70091027698187,302.3780555427815,192.67714526579965,0.16475055353395598,691.5579179386539,110.85511714089924,321.62126647692685,898.1313028370124,576.5100363600856,-1.072938774695783,105.66083593729986,21.380507307734412,56.701248759768276,159.41817897545155,102.71693021568328,-0.46805228772506874,37.58934135205486,0.4599746763715703,36.407840250467714,38.56169105055282,2.1538508000851024,-0.0017596557576740452,7.127636934017509,2.1325220470519013,1.0632670403681228,10.702743450046283,9.63947640967816,-0.04690661413629471,1,0,0,0
200.43011148078546,45.06903792431485,70.33460930758332,280.7401657380975,210.4055564305142,-0.3732522797742269,730.4592371133009,106.44572069620364,500.49791576571636,963.5262907884255,463.02837502270916,-0.11585205605856018,96.91072643026581,22.69569173732318,36.40227895805157,140.62765596795902,104.22537700990745,-0.09403483157270438,37.535882089099616,0.4710676892734531,36.21223401509184,38.71892880328072,2.506694788188881,-0.0017686601752068478,7.1530965434448035,1.9497544747685838,1.8392563708384317,11.083776363457755,9.244519992619324,0.018144873505503777,1,0,0,0
199.95975339350355,42.503847070331055,117.55201471390694,294.41054159253554,176.8585268786286,0.6861061948841357,707.8636486878755,97.55738825791764,503.3286050762995,919.4699343069826,416.14132923068314,-0.08400864200159756,101.95216948222807,21.40191358947531,52.162652846396504,142.45554182147396,90.29288897507746,-0.06285568523179719,37.48455031622614,0.5432921672872985,36.357302486366684,38.54133736079877,2.1840348744320863,0.00185593653903027,7.400191357521869,1.922598605376837,3.170071321270173,12.216831514833308,9.046760193563134,0.007590410387787901,1,0,0,0
200.52763459923702,46.6910546063043,71.22379393385114,287.4802977738816,216.25650384003046,-0.1215839444498478,709.5300657815831,107.2337108524304,480.630382063035,988.1151688420651,507.4847867790302,2.0616780381821647,94.77709557104545,19.795320992130062,54.76051000587964,133.44333543776787,78.68282543188823,-0.45819189731088933,37.58820687876425,0.47474700837904676,36.65008100556545,38.47971314226214,1.829632136696695,0.007809067747754287,6.95260416786487,1.9496824519617215,3.2195347926017908,11.011703122878352,7.792168330276561,0.055441130881072005,1,0,0,0
195.13660325509093,62.527808563957386,87.75291060095789,322.0091327719118,234.25622217095395,0.2799133778673292,698.8794268906847,90.95010602071153,512.9615565992173,861.8738647145905,348.9123081153732,-0.07839789861835746,102.15431927275571,17.955534329890632,67.7628036357865,141.09680946443444,73.33400582864795,-0.17011738800787846,37.53976079540832,0.5613477889980316,36.18172207191913,38.73902497025769,2.5573028983385555,-0.012508414991391591,6.5389200877937705,2.036591991581085,2.3699649341520725,10.386508856852963,8.01654392270089,0.005985862283313139,1,0,0,0
193.66389167520137,46.87105608865014,110.12124794290332,331.3140022752248,221.1927543323215,0.18111413608948293,699.5227858203722,97.95717218704137,461.6777384651386,950.9241533194238,489.2464148542852,0.9383874046406396,99.145700266988,22.160523344184256,61.23735511289838,155.54102526000318,94.30367014710481,-0.22619882002889777,37.4368229430863,0.5046347977710262,36.235238274161155,38.61547473546179,2.3802364613006333,0.005663593203502408,7.207396483224531,2.259495190093495,2.04198245335205,11.843974664751544,9.801992211399494,-0.0019015669120161073,1,0,0,0
198.93614403991094,50.1215174545121,101.07891552963807,331.6424237552219,230.56350822558383,-0.25125293926771985,705.0051031371331,94.6552710183909,466.50404608183965,934.9667123585593,468.4626662767197,0.7484969412765775,99.94095928407785,21.983928433747156,58.34655824741969,147.80026944959178,89.45371120217209,-0.48125699046900317,37.435970920141614,0.5352647341915427,35.918059047964654,38.481083335349744,2.5630242873850904,-0.004088278204958465,6.71419819071407,2.0295692030060457,1.9744593437820788,11.508727199172913,9.534267855390834,-0.0006617683027064403,1,0,0,0
198.90089138404753,45.8349102622871,113.68564639148674,320.2855514844872,206.59990509300047,-0.12525519790409326,692.2149057648305,104.00703831920771,488.2577227753089,896.9723960141263,408.7146732388174,0.6980400067772998,99.92852478344446,17.59720241818962,60.368846071281304,128.13492618302786,67.76608011174656,0.09100634905698402,37.42639937493356,0.48900574428113086,36.553544178275594,38.3280881685925,1.7745439903169071,0.0022079175887705334,7.181170718260477,2.284652080648797,1.8150571639876478,13.355524585952502,11.540467421964854,-0.0360360869603329,1,0,0,0
196.0184824009103,50.2255513108128,103.10964469271636,298.40193859347374,195.2922939007574,-0.22882768992953706,704.3378527410138,102.32617037397821,465.93188634232956,978.8741538492122,512.9422675068827,0.7515910086602651,98.62255598579543,17.241110317750998,69.07299250709936,148.67879407358325,79.60580156648389,0.21429326481431968,37.52354137862704,0.5545508690739269,36.62479338970653,38.835576453519366,2.2107830638128334,0.0073740958814280146,6.617816387835882,1.8191356140414252,1.013477615706158,10.236481435013342,9.223003819307184,0.013772040396902554,1,0,0,0
196.42155291859387,55.24016277874733,93.88027152815435,321.60031252809347,227.7200409999391,-0.12966182213897912,686.6170610628131,87.21389610796996,502.99748161152917,923.353138412943,420.3556568014139,-0.32183524391245816,99.7864287274076,18.784643388900733,42.55526139209781,138.87359385143122,96.31833245933342,-0.14812480651477453,37.682233366126425,0.4292921552375407,36.6903309484361,38.502979582374955,1.8126486339388563,0.0006831722236557106,7.182219901063313,2.0277668211099127,2.076246253120657,11.769010210626071,9.692763957505413,0.011541475272913666,1,0,0,0
197.55058624284854,54.59600741980722,66.23824978954002,315.33183961992256,249.09358983038254,0.9922678570164919,674.9803351964733,91.07603970582477,505.654153450784,870.8028313548041,365.1486779040201,0.22383184847840176,102.96724638015188,21.95081275685437,64.43687948476256,191.91656593796301,127.47968645320046,0.09656317716475643,37.67268480097466,0.5046446214485295,36.13200393937187,38.87798222426069,2.745978284888821,-0.002376233994242289,7.083264241124701,1.8638910229648622,1.7718897371085216,10.608815786911537,8.836926049803015,0.015020777364256348,1,0,0,0
209.65505609171854,50.78861374629724,119.4196646934043,301.58495642388436,182.16529173048008,-0.546808749630897,684.2907254259916,99.26189783969967,487.6094832612564,955.879930429927,468.27044716867056,-0.6296551006431916,102.34776071736398,21.22987760025901,62.90668529220609,159.25030679544128,96.34362150323518,-0.00020765026381487013,37.49044596329785,0.37160518426837597,36.632649325459546,38.34304471256036,1.7103953871008173,0.0018259801055446338,7.050974104745792,1.9444596471803288,3.770979101748599,11.996289419143334,8.225310317394735,0.03091796156153434,1,0,0,0
206.46176525639018,46.96763557925157,82.61374230386087,322.1626675891755,239.54892528531462,0.24157378547949515,699.3509962550773,105.24555669563554,465.2284695454885,907.8068008068688,442.57833126138024,1.1361497457879657,103.025251485785,20.217868200286315,58.911374916300176,152.86645161625344,93.95507669995327,0.24913585110887704,37.54021260955031,0.49921153955310454,36.58954834275838,38.71552404501897,2.1259757022605896,-0.006933381445054239,6.881922050682096,2.0467417882165084,0.8463783869203478,10.629541823064127,9.783163436143779,-0.02624727290001865,1,0,0,0
191.80441701715426,43.847405322405294,99.05235391072516,320.1792001191057,221.12684620838053,0.2905858645100443,686.1787145130344,101.75801784453256,411.25738488067293,919.3951899382661,508.13780505759314,0.04944549961340938,100.48813257454692,17.327859748624736,63.70238630237529,135.9659522666454,72.2635659642701,-0.2352128803183584,37.47221514767411,0.4902977831815365,36.237028303465266,38.401968613850684,2.1649403103854183,0.004409673934190526,6.704698609945529,1.8026201117877223,2.994676262675527,10.241324814086155,7.246648551410629,0.0043584981853969,1,0,0,0
209.9054938157565,52.60173375423462,104.52837311048964,343.8565407823702,239.32816767188055,-0.9784378837266903,705.8090868219156,84.3896541647813,481.99354745426876,874.7356885936025,392.74214113933374,0.35746065382352044,103.3184397125146,21.119013869189256,39.67419523035098,148.91922578985236,109.24503055950137,0.031043216622285846,37.550149148067,0.43634483366312554,36.20504979221368,38.502478038770455,2.297428246556777,0.00469770493416044,7.071111824394056,2.0659568538992565,2.893385941473505,13.247463455411047,10.354077513937543,0.008278495991483252,1,0,0,0
201.11638622953603,36.37435947178309,114.51730562528525,266.63812809866096,152.1208224733757,0.29997554186436826,692.5623105240562,97.21964851258186,494.5476288330135,899.6210055320971,405.0733766990836,-1.7893064699483152,101.56299078187475,22.45395927761482,61.29774106062645,142.86990271299732,81.57216165237087,-0.20191587534375433,37.48445772137213,0.500833378591091,36.576317384594866,38.85530654732706,2.278989162732195,-0.004194838931426962,7.044463210883692,1.9750996304484207,4.094590029811256,13.185061518590073,9.090471488778817,0.005813436077603935,1,0,0,0
197.0861622089394,52.40548365466761,47.94202274594301,305.2642763012749,257.3222535553319,0.6572964852165045,712.9901430059788,110.88032343862236,416.8489664194996,895.7166170334482,478.86765061394857,0.040885765659358975,101.81794368323732,18.93410652190009,52.07704920974749,146.56349394705137,94.48644473730388,-0.08111960980324767,37.439883627976144,0.46789779266343295,36.318418397606784,38.43153837864017,2.1131199810333854,0.009675130369889592,6.6964839601254695,1.6420249298481158,1.4170808881463302,10.129050253202122,8.711969365055792,0.014655651141211194,1,0,0,0
210.4738078044936,48.76769578597789,116.80019453766306,305.9645002869497,189.16430574928665,0.5316027596252211,699.6795243024867,94.01197111014355,496.0336542058087,908.7344527056567,412.700798499848,1.5975024084446094,98.07634339958337,19.026110753372617,45.7855132742968,133.35775919791368,87.57224592361689,0.18585439223489994,37.49963705215797,0.5432886873301301,36.07426894560709,38.572619990410224,2.4983510448031367,-0.005889201273912896,6.933404808578419,2.3216016199053695,2.7727601969557387,12.587339411558633,9.814579214602894,0.0078603407823139,1,0,0,0
206.4281433953537,40.951955365313985,122.55663118147683,326.3958916611076,203.83926047963078,-0.3382488451314363,714.9431518655239,98.44967311778476,538.2904663786483,912.7505153803991,374.4600490017508,-0.2555568729690241,102.1732874036819,17.251658120083203,57.35902497181573,148.74879201172644,91.38976703991071,-0.12555463437833117,37.571803972040776,0.5671961227654486,36.51364323746471,39.38132441275304,2.8676811752883253,-0.004982862740838241,6.728266194307034,1.7818947007134984,3.229614744191288,10.896697816739708,7.6670830725484205,-0.021183625230514445,1,0,0,0
194.34859497260146,54.15081498178264,86.45167991235571,301.214077423814,214.7623975114583,-0.6935002692220247,698.0034860432513,89.28310832519776,471.01641936625157,863.9473498323811,392.9309304661295,-0.9302931244692533,100.90150986378156,22.040667439393392,29.009005070823378,139.57671777743238,110.567712706609,-0.06382332535923514,37.44586574689061,0.5127526311597699,36.47303738832992,38.56258213583236,2.089544747502437,0.003988140023693013,7.250912852685996,1.9361165733424848,2.466837477704403,10.55628219223647,8.089444714532068,0.005149896195993045,1,0,0,0
193.63353289645525,44.11824261734186,82.35957124598812,292.28899410659454,209.92942286060642,-0.3523966058912947,711.326401741365,115.1665171006357,418.1956910823945,990.3946376211497,572.1989465387553,-0.2926702815594499,102.84698575159427,21.55089296962642,43.66666220064567,147.78598653660643,104.11932433596075,-0.271243123485451,37.51966932365785,0.609324859850299,36.192386402104304,38.62869281543825,2.436306413333945,-0.007198060211510049,6.8226197114422495,2.352520119283969,-0.45653912066008573,11.82921555794176,12.285754678601846,0.0004766061484604347,1,0,0,0
197.84509704128683,54.73248917586982,100.02413061649214,343.34901900865987,243.32488839216774,0.21567107992428672,714.7191996909905,103.2953844511627,481.9990333088574,951.7569382237893,469.75790491493194,-0.5841071427999514,100.98735703150943,21.788085279761876,44.68151846015456,158.0265089366768,113.34499047652224,0.269639719798493,37.4438671939837,0.552530241197676,36.40907827821451,38.51664728234626,2.1075690041317543,0.0061414612628361885,7.251855753845408,1.8252892156200364,3.0726746550715465,11.694823419806976,8.62214876473543,0.024655527088476455,1,0,0,0
198.49664255226315,54.60760438215742,62.72362499651325,354.29787780162667,291.5742528051134,-0.03949356617425028,686.7210882699208,104.76346375606516,485.50747611276495,931.1096249397859,445.602148827021,0.8923273494487509,99.81843833380488,18.971473294390858,66.29293963706883,149.0334991025521,82.74055946548327,-0.09157569367411368,37.42494886621867,0.421411325500977,36.464838639632276,38.376445842153466,1.9116072025211892,0.004482052814332223,6.571777103107978,2.042985875545192,2.352703151908133,12.06770637504184,9.715003223133706,0.044216067449302336,1,0,0,0
202.33813289564506,45.778632349010635,106.74491258123906,286.40209742717207,179.657184845933,-0.08271797412552727,693.2331199722844,87.15125731667958,479.67354040073974,893.3835371503845,413.7099967496448,0.04750553752165317,105.04022921152259,19.317357330302002,62.03395749540982,139.03654253884218,77.00258504343236,0.14869717075909306,37.50547919017816,0.508874292979153,36.201950452104334,39.04653902906687,2.8445885769625363,0.0012542623717179872,7.293368371993734,2.1940000092413623,1.1530401832329833,11.788999048696537,10.635958865463554,-0.01896043586071567,1,0,0,0
200.89627663377252,55.4221768338645,99.57039774347103,348.56057518199793,248.9901774385269,-0.5387380300001002,711.5318739009158,98.37485390880254,506.06602897279026,897.6468337694973,391.58080479670707,0.26588484905441007,101.90264890381313,18.24280478859948,60.6943792635819,139.17314259971982,78.47876333613792,-0.21673278486522699,37.3152532256328,0.4170184198000832,36.565901331664605,38.45161003331788,1.8857087016532716,-0.0030815825287211487,7.33304288376,2.0322276027550097,3.13827584872521,10.843948228300466,7.705672379575256,-0.004370211829196816,1,0,0,0
199.73532805629367,54.50846942542158,110.02252773590956,336.2026401383511,226.18011240244155,0.05961553867331659,698.973589852027,101.53015181041499,464.07553344178024,1024.4764844787703,560.4009510369901,0.3168744794311342,98.92562213819745,20.001783070979403,47.91969408417124,148.1708122980659,100.25111821389466,-0.036867530094633665,37.50201710666721,0.48231016015381956,36.47434917910394,38.88407901362703,2.409729834523091,-0.005295413611931716,6.906891132470986,2.0023476826429567,2.429364711238038,10.934719746359761,8.505355035121724,0.023383850684923508,1,0,0,0
194.5888887240354,51.49138251709577,60.24489984701003,311.0949751781506,250.85007533114057,-0.5200116357099913,700.899518590437,94.60916181578072,540.7441380314315,939.3146915465945,398.57055351516306,-0.14493745318530066,99.10367849035951,20.961016547118366,59.33647773294923,134.42490460201677,75.08842686906755,-0.05031081054392597,37.56325811304941,0.48433679174042543,36.59136774778093,38.828288420403766,2.236920672622837,-0.0012690443936631379,7.31927818351652,2.09041418292863,3.1007181348359376,12.163590987786684,9.062872852950747,0.015118046901206163,1,0,0,0
202.9111296683121,56.457808023255055,63.63741832932453,381.1363557288749,317.49893739955036,-0.3130267557595358,686.4409909126024,92.16147354357993,431.87904631649485,918.0252132584151,486.1461669419202,-0.34171622694152093,103.18456741359097,19.449000978356597,61.04333949931656,149.69998426592576,88.6566447666092,-0.23699413021991927,37.46677735904754,0.5056213494624715,36.262632650159794,38.44883038432791,2.1861977341681182,-0.007445686094166543,6.544788319965769,2.0712214678817675,1.4549071360786083,11.55713993293228,10.102232796853672,0.020693133670967152,1,0,0,0
204.9606194552281,53.88200754878169,48.96510392224798,333.5086789502154,284.54357502796745,0.565353792689764,712.2936774405055,113.5768693716608,420.6107567808161,888.9720977611748,468.36134098035876,0.14795960387122672,99.88757111403133,19.301728108222232,51.81572280322967,153.55055379593043,101.73483099270075,-0.11485508092384107,37.42395751742703,0.4656052265211818,36.48800238644499,38.4447372556944,1.9567348692494093,-0.0040881900658932355,7.561302650329762,1.9581188302417583,2.5299410918228427,11.12747862720735,8.597537535384507,0.025865150741702602,1,0,0,0
197.6636838181882,49.10245842223303,113.71300965742603,316.6977917018283,202.98478204440227,-0.28157373444036404,730.4953007532208,100.11061485244909,535.9530831013461,1025.6591134028163,489.70603030147015,-0.5186859381923582,94.60175308900982,20.54407669266818,54.74965792952865,145.856499993412,91.10684206388335,0.2038766758192127,37.49297598522702,0.4815351957199629,36.77345941431491,38.60628172825827,1.8328223139433604,-0.002275357341455624,6.981918480333584,1.7157240161772296,2.582853365713617,11.057262853645158,8.474409487931542,0.007405594238423075,1,0,0,0
202.96882213307407,49.64483747839197,81.32398402421055,303.50399934654735,222.1800153223368,-0.42355440944654127,701.9631960082985,104.56622327813966,493.67860988158355,917.8835666675595,424.204956785976,-0.300928497025738,98.59005188675292,18.249358917987657,62.07494355974498,135.97354231459423,73.89859875484925,0.2439566568117387,37.51207957654834,0.4882834004745618,36.207750223971814,38.44856978835459,2.2408195643827753,-0.0011179490336890182,7.121151502944931,2.01541089194002,3.53251908496165,14.2305548302156,10.69803574525395,-0.04316934877266113,1,0,0,0
206.387143309329,48.48945784274121,105.54352664575634,304.98187024550816,199.43834359975182,-0.10509103093310915,716.7442393382881,92.74986391568416,534.9495242095597,904.5580066858779,369.60848247631816,1.4753731755660273,99.49226069437026,19.86458947306752,52.80974543202448,138.11370602652048,85.303960594496,0.04431218946313389,37.560898602813445,0.43687874428173107,36.72992434454406,38.63551299900003,1.9055886544559684,-0.0028788996166870537,7.084925621256863,1.7775748105219296,2.924332216010817,11.503790085701748,8.57945786969093,0.02541835925488849,1,0,0,0
212.00728535489023,46.15415861664234,120.57802978794614,324.14778966649436,203.5697598785482,0.6083824239737435,690.2883561413025,111.04963119326234,505.9024676444916,930.997905917368,425.09543827287644,1.4179759328004942,100.52579241030257,15.159941025096606,73.7063832079194,152.23896158796137,78.53257838004197,-0.17780885496508078,37.42531103473515,0.5479634734495213,36.04874999787902,38.93567037865174,2.8869203807727217,0.00037848519448363744,6.5190957942564545,2.173496164483146,2.580273094616495,12.822981005877448,10.242707911260954,-0.02548962052549356,1,0,0,0
197.78425905765135,40.14733412214856,74.28624970666009,280.90551214616016,206.61926243950006,0.019766783961297538,710.0143166986451,77.53898345796473,568.8031335821735,882.0575586576854,313.2544250755119,-0.23588343648327081,102.63080374131208,19.621364322566084,55.491351876348745,148.96603601438613,93.47468413803739,-0.0204511502490638,37.44060214832615,0.509791455969913,36.041107193470864,38.538444306967016,2.497337113496151,0.0019115210097981786,7.350052138320094,1.8893468929179442,2.934570733969399,10.829462981699466,7.894892247730067,-0.039919045851413155,1,0,0,0
203.9201803206142,50.36270569978386,83.00069848886066,319.57712728117497,236.5764287923143,-0.4305870591933817,697.9991304424058,104.63343517071476,332.2956633270533,948.5772077905318,616.2815444634784,0.1829970739229758,101.4905643440083,23.581661485731143,55.41463828954731,157.11091075327926,101.69627246373194,-0.3574153007926046,37.4930384777897,0.4921766164184585,36.58210587793424,38.60582207276486,2.0237161948306195,0.005157636032552571,7.0349218894444006,1.7863851027503401,2.086594002567894,11.11333574710213,9.026741744534236,-0.027816950583781436,1,0,0,0
202.98447563826238,48.134033797929376,83.39917818696212,307.4955475622048,224.09636937524272,-0.719269753103898,697.1880099445242,94.01788679242244,486.8607339728511,880.014411716628,393.15367774377694,1.3121030730142251,93.92055354771809,20.644377135791068,51.49331074212273,138.88645407149622,87.39314332937349,0.007259746859480441,37.4412153839095,0.4222815898574622,36.4455127571133,38.428993308638276,1.983480551524977,0.003906040315182704,6.288685268414252,2.1278120227267396,2.2655786575892884,10.244154681952967,7.9785760243636785,0.014699363095020117,1,0,0,0
196.18786953870512,56.669143133738025,62.6141696917183,332.08341527789435,269.46924558617604,-0.2976301094972666,702.9808229723001,97.4216877397775,481.12160034900916,919.6972466649797,438.5756463159706,0.015010911914476384,102.39984530373202,21.536657577645645,55.29184985463547,145.89065695920692,90.59880710457145,0.0755549534327992,37.42689526831095,0.45000900154505696,36.61492593060624,38.505413261338205,1.8904873307319647,6.458625149214853e-05,7.176365633576701,2.1416828508691137,2.3054657634128297,12.149345492449823,9.843879729036994,0.03691567217651707,1,0,0,0
183.2779174993735,43.776816441607735,94.44267573317333,283.73671069283745,189.29403495966412,0.15396399855043363,719.3388787568406,79.23006259594034,579.7588479657109,890.3896234482417,310.6307754825308,0.4352356393985592,102.43203128936206,20.25991140261275,66.89230323907883,143.5666959619914,76.67439272291257,-0.24997707454415524,37.57960465282878,0.41135818017919334,36.79898112785196,38.586603161479196,1.7876220336272368,0.0038361040384689822,7.229271372585149,1.9287166515987417,3.843299498161347,11.583295792585943,7.739996294424596,-0.007753014916806651,1,0,0,0
211.9074783190325,47.882556659639135,104.97706869130724,307.85873156673523,202.881662875428,0.28588804210270086,724.6484518492181,102.27083577736958,519.4559527784281,1008.1971608860711,488.74120810764293,-0.7842701447606495,98.18376872935598,24.234499335945557,16.401401002327773,138.86365859716685,122.46225759483907,0.22275077738077992,37.535733198151455,0.4724977231159363,36.61391645274285,38.54515493859134,1.931238485848489,0.0011073578236455923,7.451041036429267,2.154005039169051,2.38812959622706,11.832620019614279,9.444490423387219,0.009905704368158496,1,0,0,0
193.65700237277971,37.86563717297321,89.90506787341681,287.62455095371655,197.71948308029974,-0.2124550940163223,709.9946501368147,107.90821867651185,497.12888425162396,986.7072039871567,489.5783197355328,-0.7475650398453366,98.37364592181042,17.675611511049215,57.68033856269192,131.49106140596575,73.81072284327382,-0.33326811526357764,37.61521727272162,0.5001019720590056,36.328678687826006,38.542668436797214,2.2139897489712084,-0.0019408294319664837,6.848114384450168,1.9743559895855254,3.564146945067553,11.561398377653926,7.997251432586373,-0.010245412818144697,1,0,0,0
198.75512549858416,54.14536789301408,98.47188197582277,354.9417967907272,256.4699148149044,0.41112280312988225,669.3132533600993,87.50996948178943,446.83829005536904,888.0085130483546,441.1702229929856,0.04394976743906844,104.9551723394654,18.752443852846092,71.86171595475845,164.25253741466878,92.39082145991033,0.004933182989188112,37.552513516518644,0.5019292090161712,36.57973473043288,38.69506771964435,2.115332989211467,-0.005004740679089358,7.007534123578426,2.090068034512756,3.040324443134224,12.043169525186753,9.002845082052529,-0.0065573398053701635,1,0,0,0
193.6078338161574,43.44781199127839,113.23961755590263,275.3919049855837,162.1522874296811,-0.7174185284470587,727.9940490364218,86.03050537691112,509.46610304855653,892.8900770867053,383.4239740381488,-0.6480324613234081,102.32312058851947,18.58373326805201,66.98766173645677,154.60934654767559,87.62168481121881,0.12956417397797976,37.40336217779215,0.5076524134479974,36.000574888558354,38.61754129174187,2.6169664031835183,0.0003258184249592327,7.658859848375365,1.873410228923658,3.366713214960884,11.199788277214457,7.833075062253574,-0.00481288893693823,1,0,0,0
194.53712635362731,54.364112700741146,52.676640694957825,304.6821470150464,252.00550632008856,0.016160270256830374,683.5819910032399,99.7856151879186,350.4399649101177,920.3555453043892,569.9155803942715,-1.4259133837705928,98.18127613539642,24.37063285663612,37.48824651304896,148.4499998375528,110.96175332450385,0.08856750520382213,37.48344405969577,0.48500718852501534,36.51083738199762,38.59665152530011,2.0858141433024926,-0.0023202151117640195,7.469666620584274,1.8083793930167447,4.207029803294125,13.21541279872027,9.008382995426144,-0.021061781773298736,1,0,0,0
204.49345271447785,51.27169889899216,69.7523862961909,329.06815458646776,259.3157682902769,-0.7659836481081442,692.9940038961199,96.74664196638733,520.3217104953085,891.0160631090336,370.6943526137251,-1.00711766998384,101.92168527029531,21.119094189368752,48.16576461170364,152.74610981219195,104.5803452004883,0.13924491026902572,37.53322403363939,0.5519019880527132,36.49122242282858,38.857022358256486,2.3657999354279085,-0.01417040488328288,6.356898455128581,2.253102528097801,0.7354087654326804,10.317772104243975,9.582363338811295,-0.0005559971559687257,1,0,0,0
188.45353136949797,53.76972800005774,75.41168598612637,301.27389770145066,225.8622117153243,-0.6262555686745566,734.0739678150312,107.85664917987381,523.179177497178,1098.0772707487918,574.8980932516138,-0.33667949458271723,98.1675373980018,19.37393286393111,52.816692292127996,140.04242461345314,87.22573232132514,0.03871056728786515,37.51787124880564,0.5075553486033673,36.16303846502861,38.72340388602854,2.560365420999929,-0.002609213447576425,7.265666699927966,2.391070024574482,2.4590601574262463,13.050642218989104,10.591582061562857,-0.006048708153752946,1,0,0,0
190.95381911640612,52.90938990052588,96.99698639806505,314.263145773041,217.26615937497596,-0.360167979387725,689.6105272036287,89.80157505012615,475.3475794011792,907.9390074260792,432.59142802490004,1.6081437189713488,96.62376043557425,21.172882155786265,55.81180012524555,139.18701682103682,83.37521669579127,0.04165997552191548,37.5643544150915,0.36513891325655634,36.45159061871707,38.249873462857124,1.7982828441400542,0.001663516606044495,6.910789269595297,2.10767815397663,1.831960212230518,11.629138962169053,9.797178749938535,0.02334314615226695,1,0,0,0
203.44763314997215,44.97205364949955,102.61534991311545,302.0579351468801,199.44258523376465,0.12130301294859851,706.3590284748847,93.85388978802904,467.6915609813765,905.1663109718124,437.47474999043595,-1.0026193378593549,101.76227882217901,17.656155036494518,64.34896235146584,135.5574907482983,71.20852839683246,0.15160827139840174,37.438102550765066,0.45477006495045913,36.41096508626072,38.34134345360533,1.9303783673446162,-0.0021479283371728147,6.678589143548431,2.102403987815859,0.7414627805352909,10.738183144745559,9.996720364210269,0.0025469327711605,1,0,0,0
206.88022340491608,48.53015876498265,88.29177260165932,322.8757939955434,234.5840213938841,-0.16143336950767068,682.66023810953,91.3606703531698,385.76894931531217,928.4793820541339,542.7104327388217,-0.8304296152547954,93.87030550526491,20.10352023525935,37.99141197109825,139.8354681972095,101.84405622611126,-0.4057340086840383,37.55575458742037,0.38281799484469,36.663593599661695,38.22753430200893,1.5639407023472316,-0.0012594889307258443,6.861823724106713,1.9837922414883742,3.1497163244551425,12.433009283566046,9.283292959110902,0.003286053270908631,1,0,0,0
209.37825018243686,49.433338997948525,97.23589482537452,302.5486560092677,205.31276118389317,0.6315596611695283,699.9968322727702,107.534819928015,412.23515964667644,892.8744304807585,480.6392708340821,-0.11371035371124805,100.94856803977257,20.4484536504777,47.36906789297336,173.38299250193683,126.01392460896346,0.08491520409306488,37.42679776783784,0.5125617774263206,35.93131252163026,38.32003381017669,2.388721288546428,0.0017123440770638709,7.189660647333338,2.090577975320267,2.333973628659451,11.120044830977513,8.786071202318062,-0.004699638984179333,1,0,0,0
196.41270131813127,52.14537473082419,59.89693362363619,302.6149509127541,242.71801728911794,0.8317666348335097,675.4217474508655,108.04535957174183,440.86571682673383,936.0132572481997,495.14754042146586,0.25181382082709286,97.23873098769363,18.210943393582603,54.345563140352255,135.2074676006454,80.86190446029315,0.3192530561015844,37.59305298780065,0.49961152308148926,36.20490754299299,38.90669810134865,2.701790558355661,-0.00031429958983465663,7.694088533064798,1.9721167068235468,3.7503900779868116,12.19477718112002,8.44438710313321,0.015340599374151748,1,0,0,0
190.1609848077067,45.911531781891,58.69337963781359,281.61475771198934,222.92137807417575,0.4558787293896351,711.0739830038682,90.17255231784418,493.40525605855476,934.4115332954586,441.0062772369039,1.8767800830656063,102.48980663001909,20.75710050768959,63.7479380872805,162.66046973456739,98.91253164728688,0.030144221269267003,37.49357904881353,0.3843310881137909,36.716167131438915,38.354831123281016,1.638663991842101,0.007909449796881447,6.826711766632723,1.638818635840751,3.294357171049583,10.228669593343986,6.934312422294402,-0.014965786327791069,1,0,0,0
200.29056466271152,61.24620843809895,78.620161076065,327.0815145094319,248.46135343336687,-0.144484194270416,710.3609207544548,122.97421513968303,428.64109667461054,952.6828968558808,524.0418001812702,0.4543489670350595,102.51403290222966,18.613145116210337,54.29890697423561,142.14208307789036,87.84317610365476,-0.06752968766673761,37.50247145607023,0.470571938209845,36.50433696473304,38.70282288219131,2.198485917458271,-0.0047374542031116875,6.574580410426854,1.6417384614414765,3.102595259268049,10.299764845998357,7.1971695867303085,-0.03888334487471868,1,0,0,0
194.32625781995375,51.00000162351706,106.9101514435058,296.4276267392971,189.51747529579131,0.6803474288012118,700.2170094127397,98.47662194190633,478.3805851502247,912.6348150975716,434.2542299473469,-1.6587856675708432,99.73435279646571,19.158313612876828,57.10116518812111,149.17432748951245,92.07316230139133,-0.05534036072890328,37.47881349659301,0.5092049344637483,36.470416621940736,39.034766437102064,2.5643498151613286,0.005763767441827707,6.841373126614496,1.9950041615022331,2.029107641729418,12.538443072476987,10.50933543074757,-0.01734654053204829,1,0,0,0
190.21865093384721,43.48400091569613,97.8069601122276,290.2445166604433,192.4375565482157,0.7690676282439112,695.6292081533883,93.62194419714682,473.1958658578048,892.9778035511148,419.78193769331,0.3022059739533699,99.01722623644174,21.62664534650829,34.9188244546698,149.51196239460367,114.59313793993387,0.16077562323295846,37.40443999559556,0.5813464920528992,35.92288244919888,38.271601223369125,2.348718774170244,0.0028254009401666243,6.610781791169118,2.0442046341502347,2.1247825599242702,11.337711163234058,9.212928603309788,-0.00816441765768277,1,0,0,0
213.90953066654586,53.0270157308551,86.59021646408685,336.56385228088493,249.9736358167981,0.7269191997869056,693.9142878548113,91.43230973696161,536.3599028622161,888.0428983829906,351.6829955207745,0.2877531211877762,100.27759914272102,19.465492307019005,47.25906426374677,134.1535301222201,86.89446585847332,-0.314702636758775,37.57110242320227,0.5265663997015487,36.56949083044461,38.81658906517468,2.2470982347300748,6.608856153520403e-05,6.808464670117957,1.8281868354193753,3.106860077340013,10.41850844951346,7.3116483721734475,-0.017926877531043533,1,0,0,0
192.92858553239265,50.12978623073808,69.41405552334027,277.92767562145707,208.5136200981168,-0.02733331729142557,689.9067138562871,99.66152583290328,351.806087830152,854.7804055586257,502.9743177284737,-1.4905780296797817,102.004231641149,15.858460670616852,67.61635568965505,132.52554631429695,64.9091906246419,-0.026054313529887074,37.5062304923657,0.5285053873092137,36.16981938901063,38.988802417368156,2.818983028357529,-0.011068391176480492,6.871921061170464,1.7352163353853254,3.4130378914723956,12.018678173425116,8.60564028195272,0.01813864405543192,1,0,0,0
188.91095699828162,50.199314454603766,62.533919090289544,296.4768352038704,233.94291611358085,0.04779463517216818,687.726462409094,90.9761986967104,417.3698442922851,909.4102066464478,492.0403623541627,1.148012827706062,93.48818789078123,18.565417622008404,50.18107949185514,129.28569148612235,79.1046119942672,-0.019890770968558603,37.49224662950323,0.49129641823920256,36.482794709178094,38.69574351795776,2.2129488087796645,0.001440698923692587,7.174244132132585,1.8357097974223502,2.990165026559808,11.801205216376115,8.811040189816307,0.00605861340812169,1,0,0,0
214.08217548502017,52.89171819871372,90.14914338965522,324.8757155748495,234.72657218519427,-0.5655395008436792,707.6694783706594,100.7712324597574,503.9649039402599,949.4495644474674,445.48466050720754,-0.7114965562199201,100.49373593545353,18.197041553283007,51.93315376398229,142.12755021105642,90.19439644707413,-0.17225663020946555,37.52115153401361,0.522281466550722,36.417917234962445,39.19947320711141,2.781555972148965,0.010462657107700455,7.0013388473632,2.083208723842026,0.4533937101013734,12.655684866604332,12.202291156502959,-0.006679431403031097,1,0,0,0
198.24106548022334,56.61239269876905,66.73919290992188,332.2543238720291,265.5151309621072,0.6497327834284707,705.6145681478407,87.84221458217509,548.9143765461936,913.1716461818645,364.2572696356709,1.176785039326788,103.32001628066116,20.808817664925336,42.01668988936263,145.57956096992868,103.56287108056605,-0.06610553715010711,37.47955894758741,0.48449722246910165,36.37901790349586,38.76154003475483,2.3825221312589733,-0.0017279233835801057,7.025839493757201,2.0973798020791468,0.7422166187762391,11.095185370586286,10.352968751810046,0.024242741467500568,1,0,0,0
201.48791812492726,50.04509724585822,88.5721592452241,305.3910800082796,216.81892076305547,-0.23247976171705012,712.9234278853089,85.6893214002361,545.9768298519806,893.5891293852046,347.612299533224,-0.9672399390400913,101.64640079204074,16.70963194793617,70.26894347689574,138.6732218951793,68.40427841828355,0.05646603406818316,37.38277164954376,0.5488563851129918,36.38745710697613,38.51410763685997,2.1266505298838396,0.0015087517383450915,6.547786238370588,1.951797345094516,2.085685977988881,10.650278310867849,8.564592332878968,0.028775580104028226,1,0,0,0
207.36528645198268,43.765212024607514,113.63723074156671,295.47105481351565,181.83382407194892,0.3448026265256674,690.9657861760917,82.86451397449122,521.5150058040814,874.0104135776185,352.49540777353707,-0.8940061096381468,94.45871252727835,21.728608147615603,36.71287367334651,142.91313415512818,106.20026048178167,-0.0895622711899305,37.507046681177165,0.5907044723028699,36.33993703377532,39.388518270867245,3.0485812370919234,0.011110507066264087,6.586173964187124,1.7505798070351524,3.435583858272462,10.22050949393782,6.784925635665358,0.023368294588069948,1,0,0,0
206.7237881481235,52.8193458080815,100.45697060254247,335.2405114896494,234.78354088710694,0.2699620392997764,705.8514649932139,106.91974071547324,465.66949951839405,902.8909480810125,437.2214485626185,-1.645128723398665,96.65021949626396,19.16678134662062,35.12798623519285,134.91464620444802,99.78665996925517,-0.12787811985838418,37.56590666112749,0.48531176808034754,36.61538264730457,38.72736314565163,2.1119804983470587,0.0061788013779318736,7.294007401453662,1.9061700335880538,3.0490013042915263,13.24225674877823,10.193255444486704,0.026963735954615826,1,0,0,0
208.2990598106492,45.207305959080756,75.61965602517799,295.3824324348832,219.7627764097052,-0.33902759959028206,683.6800375939471,102.16981650148325,471.42374568731384,871.6596752342425,400.2359295469287,-0.3669886028004645,100.37606016351491,21.365457703963795,24.818504950779314,138.80842528231588,113.98992033153657,0.06166960088812027,37.37086482667841,0.4883739479317608,36.1913960744467,38.40718637789274,2.2157903034460418,-0.0062483172447795905,6.842492300519334,1.927777417492612,1.230889137139794,10.66278703054722,9.431897893407426,0.006066516478712822,1,0,0,0
209.06111011995273,60.64624017031373,52.81804063214335,343.4174408848538,290.59940025271044,0.5185919021893985,717.5485922232774,82.35853169783003,522.1808879885592,916.5742415767135,394.39335358815424,0.7551726080723766,97.54953963851469,18.45234911829352,54.25270069958447,138.6111302795914,84.35842958000694,0.38726997909355093,37.5355151361624,0.4980344826642783,36.60791230777453,38.86850900087322,2.260596693098691,-0.0012433688389805108,6.923213127789502,2.091819815352962,1.6682774507447347,11.077520092284134,9.4092426415394,0.02245174171149365,1,0,0,0
204.15800011721225,37.59536352968689,102.50181627266784,320.57162518169,218.06980890902219,-0.34345215820546643,683.9409519462118,101.29800504220643,432.1835836121923,1000.9405841712999,568.7570005591076,0.7893184557300926,103.42020217003586,15.846639585528154,69.48225190929968,138.01868897844224,68.53643706914256,0.0013665059508013236,37.39477097058626,0.5912870042825386,36.32072230497001,38.86488453974378,2.544162234773765,-0.008750685359133373,7.389203152399291,1.7473787706778752,3.691094447887439,11.053371923393776,7.362277475506337,-0.023853540874381848,1,0,0,0
194.3795983161204,48.48334664650226,76.21633279255235,266.5592499374756,190.34291714492326,-0.19945997115508832,686.13141609705,119.44917584500304,441.5559315577534,879.3606414268233,437.80470986906994,-0.24519284705815486,105.08807165984808,20.26013035064381,68.393973785182,177.08760954679212,108.69363576161012,-0.005244648039843562,37.42945072115464,0.4609844447726162,36.337763798527604,38.601758436890776,2.2639946383631724,0.00039691779155718443,7.217211933808313,1.9687953876964317,2.4794936363735864,12.846929100767834,10.367435464394248,0.0009418918246781146,1,0,0,0
189.79199701857593,48.45558329748547,89.82405768359033,304.39702970586586,214.57297202227554,0.5089970699517559,714.0540329173666,99.4432238876632,555.4827257763505,1010.620142822158,455.1374170458074,-0.10933127569582395,98.24036698491194,19.144381287406592,54.074134512003724,153.6828010640619,99.60866655205817,0.053023526072190845,37.569204225270845,0.4250753453102941,36.61750807025436,38.84557220178136,2.228064131526999,0.00664528212372697,6.746522073813065,2.1975797069852576,1.457305217535806,11.987488207422896,10.53018298988709,-0.017682474446653468,1,0,0,0
193.8039099898219,45.78830159725675,60.21292932588497,275.59666431868527,215.3837349928003,0.25538134851459776,694.5265470933205,93.47068311670319,514.057244089683,884.5971006574691,370.53985656778616,-1.1158973869301183,99.09359552049266,22.135807225999773,51.695284556043404,154.38210225500305,102.68681769895964,0.03350462874569031,37.535711425547156,0.4634818745888372,36.517267648586284,38.87880074052404,2.3615330919377584,0.0030209055567006773,6.714285683618559,2.08552204832535,3.2171027080675274,13.253993526291604,10.036890818224077,0.01748787874032397,1,0,0,0
191.81199628803307,47.0633273261411,68.54990228279956,286.3250251807849,217.77512289798534,-0.20287766507647328,689.9651174458843,102.00316152521273,464.4058849545936,887.3849721029143,422.9790871483207,-0.47912953124175006,95.83274417517858,19.549590256355625,46.71186968514512,140.0815713641066,93.36970167896148,-0.04125040552214513,37.49181407070034,0.41236747979602256,36.299509971081235,38.40246721868787,2.102957247606632,0.005998525965216006,6.920382718351817,2.2062762431850267,2.57824958665603,11.377819921720707,8.799570335064677,0.002200638014720687,1,0,0,0
188.99689305706278,52.1576613472783,86.57051532197713,305.9722742612835,219.40175893930635,1.036027270363446,726.5088890823158,104.66869716009894,462.14343444447263,958.7465851377164,496.6031506932437,-0.7913129238005717,103.39565349721717,16.524632506177557,69.09384852950257,149.29969076033842,80.20584223083586,0.17624588460450932,37.49257957473834,0.48323301289936277,36.166032167530474,38.44037217803299,2.274340010502513,-0.0037080208376978905,6.4681896235390495,2.1886530139873144,1.312878733352373,12.97620394720741,11.663325213855035,0.03471998429557687,1,0,0,0
195.92392442400796,46.10235401340481,99.29245811196763,291.8330388829297,192.5405807709621,-0.1499327877596163,716.380178304817,94.08317406485963,490.8711043935083,897.1336495825321,406.26254518902385,-0.4854712245396437,98.84479184183348,21.30287263955827,56.98537168774257,146.79904931852377,89.8136776307812,-0.04946590872455196,37.64961384621963,0.5219261822250875,36.46302828092641,38.47229719155761,2.0092689106311994,-0.007321246336405948,6.6473520360493,1.6753222863481736,2.243273385799302,9.543252526179126,7.299979140379824,-0.0022922532221109353,1,0,0,0
196.22175544910044,54.055941556418354,48.465251564983475,350.18651079450115,301.72125922951767,-0.9504980934549847,720.3476110406156,103.33816431242191,436.3115132660977,1033.5357059950754,597.2241927289778,-0.40345798076166733,98.30391737972344,17.87258993906627,44.86032801381236,142.29767555637454,97.43734754256218,0.23343980498733477,37.48652383631315,0.5024622122164926,36.17386775049567,38.73873844660912,2.564870696113452,-0.00422722319163345,6.827658521088895,1.6279830070857462,3.375134569058302,10.113434030322576,6.738299461264274,-0.0018441744526128754,1,0,0,0
211.01122938640353,51.34905553754915,102.22802814274871,303.2787216625728,201.0506935198241,0.049240796347557854,705.5392850069012,99.23006089557252,449.21469004577136,922.8677915807168,473.65310153494545,1.8140963342411758,95.97624672189438,20.21831622115576,47.946443246924716,151.70808947487203,103.76164622794731,-0.016186417668014402,37.544513679367206,0.41149755417508216,36.629579727376715,38.201401441697925,1.57182171432121,-0.004824646464155537,7.093195455099122,1.9188134555362046,1.7024979827330409,11.15946425174559,9.456966269012549,-0.021074963087234895,1,0,0,0
210.75596552848424,44.60344224464421,109.96455237368073,338.21339152593146,228.24883915225072,0.4535143187445051,689.3039711438213,117.3040077313603,375.1612259469674,1013.9980539288557,638.8368279818883,-0.29808637656075837,98.98738872601248,17.463385118188583,65.16942134457638,139.38083106976967,74.21140972519329,0.27335455356174476,37.5726261303825,0.5394421259023514,36.200341573308854,38.81569872840179,2.615357155092937,0.003883827535433594,6.658064437720639,1.762443957588574,2.12307408823908,11.679878479959196,9.556804391720117,-0.02601530642679715,1,0,0,0
212.03284644518837,53.98121601755781,83.58544700174207,334.0706485494823,250.48520154774025,0.32852097904704125,719.7491691666428,106.74940369170861,434.52965925598096,950.4249792499509,515.8953199939699,-1.6591313639421077,101.24813647388204,18.35980717280144,57.30605056967059,137.719835337709,80.4137847680384,0.06786270055442123,37.488217781405694,0.4728293652512362,36.45793127723044,38.623992673288804,2.1660613960583603,0.0032364824162337243,7.345026742278562,1.6834030051718032,3.657413617952078,10.772160941722166,7.1147473237700884,0.025299834637996576,1,0,0,0
206.85984067590783,50.86251709579287,54.45780689099092,335.6014456691448,281.1436387781539,-0.27106750817541964,716.7747452931052,94.28371446871837,468.0295476043533,941.0732364060985,473.04368880174525,-0.30698427974037756,102.6859323084993,16.653919651900733,60.64401809609919,147.1192011399799,86.47518304388072,-0.11875920391750122,37.47661220766506,0.5319704912987974,36.59587712166166,39.03218354276005,2.4363064210983936,0.00296490471739492,6.786259218923952,2.0664181133852537,1.2477938297539843,12.59838624873802,11.350592418984036,-0.021492268861388355,1,0,0,0
196.06009900648317,42.51815491562695,87.56771210683564,295.93597880055273,208.3682666937171,0.37106809128370305,687.47736799855,83.16945561927895,495.2114001592485,914.913714751419,419.70231459217047,-0.0747308596906484,96.6457905109921,16.85463948152548,51.83604413701868,130.56151037482456,78.72546623780588,-0.3670314371045658,37.4926956602981,0.5279582416691779,36.32864614336232,38.41076820463943,2.0821220612771114,0.007770291417655516,7.079395084900524,2.0116144444263253,2.2607519541527736,11.916733495040152,9.655981540887378,0.009025095282422492,1,0,0,0
196.18779065726852,45.86525822320625,85.62980685453314,294.93393150904933,209.3041246545162,-0.24955863134574777,725.2532184430224,97.22570974069198,480.55572379560965,953.0320899072016,472.4763661115919,1.7051981174194557,100.19917545098308,18.186551859992175,52.72061886989786,138.97195437225488,86.25133550235702,0.09670901286092227,37.38408780249907,0.4578692554556328,36.51095778481878,38.17242186222793,1.6614640774091498,-0.005740611750599628,7.121710033212944,1.9758943542112648,3.7132340426251678,12.221173311388288,8.50793926876312,-0.016708228851871915,1,0,0,0
212.06648383481482,55.56305800355547,82.29095687142869,355.11429584381483,272.8233389723861,0.8099698382843924,708.0687244273279,117.37872534983175,463.8802307285828,1067.9183467923638,604.038116063781,1.1406703211935396,97.64712972262318,20.975757261986846,38.60299517680723,153.9209496233066,115.31795444649937,-0.22571915658222463,37.54280089922667,0.524512826004807,36.581605789017644,38.82903591300128,2.2474301239836336,-0.0008986143188913633,7.3506276973010936,1.9483843869374773,3.5385062097068505,12.859914250081577,9.321408040374726,0.002970575963271129,1,0,0,0
201.97590763409363,59.167220496966145,87.26923204851946,320.34664425880163,233.07741221028218,-0.27976847588344894,686.7123925022719,94.20679955972771,507.3627749241935,933.1817281713127,425.81895324711917,0.1747827397299881,92.65382105716097,19.56154292837816,48.67253144189132,135.58771665782922,86.9151852159379,-0.08825042072357972,37.601554473891845,0.491001555604277,36.478556278341784,38.45586381424049,1.977307535898703,-0.0016739277897512062,6.978219912903018,1.894572291336394,1.9862629421047346,10.213914784906585,8.227651842801851,0.007887601173536882,1,0,0,0
198.86206838715924,51.3483596987224,74.94854010557472,286.2123364094549,211.26379630388018,-0.15236001863817605,715.6400121124425,113.38574567276451,389.20256473605224,1021.657843935621,632.4552791995688,1.0239224331785473,101.19144635073651,17.620978601731228,67.07721081270444,152.23805328747352,85.16084247476908,-0.11856908606334506,37.58949112960801,0.5515249571084593,35.90980408794832,38.77468928955351,2.8648852016051904,0.003320973031287762,6.853060650908938,1.4847295172813169,3.5707720571370274,10.47772503346517,6.906952976328142,0.03689745226691521,1,0,0,0
208.0412787774227,56.39196095788692,88.2054068397412,314.13385682858166,225.92844998884044,0.34037821691557935,691.2991429364498,89.62609588870441,499.2907805898276,944.822464837224,445.53168424739636,-0.4302489741549812,103.818757569919,15.123664840977744,70.56890120662277,150.90003574142062,80.33113453479785,-0.23712279648573115,37.605958057290536,0.5705140971363442,36.5463520408648,38.83701789257815,2.2906658517133565,0.0014455978399233128,6.447967833138502,2.2268622950651187,1.4243939975464102,11.24527770822813,9.82088371068172,0.00041038769731740755,1,0,0,0
212.55471406073582,53.81544451560227,75.94298134190676,359.1960482909308,283.253066949024,0.11056732521001421,710.383617867635,97.0129785001938,511.11544129621876,886.4726193294518,375.3571780332331,0.3781452002228224,102.09124261917157,18.968288731099445,60.7736414835384,137.87388290102632,77.10024141748792,0.1264131124955727,37.50096388596729,0.5204001912069255,36.104366711234746,38.808890321326,2.7045236100912504,0.006182024326770752,7.363414082190986,1.9946109408324673,3.6204032411257407,12.514054131654191,8.89365089052845,-0.004166982570237667,1,0,0,0
195.59220014419844,51.85809337813818,66.4835817707471,318.05518723944436,251.57160546869727,0.2695822106924835,733.7228117034325,83.07042174159324,529.6048382643831,927.470414243216,397.8655759788329,0.5070046006009244,96.49057244709056,21.041605889495326,52.154621370487284,142.25112112960005,90.09649975911276,0.04831858401530869,37.44414537632797,0.5096633555797231,36.38272613766876,38.90456634407005,2.5218402064012864,-0.002911623896374203,7.362587315864979,2.0810231691794874,3.440547000626058,12.844052492302431,9.403505491676373,-0.01852083154905385,1,0,0,0
203.78481908646455,46.73451847751823,91.24614605209047,327.85338235914674,236.60723630705627,-0.688473452509431,710.3037931702034,102.57594115418259,414.51977020439944,913.7667832946524,499.247013090253,-0.06090772217036671,103.0348694113343,16.138129020223158,66.08946505134125,133.53224169462354,67.44277664328229,-0.274434559573932,37.57842971481049,0.43038616889591436,36.02985792157626,38.53887005668877,2.5090121351125134,-0.0017347848735962874,6.935692207039145,2.22377533403825,2.5911941135739776,12.20988243336663,9.618688319792653,0.03191173673125271,1,0,0,0
204.64982365633776,50.05962215755062,53.589264287583205,327.01069524716104,273.42143095957783,-0.4453015978689618,699.3662355630992,92.33933868795928,506.46565519287014,887.6266842992205,381.1610291063504,1.6601718650877118,102.09778352239393,22.376580543898847,58.11580351310028,165.15965633916835,107.04385282606808,-0.029545345344886665,37.509742052192124,0.43415554301734594,36.605820246475744,38.60086777320381,1.9950475267280652,0.0039754721301768145,7.289361331827137,2.055704222576245,2.2220966840103733,11.159233478089067,8.937136794078693,0.019775318288186072,1,0,0,0
210.2861780748564,43.76447159032729,108.29087230510356,298.90500915102905,190.6141368459255,-0.12524970624667187,679.1983462080875,86.44259545012662,456.6156535010233,904.6798868089929,448.06423330796963,-0.22897024825353235,100.04200988467056,23.63464111552912,57.71963969108089,147.68740279335123,89.96776310227034,-0.005602036132723696,37.44157948111093,0.44990008840039536,36.530028620913455,38.514229663217215,1.9842010423037593,-0.00527456732753047,7.379081635867368,1.8070909052384116,2.627264153212101,10.425197475242657,7.797933322030556,-0.001561305944032078,1,0,0,0
207.9930741706751,44.202521114337074,101.25064431376227,303.03131055607236,201.78066624231008,-0.8423059382262132,699.6105250642229,110.33611477555435,478.62819847732095,924.1061047879803,445.4779063106593,-0.8521298032059282,97.06333481688125,22.475809220479707,43.22348837101299,146.84718572976743,103.62369735875444,-0.2469748532950378,37.51844352894907,0.4781558448610166,36.29916904251855,38.821357770401285,2.5221887278827353,-0.0038428074435684317,6.637495552249483,2.154301561917165,2.1950417348935005,11.524277817081828,9.329236082188327,-0.030052208178544506,1,0,0,0
201.26035731011635,45.23332622173781,111.47644334611526,294.51490457446744,183.03846122835216,0.5430113213390645,709.9798406495443,104.83814855978652,508.2443995573721,935.6873967891221,427.44299723175,-1.2006552555674026,106.07758363905367,19.819821318060626,46.95219604385908,140.40670686943866,93.45451082557958,0.2518391108704551,37.51907504677641,0.6003747506983093,35.86988336319757,38.585218245098574,2.7153348819010006,0.012353314602836148,7.145898306540886,2.021122036148986,2.8199204165269673,12.107868027897768,9.2879476113708,-0.008891655431046676,1,0,0,0
209.2853344263518,48.32152106112715,119.65391512806897,339.4553220158316,219.80140688776262,0.22529016057063875,693.582931812586,97.65254325247442,485.80822837632627,938.8625837923939,453.05435541606766,0.48624478556021267,101.15080480810855,20.820709408708165,65.55294083777036,156.34486700579757,90.7919261680272,0.16117808629745237,37.526141871336016,0.4756147858671548,36.54854463769238,38.849700778098544,2.301156140406164,0.001176421703512849,7.190997186849426,1.6551076678863046,3.7685688442470022,11.009931729660757,7.241362885413754,0.003181008236908423,1,0,0,0
199.05791765362954,54.34346007231966,74.20435698989385,358.94575835211447,284.7414013622206,-0.847330792106181,710.9412201105188,92.79479499840647,539.1324067388837,945.7239844120414,406.59157767315776,-0.1556118300256361,99.93243343346721,22.341509835975014,34.8612182665248,140.7149739459304,105.85375567940561,-0.32566529711397657,37.4672544404667,0.5212053792663054,35.954053344829575,38.51011800668617,2.5560646618565954,-0.004189744469161394,7.276981721268538,2.018084960691655,3.001025768669374,12.745483019526171,9.744457250856797,0.0128896045562685,1,0,0,0
199.56080342667897,51.38685474082393,51.653883079410775,342.8447127288366,291.19082964942584,0.8140605897421818,714.4013781146116,91.26218273554618,487.6885933396275,888.8145820580805,401.125988718453,0.5986305822505383,93.50847142275762,17.73916609801401,43.912972585137425,129.81689223416146,85.90391964902403,-0.04874008332812314,37.493209786276154,0.48149030526188547,36.471102463662184,38.462227830420744,1.9911253667585598,0.002451981969600896,7.048744040639256,1.9012058539917225,3.565044588690069,11.711460247299614,8.146415658609545,-0.0003706882200977422,1,0,0,0
187.4760697406343,41.13663652037466,101.68931163418377,293.7388114337713,192.04949979958752,-0.09035773290461875,696.4437209839334,99.89973171140933,481.19264049100866,976.2749068302525,495.0822663392438,-0.43344447823490784,97.10446961208837,17.92886778222103,64.22778701999493,144.20118508917653,79.9733980691816,-0.015380980777282796,37.41723551213437,0.39358393077160747,36.45002856794114,38.16509832280941,1.7150697548682743,-0.001045969309308571,6.382956022434946,1.8759030989574978,3.052181808101999,11.136930721376153,8.084748913274154,-0.03604861120478612,1,0,0,0
206.80124225549312,50.539730547014884,87.49759229315102,325.6407619119445,238.14316961879348,0.5445660940471838,695.3834437919451,93.28283270664913,464.3283224238878,947.1876360339031,482.8593136100153,0.9791188371827831,99.77228571587356,17.11837108116163,53.05510175990022,134.8486413163959,81.79353955649569,0.11324656085580607,37.32259053232366,0.4903771853356775,36.05267162073182,38.475939111369286,2.423267490637464,-0.004052482723329816,6.395654147880908,1.9306723754596462,2.982784447757476,10.877115714640857,7.8943312668833805,0.028820991691716865,1,0,0,0
205.5333190688051,53.61599295326046,46.071716431296466,311.44368936283365,265.3719729315372,0.13975316409353003,706.7950187021363,95.66992516585616,528.4373934327131,927.902364020649,399.4649705879359,-0.42068811744547374,101.2987120708429,18.20925364195844,65.15664113293164,144.29725104797177,79.14060991504013,-0.07193631544939579,37.564540688439365,0.5178736745339266,36.6049611540553,38.743468037942385,2.138506883887082,0.007789406659532373,6.869660804449206,2.3025097683976177,1.902897379511665,13.127877456800835,11.224980077289171,-0.015179735351683592,1,0,0,0
203.95247773688376,53.46436442378089,96.76261696846089,295.277161875437,198.5145449069761,0.13871837531003914,709.0451765829916,110.39557166981268,489.6597638548791,999.925178669489,510.2654148146099,0.685933241033451,102.94444488821858,18.493614443569268,62.285509576164294,142.2503733189842,79.96486374281992,0.4909866471853351,37.43479760299494,0.5209509316911765,36.41574221242672,38.54644842169331,2.1307062092665916,-0.0016509286379716174,7.043844145136112,1.800418385414091,3.358815351731118,11.389016365769423,8.030201014038305,-0.003315653627064191,1,0,0,0
208.27915388197675,46.28616967058968,93.74918548587958,297.3849044002218,203.6357189143422,0.12739556238001443,691.8356101664616,105.11320027629338,448.7012283792234,941.2729291106757,492.5717007314523,2.7191786621795426,97.44888689798925,24.558231590177254,44.510752926418846,157.55074784807056,113.03999492165171,0.24171092700164928,37.4409723830483,0.49364240589282016,36.394282913651146,38.81799823161789,2.423715317966746,-0.0025095656340681214,6.9823494671002235,1.8817025767889897,2.1288873274601965,11.675082627616655,9.546195300156459,0.03398372851348615,1,0,0,0
200.28242152192098,53.2129452275083,53.601017460181424,376.41945909217515,322.8184416319937,0.35488402953046005,697.6568480092544,93.66834110589978,490.37239016478213,908.0559834175245,417.6835932527424,-0.6779135782809007,102.53498509356955,21.286058166665185,61.18002168713539,148.71097602709312,87.53095433995773,-0.13668787279447236,37.43548727711893,0.4543225071683552,36.69537480621693,38.39673678495172,1.7013619787347878,0.003146197194423659,6.974211388515885,2.089855968350405,3.0684001242621197,13.088864123268973,10.020463999006854,-0.002411449930409924,1,0,0,0
206.9936056701554,45.199035360245595,118.51174501258735,334.93204786896877,216.4203028563814,-0.03094502436532667,703.6789798802702,86.037922072286,532.4663838291572,902.0511864506077,369.58480262145054,-0.7116518157436936,97.77609388909084,19.703240685474725,53.36733120094238,128.60411246353215,75.23678126258977,0.22488226638834974,37.48877753999788,0.44176436191485874,36.715843271378766,38.77053590624531,2.054692634866541,-0.008521451922636846,6.921208003475666,1.6943812337048665,2.695463119706205,11.989439616051259,9.293976496345053,-0.01404614085851906,1,0,0,0
205.27713361983723,46.81252775129466,84.41851218237977,297.78893182293564,213.37041964055587,0.06608257447492125,686.8490155342924,114.13142733378567,476.3226234855286,962.7691217029874,486.4464982174588,-0.6740842763805092,99.40386679007648,20.33481500258718,65.81861035261413,147.9548613700263,82.13625101741216,-0.2625221312811811,37.514462279998234,0.488928040907465,36.39586089615943,38.70339806464661,2.307537168487187,-0.0027961785001490774,7.032147457666076,2.4682057711683725,2.15080871842736,12.301721273839972,10.150912555412612,0.02143555329166615,1,0,0,0
206.38743729329153,46.999943631976635,124.16286649273496,330.6171957225056,206.45432922977062,0.14102417335580414,716.1799329591006,87.99463764343774,553.923178184858,850.7561621828602,296.8329839980022,0.3598639332804199,104.04386426248547,17.494182078592317,73.04318681113787,154.31739134983232,81.27420453869445,-0.09734367692029201,37.56663323427966,0.5794706580418819,35.99527740485779,38.47873751538032,2.483460110522529,0.0048599914542944034,6.859302513161079,1.9904643037107699,3.199380632384377,10.401237640328922,7.201857007944545,0.021564034909438267,1,0,0,0
197.6514947841572,41.25014838765316,107.24428410554422,288.41341987080835,181.16913576526412,-0.33242965089987614,693.597927420952,89.41445953496414,513.699744671125,966.0243554093222,452.3246107381972,0.47827134761459045,98.65342288805539,20.430691101458706,38.69493397206163,161.034395692785,122.33946172072339,0.09513425596173723,37.49472358646667,0.5420814109233193,36.27860113551335,38.61629614035879,2.3376950048454432,-0.0002341403347417301,6.394060070189704,1.8146319211992707,2.718060731232997,10.54072836234501,7.822667631112013,-0.025171309109013613,1,0,0,0
194.7743950797662,39.8447749622234,95.80022765497544,267.8723881478437,172.07216049286825,0.3318892910440607,691.7603680019291,104.57492105201682,480.22001350132837,895.55409306829,415.3340795669616,-0.3467059821279505,97.95416699540692,20.833978841861363,61.80909676318678,150.90328993905663,89.09419317586986,0.08312747441671609,37.65415714917994,0.5686858199758982,36.16857081980645,38.70929826622618,2.54072744641973,-0.0037755202780884655,6.923160966894239,1.7638031496080033,3.38629894607678,11.232325063629265,7.846026117552485,0.013416724826842988,1,0,0,0
209.62433056709108,46.033200637099725,94.20297926485102,314.18587325051817,219.98289398566715,-0.2673642530872987,689.9148104913864,90.28299620439503,535.8310717830947,918.9573862941326,383.1263145110379,-0.7360713588922885,94.67233514561678,19.671404484679687,55.95159893591013,152.3354540178824,96.38385508197227,-0.4255077638715942,37.45831166207933,0.49300288488302724,36.096375906549184,38.424136729850574,2.3277608233013893,0.002162421625477031,7.2957290983639895,1.8621043243566624,2.466954089363125,11.233971063458617,8.76701697409549,-0.019476247938595044,1,0,0,0
196.41322304629324,49.544141035343365,56.89280901125693,294.5880218292564,237.69521281799945,0.08172599460082221,693.1695891866518,87.1814245750417,462.1469305911177,870.7389682995704,408.59203770845266,0.8950368559042475,100.70857176904488,19.663922014917144,49.445886737492714,145.8673500455123,96.42146330801958,0.17077074859014066,37.47592838567925,0.4822803708887516,36.47175087305874,38.461154834975424,1.9894039619166861,-0.0009755621598180205,6.990883221421376,2.102877162940163,3.0047918365295274,10.323901625803794,7.3191097892742665,0.01525298587075168,1,0,0,0
211.81727524804185,47.990233186587346,114.93645265431451,309.20528892987437,194.26883627555986,0.08835120126807182,703.8758917172303,81.5456259680415,531.0506831634232,867.750143270196,336.6994601067728,-0.6539348460682239,105.14848249148949,20.556800593497965,55.3866254040407,164.63580678777885,109.24918138373815,0.19042304017569292,37.475681455609944,0.49077523000958845,36.174983904151176,38.560145945041434,2.3851620408902576,-0.0017295923822365782,7.552126070955598,1.730996033038014,4.227125313005361,11.687869814997324,7.460744501991963,-0.022346544111607802,1,0,0,0
206.42278940542027,39.69657307262324,106.78424484558732,296.8687813658679,190.08453652028058,-0.24978975202447376,738.7191757184025,114.09335857641032,458.30504128325543,961.0352820078884,502.730240724633,-0.5310804767426093,98.26377102323642,21.523748436410234,41.21670679401856,145.56811277934446,104.3514059853259,0.014201468099276578,37.42743481050539,0.58774054206787,36.35667597984207,38.92853489213275,2.571858912290679,0.00029885167929016604,6.552393905646194,1.9392003047641395,2.2039782922034954,11.94131751636926,9.737339224165765,-0.007801470956120346,1,0,0,0
198.86217606684414,48.70627819182805,71.6194560887644,326.4143787518845,254.7949226631201,-0.33059751344168403,716.5856847794815,114.86405475887058,426.1856998956618,946.0146565656357,519.8289566699739,0.7658081011462989,100.13009048673298,22.026681866805266,59.08939507938662,150.55530291748912,91.4659078381025,-0.046193408698263626,37.546157075521535,0.6555748257209285,36.37594635709467,38.83179641370686,2.455850056612192,-0.0032774852802051673,6.817899964590088,2.5594497487975194,0.7951512283536539,11.966795215194796,11.171643986841143,-0.001834619429480164,1,0,0,0
184.12112926726928,49.68357926697432,75.26574354837557,280.3157190800981,205.04997553172257,-0.3470206696786897,701.2183311600008,112.61083376851437,415.4623613397301,926.5899868625938,511.12762552286375,0.28633635375237676,104.08109360457593,21.797302958915456,59.02616399066613,169.4805630868753,110.45439909620916,0.07301023039950226,37.48333757444923,0.5147991572246446,36.31193900318067,38.542088501858714,2.2301494986780455,-0.0015513025134538528,6.750420434671297,1.9810929096892669,2.8044428059521103,11.458677855116894,8.654235049164784,0.02308027070359413,1,0,0,0
212.73439937595032,53.4499259236809,97.71680038229829,328.34040849934195,230.62360811704366,0.4523398456943976,688.9145242107916,120.93985657109228,310.7761065452129,1051.0698188546803,740.2937123094674,0.4562403572390563,98.8155900668792,22.149049118382386,35.60506081516239,143.24468006933142,107.63961925416903,0.03874673181040781,37.55611658456476,0.5440704393673002,36.37266779184459,38.7227603332133,2.35009254136871,-0.004744081248967172,6.921287907308596,2.14435912412493,2.9481004015611036,12.343494677205234,9.39539427564413,0.03855326240528389,1,0,0,0
191.34188971045924,44.97980435773649,83.61914197711751,293.6550632305514,210.03592125343386,-0.02106849672447308,706.2544074425401,84.18955922636269,553.7635646833346,900.1647108563348,346.40114617300014,-0.42810282776518815,94.8259773048963,19.860720464871108,51.94349321864594,150.5840897505918,98.64059653194586,0.23670022772854404,37.43906620556266,0.4965137871099937,36.02443096649616,38.5107075780664,2.48627661157024,-0.006319704902692702,6.881387362417613,2.0764039673522303,1.5839184412265972,12.041768764258602,10.457850323032005,-0.024619403062950223,1,0,0,0
193.84815271154207,57.69119228816203,91.23702552527145,364.1296360955464,272.89261057027494,-1.141132154428162,717.7823994241344,100.44390203325086,497.4358496536601,916.830720299344,419.39487064568385,0.9137172549505532,100.67186152970585,22.69595718461673,43.80459641502908,149.57857432707115,105.77397791204207,-0.3754387704358371,37.34860944878336,0.46688549827408976,36.317739159751746,38.15802786405439,1.840288704302644,0.00022055607441518233,6.877622911075839,1.525208623297657,1.9545354304173816,9.428591528797478,7.474056098380096,-0.009433258988386328,1,0,0,0
206.11685267696532,50.91789097271063,108.24755671713635,319.6386548298801,211.39109811274378,-0.6659152260180533,708.2152010730492,104.8461342613757,424.4599703501167,948.3605877804416,523.9006174303249,0.36669372903003344,98.12866375861975,21.155625580980853,41.82673458589328,143.94238501884746,102.11565043295418,0.3578276175548491,37.43031536903336,0.47519045644218083,36.55212766205322,38.71096022428558,2.158832562232355,-0.0024252740346396794,7.292801389166861,2.0965626263901673,2.8620718485408734,11.422565360167905,8.560493511627032,-0.0010282815160986964,1,0,0,0
183.14314500570214,51.75683903860349,45.93706253840017,276.13473594957094,230.19767341117077,-0.06151195286143163,697.2560700446363,96.11592977507136,514.9245068912664,992.7190259635682,477.7945190723018,0.5923023866502216,97.04853434824189,22.82986684284291,7.111624513690117,144.83095950790408,137.71933499421397,-0.13626316207012193,37.38187689671187,0.5527278890190725,36.14320091615857,38.634529589854886,2.491328673696316,-0.007957539062962456,7.1996528503964585,2.059038881774449,1.6066251362563762,11.092137953093399,9.485512816837023,-0.017421298917228684,1,0,0,0
201.40084372051274,58.39302362371145,73.1369394196542,336.97645666979724,263.83951725014305,-0.18096572114584403,710.8699398282498,94.7110117489929,501.4527276366845,945.4298495707526,443.9771219340681,-0.9811004570384935,99.81423387352893,20.493220353376717,60.27877740804264,140.33489566096767,80.05611825292503,0.19925001337389092,37.57864425937047,0.5017851700016266,36.75615098829379,38.514184418405236,1.7580334301114462,0.0025040293161892923,7.022673153516277,1.8935453016261743,2.1113168086485423,11.041871572698607,8.930554764050065,0.002138892948088053,1,0,0,0
194.7780363773671,51.21256898455105,61.824660139919644,312.16615253660115,250.3414923966815,-0.7517219651089712,691.3998181341985,108.38147722337641,498.99771276417573,919.6618819364791,420.66416917230333,-1.700146314373089,101.77627442000168,18.23457583515598,58.79425940400385,135.28991234622265,76.4956529422188,0.3584970639097211,37.53025208417088,0.4859665661684239,36.442922296936004,38.59927345421723,2.156351157281229,0.0035670335966245586,6.979418231735087,1.981653486225081,2.6153635279495093,10.929631087861726,8.314267559912217,0.015964898065641157,1,0,0,0
205.5806923394524,52.08958686663772,93.24860401933964,335.1674310824949,241.91882706315525,0.9991217957128733,682.3209461785123,80.90134534641922,480.8079093098236,839.0334876041169,358.2255782942933,-0.5052664678547621,98.72750038479717,24.22680452822768,46.104077946736204,144.0562989066423,97.9522209599061,0.0929458819469309,37.46196639355592,0.5155206555934654,36.394389224102405,38.467297822028804,2.0729085979264,-0.00200246613088323,6.990514644143161,1.9932909890573784,3.4855457186459553,12.143685914032986,8.65814019538703,0.034901602662061236,1,0,0,0
205.21749026356133,51.7655103590969,80.36972921058869,307.2823780071589,226.91264879657024,0.5347814725220967,707.1900895109237,98.6871944451191,495.3247303381442,901.1968386006279,405.87210826248366,-0.41782859562371266,100.36998865124559,19.31311122646458,58.598931226510864,138.7152665360398,80.11633530952892,-0.1944093177967613,37.36433891905544,0.45557582930791607,36.45052554179413,38.59260008550816,2.142074543714031,0.002008855284222415,6.6938759584644325,1.7549902768756995,1.6097818038529281,10.67554596641221,9.065764162559283,-0.0023108431738112774,1,0,0,0
194.24871263017315,52.638408357051496,37.96554442883456,295.0148700342281,257.04932560539356,-0.32469465334931824,712.4015565146933,112.79344141431065,490.4451111818248,961.4211117778809,470.9760005960561,2.7371411312713723,95.3129550415969,19.148873994108452,49.818811696496184,130.21089507639107,80.39208337989488,-0.20314318332628378,37.44150045696262,0.5356552373733487,36.211624930011865,38.32957276441847,2.117947834406607,0.00701589993483718,6.746748646333932,1.651238200273505,3.094092235503841,10.152445572719143,7.058353337215302,-0.004428448995341173,1,0,0,0
193.20795467011783,55.580664382870204,79.26538831335388,333.10024499894894,253.83485668559507,-0.6507761920358476,685.4472180170062,113.18224284256529,371.1496865580216,989.0000491548685,617.8503625968469,0.6112389892248545,102.27701645556897,23.63920181610863,40.17886986356704,150.0161467607336,109.83727689716656,-0.40693188367450345,37.40795195605776,0.45167762669371875,36.21592045272314,38.65803247604676,2.4421120233236238,0.0026738978283911896,6.859479701936802,2.2862233477289378,1.1320147464643693,12.191347829321233,11.059333082856863,0.008826929659136267,1,0,0,0
196.03009661816722,47.999080486630156,103.93594637510583,346.7995435954392,242.8635972203334,0.18566414844211576,696.3999765191941,102.3020676896608,487.8674558438039,930.1528871937032,442.28543134989934,1.7056367234030092,98.87830356760209,21.9507043254508,45.085558677523004,149.72071502165156,104.63515634412855,-0.35907031982151133,37.391303674739746,0.5304350311152243,36.334559803576134,38.43187550295295,2.0973156993768143,-0.002494586113985633,7.282023476359627,1.8429454493676933,3.548600387996859,10.440624069197282,6.892023681200423,-0.024456136206580187,1,0,0,0
201.65256669774536,54.24074249858014,74.55009371073709,343.97080260890823,269.42070889817114,-0.6303472110996214,709.3851042010879,108.6894944078507,518.2718247376823,970.3150381490836,452.0432134114013,0.09693713730483698,100.10385888392334,17.308646941895454,55.364906389846894,137.75664708572663,82.39174069587973,-0.119019695305197,37.483502696733105,0.456509423985519,36.42120599240429,38.624748721334896,2.203542728930607,0.004915447112047154,7.292924946474118,2.2836125367093896,2.3022114491430816,11.80427314170856,9.502061692565478,-0.009267020119975758,1,0,0,0
194.2285354055045,51.90882446902354,95.21458437139871,299.45969093424947,204.24510656285076,-0.38169893563452706,665.7165296203199,126.39168413350565,420.38033276244363,931.8352611596888,511.45492839724517,-0.41008935387430046,103.67205806986948,19.047573245134544,66.68694130240186,152.04826587323618,85.36132457083431,-0.008325512788838174,37.57250430427776,0.4827435701849526,36.57405730598947,38.87560358398675,2.301546277997282,-0.0029340918391093478,7.300601783854229,1.9183334499293583,2.0810278627717107,11.075650736391882,8.994622873620171,0.020758501949325034,1,0,0,0
206.8488464839624,39.69428166924093,113.58617659819637,310.8080738305051,197.22189723230875,-0.02714819232366494,687.5635643431036,100.04095419992059,481.7206381974222,894.0780367689201,412.3573985714979,-2.1737145888791027,99.30971106613372,17.120244731785878,69.17834993601936,147.3334399517958,78.15509001577645,0.07519507173753702,37.50206562385224,0.445368278858115,36.59358684832531,38.304560970355794,1.7109741220304855,-0.004858412715455363,7.082275061754843,1.6225780048092717,3.9225561054023297,10.571085183379818,6.648529077977488,-0.010625578806017298,1,0,0,0
210.50575266339703,51.803243206989734,117.84179378514787,323.5814026661939,205.73960888104605,-0.15403356132020193,681.6912215773307,106.25726956827413,438.36947559637827,897.4088679817951,459.0393923854168,0.15932684760701,97.70915352004803,18.04759679956647,51.65984400619359,143.26370232834563,91.60385832215204,0.12227420707145557,37.502069461282915,0.6500854647600006,36.27069409589452,39.153307498866575,2.882613402972055,-0.00512892255013896,6.510433935376728,2.0657396716848413,1.0909602802136842,10.199360841913705,9.108400561700021,-0.01245601986553818,1,0,0,0
191.55114828050145,63.017778141415405,55.299725082360425,324.83458796414226,269.5348628817818,0.1722692054461912,697.1065339436868,90.09920512684373,480.0945638200831,930.2586027044996,450.16403888441647,-0.5131950324595724,100.44125452383254,21.737866108401622,51.414582135717374,157.60577596092446,106.19119382520708,-0.05821320972801109,37.37507170319266,0.47029530589335705,36.14299691631215,38.63778296940226,2.4947860530901096,0.004740767192245655,7.098369050987234,1.8274324863382228,3.5270234626516,10.673524446267578,7.146500983615978,0.03983220038057876,1,0,0,0
202.136711007709,51.68437989657839,110.78369259843451,303.763489953247,192.9797973548125,0.36298332945893175,708.048991727716,86.80818531675189,560.790542511655,993.8882240315271,433.09768151987214,-1.0255737576407697,100.41006523266496,18.719370664418726,59.621829267896665,136.8214548061507,77.19962553825405,0.16774405843435528,37.42035965441389,0.44484340065673833,36.38073549891319,38.260741556596194,1.8800060576830049,-0.006042256434746402,6.624132702640886,2.3266736139357365,-0.24496288359577267,10.745337010392932,10.990299893988706,-0.040885140837896634,1,0,0,0
190.93500750949275,47.40036206698199,84.75712936467245,292.2883670204529,207.53123765578044,0.5513043180893695,724.919139335355,97.65877906774463,561.7868676406487,1037.3089954563345,475.52212781568585,0.603703184466502,101.59312824288214,18.066195473752604,63.86480485221567,153.7949204379825,89.93011558576684,0.18578525949834673,37.57173696853379,0.4056135646849921,36.50919530621133,38.19791761516438,1.6887223089530465,0.006906036655077649,6.424915550445165,1.7097487305346026,2.5912664326374353,10.115010155545473,7.523743722908038,0.002960255695582049,1,0,0,0
193.0614211745859,53.787865302519776,94.42431166538367,312.1445290439208,217.72021737853711,-0.1730489338053892,714.452316058786,92.03658985636395,560.2720125838115,940.3241294523636,380.05211686855216,-0.6698510802534344,96.06126921586169,22.203066420891012,37.870877742948636,143.52724720957426,105.65636946662562,0.09751962356507883,37.55541810850315,0.47678900325904466,36.33697842746133,38.43972931143151,2.102750883970181,0.003796216353497335,7.159023734598565,1.7317965452559618,3.7284991766508373,10.745904165977404,7.017404989326566,-0.008430321406622327,1,0,0,0
213.70714287522688,52.3410190436759,90.38121702212618,334.8800118978669,244.4987948757407,0.13138824218321946,712.7992209868588,82.21743539208862,554.075739573877,886.7195615015795,332.64382192770256,-0.3163456720101928,96.76977805577002,22.258797400873423,50.001130814036905,136.2559361775705,86.25480536353359,-0.01863204112917792,37.42540455960415,0.4901316334897377,36.37095101501523,38.408128689063666,2.0371776740484364,0.001480948953496667,7.0476024535602155,2.271325384588744,2.1236393015169863,12.334878349957778,10.211239048440792,-0.0017312962624581494,1,0,0,0
204.84448721370808,48.440014887229346,107.86872462069304,315.1485972298949,207.27987260920185,0.5743059743925003,685.4262869221369,105.73336717129038,469.19736365135867,903.2382380952226,434.04087444386397,-0.18560331211736,103.88863258626803,18.663433844031175,62.1990618290735,143.24387521669397,81.04481338762047,0.20728319340697882,37.58092334179382,0.5401688364183287,36.13128800119484,38.880671210268645,2.7493832090738053,-0.005799566406045125,6.992984359366574,2.1841730703903255,1.582916115046351,11.369829462011591,9.786913346965239,0.005184962446190004,1,0,0,0
193.69963639298064,52.998510906808825,70.24827796032625,307.4845247470097,237.23624678668344,-0.6248215586993805,702.8597354477319,89.12913266497623,483.94563897446665,901.493456930473,417.5478179560064,-0.8779537001610471,102.49158690218614,24.18189295419963,37.178828168170924,163.40580580080916,126.22697763263824,0.12689957468223642,37.514412062192804,0.4837352887939359,36.6596978207052,38.98630929617575,2.32661147547055,-0.003655726189291323,6.542724972772205,2.1244710178998405,1.8824662751590306,11.349507335494943,9.467041060335912,-0.013468086703511531,1,0,0,0
190.2571979011883,42.944964052286494,99.20542130500813,277.2320933547651,178.02667204975694,0.5192659009785768,705.542924495558,93.13788918540551,483.67282836141464,891.4045867150277,407.73175835361303,-0.7376649411354665,97.01995418464264,19.505850278329486,43.559893633739705,143.75149092615266,100.19159729241295,-0.17060746989132072,37.63931372832181,0.5195448291923445,36.51584944025392,38.96199665063025,2.446147210376324,0.0009699982302500493,6.512968119944654,2.1047370695429413,2.4606231206183447,12.63596687020506,10.175343749586716,-0.02042838625856381,1,0,0,0
205.43360112925606,50.69995640501449,100.60070484569273,330.88404992828566,230.28334508259292,-0.46008798641188436,698.1453277291254,101.70828101797845,433.17380563264385,899.9744200182386,466.8006143855947,-0.21669189502766506,95.76958229979337,19.586186526915338,39.13713458293167,133.83966765159605,94.70253306866437,0.18696959593231038,37.52591031018177,0.6225928070822173,36.21242485674086,39.123813756169085,2.911388899428225,-0.010376068281804044,6.9227999129173465,1.8590700175933128,3.301496541154341,10.841990243077305,7.540493701922964,-0.021028375775983904,1,0,0,0
193.18672810253426,46.63176350754804,88.9107708826681,302.4687533326879,213.55798245001984,0.5724180483941405,682.7028141423898,94.32507714852608,477.78777244171226,878.4238893800041,400.6361169382918,-0.6000019687160663,98.50378828764771,20.802535343765992,37.378899068692995,138.8188151490637,101.43991608037072,0.19030758373905265,37.42419630948493,0.3913216008643614,36.27273047256027,38.075401363343374,1.802670890783105,0.005820711418074885,7.0598034470374715,2.0863903836255515,2.376516280975215,11.40204993788484,9.025533656909625,0.02300047934366092,1,0,0,0
203.35863355204873,48.43755220017096,127.03205636127683,345.72974943496627,218.69769307368944,0.9256130652441714,707.071471331267,94.04335625019439,522.9052228637242,928.4957387618038,405.5905158980795,0.5608719811751719,101.77020172176168,19.47364138281559,51.655596310131045,162.9429859799978,111.28738966986674,-0.2915323555411053,37.534016011864956,0.5515325229288076,36.65100960403838,39.39535667844309,2.7443470744047147,-0.0017554273883716098,6.990827630981687,2.2669144118216304,2.1087680189681777,11.388235137079445,9.279467118111267,0.023783519437080295,1,0,0,0
191.85588008803686,51.21635459787828,94.68672083204186,338.9219965122383,244.23527568019645,0.06717314649337056,704.1093138202045,105.02212421529657,436.5201575143579,997.2468799021572,560.7267223877993,-0.8132625988790331,100.54647069924069,20.80413817592063,39.472510077297336,133.8517385866666,94.37922850936928,-0.2604375751275548,37.380993118587845,0.502566382104008,36.09689094923041,38.56292437029238,2.466033421061965,0.0034655997322496214,6.84630205653889,2.051435306900598,2.891705769488804,13.892045860731955,11.00034009124315,-0.003861355212491419,1,0,0,0
190.49928982765812,52.270506274368934,62.553514254425494,291.2863262148722,228.7328119604467,-1.4352824901826953,703.9534247244959,104.2970119553531,438.6052071278884,929.4316552130256,490.8264480851372,1.4722939597133595,99.39097700016463,20.17829921228999,42.33726816941732,150.62030980923072,108.2830416398134,-0.15531154849285886,37.56349933430026,0.5513199882016289,36.36155737275563,38.85117553227549,2.489618159519864,-0.0019172516600544972,7.365243571029188,2.075964584984112,3.376718755547692,12.736158830016429,9.359440074468736,0.036323213331987424,1,0,0,0
206.4030485492684,56.14064522847497,105.8559710724839,343.4218206186223,237.5658495461384,1.009811019153445,696.7530037357543,101.34612062041774,524.4393156828191,890.0993123685203,365.6599966857011,-0.6973198821263581,100.85084961199242,18.57289554555932,60.857430715393846,139.43534285691632,78.57791214152248,0.35062588652323384,37.48101330541111,0.5391061856530105,36.32392933295985,38.58633947425549,2.262410141295639,0.0014879753319923098,7.041026645867001,2.2125528934406664,2.788384733008683,11.559165179317347,8.770780446308663,0.021281101349054057,1,0,0,0
196.31678217523495,51.99136246557571,93.52862929070244,354.60815914782984,261.0795298571274,0.49064899433038306,726.4973958222558,87.39281626927671,524.7447294292056,958.7902136887596,434.0454842595541,0.4578368393812189,97.1174776602205,21.301163644791604,47.786095742810886,144.8973213762184,97.11122563340751,-0.01752348273311894,37.43475759765559,0.5229258837383607,36.400470893379804,38.8804810297294,2.4800101363495983,0.0026276989656466715,6.2783777923566335,1.9857942911441226,2.4864996005608946,10.746908533796415,8.26040893323552,0.02696730166780239,1,0,0,0
196.53712081779014,48.084793393379975,74.62313707887796,284.64110162414516,210.0179645452672,-0.17368195800423766,709.8070866076076,109.88610367354634,434.1476213056882,990.6976342087377,556.5500129030495,-2.039740927778738,99.73179723064493,20.945005967813366,52.45486264218573,142.627422431538,90.17255978935228,-0.06853399893450039,37.57099031059437,0.526764093780085,36.36804612300242,38.997732167345674,2.629686044343252,-0.005638198154565756,7.1826615000747465,2.226959541500636,0.5923155508458997,12.466580371495867,11.874264820649968,-0.0011203527758732743,1,0,0,0
201.7390126582258,47.09326730417413,93.23737718811348,298.6829082520728,205.44553106395932,0.3912700583397306,696.5473250554661,101.73890914274716,491.95218602141836,894.5679826305317,402.6157966091133,0.06930987759702403,100.78177106225316,21.21596817900455,51.16694799746709,161.25918303175496,110.09223503428787,0.047658992832273275,37.49619914762624,0.5081595297181378,36.00052863057335,38.46151171722905,2.460983086655702,-0.004669242279815361,6.944804577569248,1.9501392489205085,2.0346894313099,11.182419939748176,9.147730508438276,0.00376618375040262,1,0,0,0
198.28020023983555,52.72679497652667,43.04037830112847,323.3222750962906,280.2818967951621,0.4931844395724768,686.8602280076243,88.73201175880655,456.9313908207054,893.8862506028845,436.9548597821791,-0.9019451803456859,97.47644602754482,20.972622946049597,44.67976774885245,149.5884319000246,104.90866415117216,-0.28283559727342483,37.61225409810076,0.4738383749931075,36.50600423566686,38.615472805421305,2.1094685697544477,0.0009965564254299864,6.895093656345231,1.8367902213776086,1.920285766068523,10.541171060310898,8.620885294242374,-0.012399860836951854,1,0,0,0
201.15320241936246,43.53366428915332,102.21026372338946,320.1016937048381,217.89142998144865,-0.11475947970186384,706.1015312739033,112.55733871805248,470.4579886101332,949.5129462654871,479.0549576553539,-0.35376852929691466,103.04044959633822,21.134786232046032,74.27476724234575,148.17749493513097,73.90272769278522,0.430210368261519,37.39212931667194,0.44848030358018653,36.46060550781499,38.406903963598104,1.946298455783115,0.0036180454452109773,6.650322174963114,2.4687483998918247,-0.6650984477571633,11.610799995020246,12.27589844277741,-0.002896669222665189,1,0,0,0
203.2949187503153,55.937322406442426,43.09769430114508,325.50090789227795,282.40321359113284,-0.05509532746570154,683.3989104892892,92.21272079908015,398.2273647709758,876.4061118343611,478.17874706338534,0.7231250700804266,97.57524685202294,22.622273361725302,44.477500931430754,138.86641561700915,94.3889146855784,-0.04835969350842127,37.41823415605865,0.46713649520449785,36.104016132457126,38.37082073232227,2.2668045998651465,0.005449143839159373,6.940551442276704,1.9093421521264096,3.289616273534103,11.899508483293236,8.609892209759133,-0.021924277736806226,1,0,0,0
196.39436872170052,43.40445105734753,106.92905385737778,296.84843187552735,189.9193780181496,0.38399680441464773,738.1170503901808,81.72185111547832,517.640590964765,962.2310557533029,444.59046478853793,-0.4936677310691723,103.39020348442915,16.838451853093193,70.88247119683231,140.092720692722,69.21024949588968,-0.25392088005780616,37.543775467221025,0.5088313840952697,36.35176702858277,38.41404634515871,2.062279316575939,0.0036249324752752454,7.061062752970031,1.974423899112692,2.4743324800638096,12.504256343473223,10.029923863409413,-0.008699667537314777,1,0,0,0
185.14275508342484,49.56737005404033,96.66059574114838,304.04012426696283,207.37952852581446,0.11997587250924502,692.1078793069823,99.17178610868629,434.09067030878805,916.2165584894881,482.12588818070003,-0.5122476256278056,99.40216096630704,17.775625698324117,62.27165479134134,147.33897247587836,85.06731768453702,-0.11148756927616817,37.3505598353865,0.4663870284471217,36.18163490713326,38.29591231026962,2.114277403136363,0.0038209082827904244,6.492712104141302,2.2474699584029474,0.8510705651142372,11.997621467446223,11.146550902331985,0.034866270907041134,1,0,0,0
204.78738887034598,48.457851496157595,104.86519790731415,327.7380550241946,222.87285711688043,-0.3764521887983316,684.491408848638,96.28316081500253,496.16199226722193,954.8810776283495,458.7190853611276,0.6841319716682228,102.3942289008366,21.700742835565332,48.443618094611836,160.35943481136894,111.9158167167571,-0.1680059367312538,37.598272884257106,0.44770248590744205,36.21266783938529,38.5723875549139,2.3597197155286125,0.0014176652101900355,6.776464652229099,2.152453558352721,2.364881418716841,11.442379773155897,9.077498354439056,0.004873618151561779,1,0,0,0
209.5839533561596,49.034735728363934,100.03180583652369,285.9873553977872,185.95554956126352,-0.17341677158572963,719.4651928402012,95.82502161351385,487.6242787791322,907.2450722462254,419.62079346709316,0.08446020608325899,94.60614902831459,19.53906995455337,35.33529154162744,134.44511316494408,99.10982162331663,0.07343052331193493,37.57342714777991,0.4430878329721021,36.77427113053523,38.406276276277254,1.6320051457420206,0.0014936269866577718,7.493673445099539,1.9926369200001337,3.9565192683269745,11.56493589567523,7.608416627348255,0.008674687959464668,1,0,0,0
207.22040988667072,41.23352802006465,131.68735688589504,315.8460300082619,184.15867312236685,0.030331066847951935,669.1702284993507,93.7970124819316,450.2969958455379,845.9906085326055,395.6936126870676,-2.5687515524146467,100.07445981873693,20.72917803304881,47.383584561034965,141.0212999205731,93.63771535953815,0.22830441166413218,37.38905810212332,0.5301862015571867,36.28325985200656,38.65598051784692,2.3727206658403617,-0.0015636009029657422,6.887765098829501,2.0764642268722073,2.0628841941951883,11.235084451652956,9.172200257457767,0.006644837472220912,1,0,0,0
193.27569782606656,51.20730094525024,58.66319280606041,308.75629997403627,250.09310716797586,0.23888773278654646,698.3490692554604,100.71319076217789,487.7989653840384,943.5900265771927,455.7910611931543,-1.5906717957982304,95.16621218507886,21.793197297181482,43.39347741494904,146.8429176873864,103.44944027243736,-0.1882388757038753,37.4965943025342,0.4568414462287987,36.570154763778696,38.87408925760851,2.3039344938298143,0.0028796905460101874,7.597515953804102,1.9632126247303496,3.2680695220944016,11.777573162114681,8.509503640020279,-0.0018884406795101583,1,0,0,0
202.9929903018496,49.897651042365815,83.87131529597025,291.744422077859,207.87310678188874,0.2674090370423629,691.7893787839166,92.00014557658095,479.7603333822673,851.8465262281487,372.08619284588144,0.6642877188888475,95.64416783603251,24.223740730624932,45.27888958657761,146.8522289452451,101.57333935866748,-0.29757650255627865,37.587185136770856,0.45292418729361755,36.628477508282906,38.71606623441648,2.087588726133575,0.009926568294956861,6.389911681947919,1.6931743673901007,3.5204986584017806,11.13682510907854,7.616326450676759,0.02604825947932158,1,0,0,0
201.6158906638653,49.36328111905368,96.24235261856657,294.725344194949,198.48299157638243,0.16778270279275,683.185258232068,72.84376850433313,516.736069645606,865.3677855044573,348.6317158588513,-0.8051525877590938,100.64625526031028,18.25185583162382,45.97817487954486,127.95216104581692,81.97398616627206,-0.22131671924610358,37.518038106710705,0.5206792375967036,36.300412716846225,39.169838634907045,2.86942591806082,-0.007737507807775532,6.870055431262976,1.914152902528198,3.125598843637215,11.032321569145143,7.906722725507928,-0.015417663886038161,1,0,0,0
198.77863366266783,40.80854226725075,61.78156679177437,291.80546039962746,230.0238936078531,-0.1252070253701497,702.9820173615154,119.5235064741763,352.6287996912046,929.6794193022706,577.0506196110659,0.193252064023399,101.89035603786442,21.786279593782815,52.88865641248097,147.65962871875237,94.7709723062714,-0.33621945084834004,37.54777885123139,0.40161644222342363,36.77992737068486,38.41113343891178,1.6312060682269234,-0.004164241716436549,7.227484647915081,1.8697177799894624,1.5879288958092852,11.132070998986455,9.544142103177169,-0.011479514227564961,1,0,0,0
206.55395262037797,41.29581761786753,131.45800468231508,310.46843189152975,179.01042720921467,-0.4104414059448893,692.7593112947237,89.36868841197203,505.8748037373023,873.7725038433643,367.8977001060621,-0.24012367998145634,97.96149304766459,17.574062109535088,50.246377634488255,127.66517919294905,77.4188015584608,0.23858065389225622,37.567925452753705,0.5007423647699526,36.50676529261316,38.60545318213209,2.098687889518928,0.000935829566908492,7.36654343489623,2.202198686924391,2.6575186512379654,11.883906770600628,9.226388119362664,-0.014424218857711293,1,0,0,0
193.57579632371366,51.18561853136597,61.706881841863435,280.9034339182143,219.19655207635088,-0.5928780451627818,701.4308081622755,103.82242659692744,491.92579483491903,917.0729634440432,425.1471686091242,-0.9093099159594935,97.51842059392706,20.871894478636637,56.107435251161235,134.9790674099434,78.87163215878218,0.08493503650462533,37.60705378494637,0.4710295646132083,36.34995510988021,38.66426456347353,2.3143094535933173,-0.001165385762671275,7.1537024764457655,1.8061638794973336,2.966373293836975,11.21674827834347,8.250374984506495,-0.024147430890821234,1,0,0,0
201.05167415645988,58.15253141595782,48.58408132503641,321.75287324804873,273.16879192301235,-0.35370777619697197,700.1053487264232,104.62734293556046,452.4114078906058,986.6881347035472,534.2767268129414,-2.078254774630864,100.46226810955761,20.33238560524014,58.989829912070235,149.8852132307117,90.89538331864148,-0.07752333235525855,37.410165868160014,0.42533809903481035,36.57738567807696,38.22886670233827,1.6514810242613152,-0.004061490888350263,7.178094310769273,1.8182640272689574,2.830253693031965,10.177781575458633,7.347527882426668,0.02064844513153804,1,0,0,0
206.448239757152,41.254802706990986,105.82633460876825,320.48792453638526,214.661589927617,-0.7237126483240653,696.1958633243253,112.51117976254713,466.4827474343837,936.1693630736565,469.6866156392728,0.9277321417397304,97.71521603107745,14.839395236122767,67.75770779883413,128.4418467750107,60.68413897617657,0.0622006526830402,37.48170889209146,0.45339563574659225,36.37729274573279,38.29971558108096,1.922422835348172,0.0014207889621458331,7.083451061448751,2.121697739742124,0.6617624049208244,11.533333798151777,10.871571393230951,0.02967458877789855,1,0,0,0
203.4531716586124,59.6413050676554,73.88709477939675,345.4007533687678,271.51365858937106,-0.1299494543158008,720.3538350393632,90.56526423135026,508.01862847560835,893.2861377571372,385.2675092815289,0.469988604254964,101.51340823392403,20.718015385714832,49.53977127225278,155.98202558369354,106.44225431144076,-0.12309697128929865,37.58916836186887,0.4865538915742059,36.588178304675445,38.613675374128015,2.0254970694525696,0.003056318376003667,7.4090210988275915,2.204114283377491,2.0178492779786907,13.510365378267256,11.492516100288565,0.01263532761353666,1,0,0,0
200.49081175069784,51.64507509502166,68.76672697711385,303.9803886723113,235.21366169519743,-0.13620587563779055,668.5081262937466,113.26524043964164,306.18393301080863,979.8829597632259,673.6990267524172,-0.49915128276586723,104.87179107781712,16.966940380083603,65.33509860095668,133.8610606769468,68.52596207599012,-0.3112975335767361,37.60268649472137,0.5596737501698236,35.94217841536522,38.60209896832652,2.659920552961303,-0.005029769306456224,6.866667169979873,2.131965356580324,0.4871406820140809,11.00808079040942,10.520940108395338,-0.0260983062648662,1,0,0,0
205.42914587603903,57.38184974320492,90.0434294248057,339.31546227169855,249.27203284689284,1.304710837331559,696.42062989936,92.24252953609286,456.78881316828955,896.3930215155349,439.60420834724533,1.3752038899776573,104.23773741752058,20.510100745686945,45.88244136120394,144.32471149436856,98.44227013316461,-0.37583815449243374,37.57097579853672,0.4872839678613222,36.55853676012842,38.79824244329408,2.23970568316566,0.000646702027517154,7.18433965658119,2.1041613377077115,2.3258412797524324,12.632541560099916,10.306700280347485,0.009461434466833805,1,0,0,0
192.2900272099895,50.75704033428172,61.66920594538399,284.371311280235,222.70210533485098,-0.04494118072106343,697.4885003455263,94.55324027874745,483.2515433956678,874.7232668857056,391.4717234900378,-0.7773923204000469,100.10135641098033,20.78198163533538,41.18057421673561,141.5839342330943,100.4033600163587,-0.14321727020655003,37.50223561701862,0.5567100237247784,36.127084315808084,38.7009150301239,2.573830714315818,0.010207908754493131,7.023288054512834,1.8671435810574006,2.0773834516161465,10.509314164268833,8.431930712652687,0.011906341639232314,1,0,0,0
212.48559619201734,49.20372889976556,103.37130743230524,298.7146794907853,195.34337205848004,0.20732383975324722,700.5838831749602,99.49242541370266,455.29305119055687,944.4440217756862,489.15097058512936,0.07285729593809324,98.83452323689373,16.981675231147474,67.75380478660495,133.7166388946991,65.96283410809414,0.05381534743133535,37.517465008900125,0.5489639835590884,35.85626289452162,39.09102714053616,3.2347642460145423,-0.004557183674211372,7.2176535645975335,2.0578148077052574,2.7868800667499656,12.666642435415966,9.879762368666,-0.001997561597327397,1,0,0,0
196.4775508339087,49.59213896215795,68.30002135655315,326.04423920601994,257.7442178494668,-0.5199608569499562,699.6632280647099,91.99243623596229,521.8087566921786,934.8530018709656,413.04424517878704,0.5422177385567023,102.84530326756249,19.20181295423541,58.521422931685066,147.1277379236504,88.60631499196532,-0.21176898746115538,37.50612755733866,0.5701048311861404,36.25993241530797,38.469554215843665,2.209621800535693,0.008531356850928165,6.972169662210252,2.154260470050081,0.7553367730407752,13.01627990581008,12.260943132769306,-0.007942713562999254,1,0,0,0
193.03980809851953,46.09361858510778,118.59937057353925,297.9540707494031,179.35470017586385,-0.04790862410641757,708.0120104974135,110.96977000812042,482.14963472817027,914.8254585708044,432.6758238426341,-0.5952103735549319,97.69307671830141,17.995290492712577,31.204874584074943,135.8466815920088,104.64180700793385,0.1902359946845931,37.47313150367104,0.5720161112843875,36.1747611917212,38.52382550466291,2.3490643129417066,-0.0060382529233369425,6.882135245733431,2.122793278196316,2.579323321501935,10.953545260692865,8.37422193919093,-0.007176734853439579,1,0,0,0
193.79078769184937,44.97562844739977,95.97635677820107,348.61320624709197,252.6368494688909,0.5901318578959915,679.3911709355078,105.4027117624456,471.7217841818489,890.980130246724,419.2583460648751,1.1748175015606708,99.43834196748972,22.709033433169257,49.037315774384716,151.69969865182398,102.66238287743926,-0.28609872143489434,37.42991444442371,0.47271116951572534,36.37509395657558,38.30465774848107,1.9295637919054869,0.006754954202418121,6.785015506516475,2.2703578416627423,2.6330725654246665,11.990515206189897,9.357442640765232,0.05077374326912182,1,0,0,0
206.77628420263835,51.62517142327692,65.4284908884546,320.2180911193125,254.78960023085787,0.09007037166592907,693.8113651903903,88.75067464517146,515.9744704562343,851.4116424736167,335.4371720173824,0.33100771155893044,100.81256839232172,22.336068547229342,59.00077550495879,146.4907104718707,87.4899349669119,0.22518583744031317,37.48629306471523,0.47453187385981876,36.40813005344533,38.74186630367987,2.333736250234537,0.0025415508697655548,6.539194757529206,1.9113454761125033,2.9502578434040094,10.458953992390796,7.508696148986787,-0.0001241921824576067,1,0,0,0
186.25280923703292,53.89860122050758,51.686643726855436,275.83283319551236,224.14618946865693,-0.21406204974216997,713.4453812316502,99.12122769417522,436.9479279262135,935.0184843935015,498.070556467288,1.1571406570337566,96.6066156572776,21.457369162227284,51.515195892517404,146.2239333662344,94.70873747371701,-0.023765609202421864,37.41116666665651,0.47169503248859435,36.25665023101255,38.297198238871495,2.040548007858945,-0.006063738315231252,7.182783744708755,2.052235569814347,1.786299604788148,12.124998684791645,10.338699080003497,3.026755028124526e-07,1,0,0,0
192.93963504227213,49.1487816804031,85.00717448610142,316.8440844502954,231.83690996419398,0.5159293603040285,701.5671788289895,111.0899247821779,483.3875734879465,963.8559938830348,480.4684203950883,2.269496326971547,98.81120284465769,20.243650666374872,60.8471672909521,149.31333911607015,88.46617182511805,-0.147796550831861,37.588136917178815,0.5349828395828451,36.755762137126695,38.91839504759275,2.1626329104660584,0.008050498857787785,6.982944884246755,2.2227249850618715,0.46103332459767277,11.385310775992583,10.92427745139491,0.01782381430239965,1,0,0,0
200.3502452527005,49.38723844751262,101.61940421900599,291.9207136877993,190.30130946879333,-0.6670314847060071,702.0673782001693,107.79887860884463,484.45500182281745,939.475765179248,455.02076335643056,0.9935408747294204,102.71586052957336,20.65164224763541,58.840020870484686,145.58334201063118,86.74332114014649,0.012170374501727883,37.47303599641942,0.440601227717733,36.368614639008065,38.46752212362777,2.0989074846197013,-0.0021573488876780074,7.19597365773274,2.0336025415686865,0.6590614464653939,11.751497165950699,11.092435719485305,-0.005125450632037591,1,0,0,0
221.49966082401477,45.54824152389502,129.25440471767888,321.46462149152205,192.21021677384317,-0.5733757506398995,690.1137943427007,91.31618840595824,483.90207431599123,963.4437344267055,479.5416601107143,0.49554686273037724,103.06308983814121,23.636534569454085,55.47212616933915,145.90784203172555,90.4357158623864,0.1682834531635523,37.40296255693029,0.4450826607564698,35.988236555233435,38.25498767058736,2.2667511153539266,0.0028071238192920785,7.222435938978654,2.248340568684848,1.2117294066620916,12.183830658928901,10.97210125226681,0.043668231927393504,1,0,0,0
197.0579997885535,50.73898610667311,49.93102771307366,275.96964234834496,226.0386146352713,-0.32616505500010395,684.7306876271368,92.22301520398028,427.5261637497755,909.9422385011114,482.41607475133594,-0.987659127020007,101.70513868323748,18.80214283477512,63.594565940080436,146.406284822987,82.81171888290658,-0.10017456333464347,37.44366019915046,0.4454367385591424,36.58081811674917,38.61288256299528,2.0320644462461104,-0.0026534931974143273,6.6098238687233835,2.4020364828527034,2.156949440118722,12.76480292885379,10.607853488735067,-0.016510850138808427,1,0,0,0
206.19588416921735,51.26690745076899,117.90484997669135,380.9130464782361,263.0081965015447,1.4424947585138286,699.5170022595239,87.35559362707689,532.3168913480355,940.1127438544289,407.79585250639343,0.14668253365614717,99.9329054497972,17.90712673040888,52.35573656355805,137.36364450994685,85.0079079463888,0.026288837694097143,37.661064767575574,0.5271448915591433,36.54843753405925,38.87098144478459,2.3225439107253365,0.008010644657039868,7.004140710635404,1.7142957649126622,1.9969544400280288,10.473422530282635,8.476468090254606,-0.001153603787981242,1,0,0,0
202.67014776983436,52.373406645784414,126.29073602836294,335.1990603574595,208.90832432909653,-0.4909574032378916,716.7862996498585,92.01741237441966,456.8836688873041,951.0138249479086,494.13015606060446,0.2992741139395502,106.20872540229033,19.029204899566594,65.30028945879064,165.61672846899168,100.31643901020104,-0.038371268241606284,37.43765782534871,0.3980478907662446,36.4302241022216,38.50199960274532,2.071775500523721,0.004932052959765099,7.253957785382889,2.1740555942028026,2.761774858927076,13.611115734819524,10.849340875892448,0.007318608104709046,1,0,0,0
198.0039926841596,49.64907619115461,105.48642626649881,314.03373768167035,208.54731141517152,-0.5700468808931077,716.3282730032314,95.02883474745914,522.5276984737802,995.6523997854979,473.1247013117177,1.1610258405983824,94.92033747456897,16.620078290278222,52.228672386845965,126.92034097407715,74.69166858723119,-0.0628704572615587,37.4670290661649,0.45573583329618117,36.48739147851336,38.49252488009511,2.0051334015817517,0.0021782036197960475,7.714155928749431,2.0252913951547864,1.9467950076430576,12.858697178387034,10.911902170743977,0.02252881442439054,1,0,0,0
196.5895109292678,53.9036462081207,100.81478327971172,359.3281174598176,258.51333418010586,-0.6016852628593613,696.5391104832743,96.32452243437878,455.55877374477825,863.8237211441544,408.2649473993762,-1.3089446570022616,96.37091662614962,20.612197497159983,47.98880322031061,141.6730906170282,93.6842873967176,0.08574969372273439,37.510913188324565,0.48106966143791785,36.445776583227385,38.360389408639854,1.914612825412469,0.006350077980541759,6.959538219375259,1.917732844500193,2.5002799718386806,11.863394261944629,9.363114290105948,0.031331647894577555,1,0,0,0
189.06960648894517,38.855611321601316,91.33348855572167,273.4982820565094,182.16479350078777,0.04931723878094009,702.0746012703862,103.55918960342856,363.89656603969,933.29845052242,569.40188448273,1.3481743972470932,101.09615167823834,18.377821405981017,58.64597052943345,146.61058647614783,87.96461594671439,0.219911805710341,37.370683625743,0.5294360648006446,35.90572782931882,38.54963550540285,2.6439076760840265,0.0004736857641010937,7.108412556479014,2.029239100598621,3.4585021870639716,11.929054741313333,8.470552554249362,-0.029138182361212912,1,0,0,0
202.26179782333278,57.062436971920484,81.76136936119288,322.58518661335927,240.8238172521664,0.7037737447908354,703.3774049361833,91.44344154193254,537.5927693913468,916.0939842583471,378.5012148670003,-1.3642074967974538,96.80483117704814,18.779537301482232,64.55675991386074,130.36138645449836,65.80462654063761,-0.08268646466851662,37.60593440391975,0.49454085293057337,36.551130741465215,38.83629748523076,2.2851667437655436,0.005638607329052657,6.821771711108498,1.8854573803182133,2.3585950641373303,11.330998767433236,8.972403703295907,0.0018540709437165838,1,0,0,0
194.68157790097013,57.26907654911126,65.57140680798827,318.49340141112225,252.92199460313398,0.037052107426641646,696.8171600517956,110.30447175102363,489.700447564531,993.7614378660254,504.0609903014944,1.499326626439973,97.44135170126395,19.412083754656607,54.20446831707529,140.63201643487864,86.42754811780335,-0.21957745440084506,37.323257947445526,0.5643507166633286,36.25343101083827,38.7464101019248,2.492979091086532,0.0006971052551067471,6.881278757461356,1.7903044330595241,1.3861030506018919,10.690334409155852,9.30423135855396,0.006391024321138995,1,0,0,0
195.26469846443152,48.533469533316755,98.28401374320595,346.25776879549755,247.9737550522916,0.014543404987061971,693.517044242885,115.47689521571729,490.9035028171522,1019.0524051554623,528.1489023383101,2.79653666742746,104.55281321534707,17.24737627383511,69.94930797176833,140.29686603590108,70.34755806413274,-0.1735969186993112,37.36639288675666,0.4623200522090785,36.4812236253821,38.48854462475279,2.007320999370691,0.003486709244437549,6.998589170248725,1.6418244793593213,2.6633703257052765,10.313359123000186,7.64998879729491,0.010145068121275844,1,0,0,0
202.31005423229124,53.8443398503489,82.38002010265132,312.86251022717306,230.48249012452175,-0.05014610656117362,700.8619721973952,104.88053992983839,379.34115941855606,923.3887969593397,544.0476375407836,-1.540724911109443,99.46686041351559,20.398582035803887,62.52391771543107,151.1084430483423,88.58452533291124,0.09878124997888948,37.442950335509856,0.45274224333751395,36.591608209908195,38.29743214378285,1.7058239338746546,-0.0004096601522087153,6.621149515511543,2.0444326571219347,2.1788038611658775,10.987214557121137,8.80841069595526,0.036855924964815524,1,0,0,0
195.51738649072064,49.92673104051407,91.91973261921633,313.32494564453145,221.4052130253151,0.178257011037079,712.2965453470808,93.39716192367617,521.773084505209,995.963922060379,474.19083755517,1.4604909968056965,104.53357193374337,18.55991600795996,65.20436953551358,160.92557068461156,95.72120114909798,-0.14162381123904905,37.406224584575384,0.5074949498126624,36.319216712866954,38.2005314253881,1.8813147125211458,0.004896748773945454,7.287085411500203,2.01867512566235,3.403464497818824,12.784906913246566,9.381442415427742,0.011547894704120324,1,0,0,0
209.09340569630317,50.523339339739316,118.49380158680898,320.6237705860416,202.1299689992326,0.1462902928853529,705.3088838539306,74.12799916162741,523.7778673976078,839.9464979862323,316.1686305886245,0.0027948880947867936,105.71785956265904,19.27411602405418,45.67550570612213,138.88080047574442,93.2052947696223,0.02880688023157776,37.53487578840297,0.5631442192008674,36.126102464036805,38.786661113733985,2.6605586496971796,8.841562178002577e-05,6.88651011695245,1.9667519372178524,2.9303579352468674,10.584400897679977,7.65404296243311,-0.02115988146314958,1,0,0,0
204.4915289860499,45.6637401083499,96.6497223092363,348.9689204955721,252.3191981863358,0.6164660616359221,715.42235016655,113.60819291175719,472.38367319329734,950.7962456398736,478.4125724465763,-1.0831093820773525,100.3416864506274,21.04629196829217,44.70619783004057,144.154357626944,99.44815979690344,-0.22218676006659757,37.54592664321562,0.45755859342787264,36.56315421877474,38.484640171321814,1.9214859525470729,-5.667205359682601e-05,6.776423909231835,2.0911940275178633,1.8658520719275273,10.185819197776667,8.31996712584914,-0.015328114995792686,1,0,0,0
206.18959198459757,42.62509593700978,83.25967231789424,287.1232854187283,203.86361310083407,0.019785932805867445,687.5300279924876,89.87505448940347,471.16278325802017,853.1136586015291,381.9508753435089,0.5819065535684766,101.11744659313057,18.69622631869308,57.07552678612329,139.81673824598275,82.74121145985946,-0.17177219303510435,37.46448349576722,0.42884045134887894,36.45091936331196,38.64357784046785,2.192658477155888,-0.0060390272282272615,7.194385180712228,2.028290013191037,3.876177104499773,14.333848178856131,10.457671074356359,0.01772348960514707,1,0,0,0
204.77127200905363,49.5081647636628,104.48175912074248,287.8164211234613,183.3346620027188,0.5191172253392178,684.4648321364702,88.81464413971568,397.35907845838227,832.7326037152623,435.37352525688,-0.4620583871015921,103.39742056511096,19.07266455820738,71.10717715487075,145.81187266465597,74.70469550978521,0.21531432134939188,37.499577055279836,0.5441750854097818,36.16444801752545,38.57104141639816,2.406593398872708,0.0013945056150281344,6.491428139098522,2.4427849834448097,0.8338443134165541,10.944562282840977,10.110717969424423,-0.01507713465945022,1,0,0,0
194.47287277676173,41.33249269245797,61.06258460557896,268.23508130115414,207.17249669557518,0.23377038988322138,704.2315992291811,100.27467523515217,463.7008049090381,1048.3414806571911,584.6406757481531,-0.038122971845860394,95.32389403234178,20.14578266653346,52.869358807602616,130.8652720981142,77.99591329051157,-0.2157118476471007,37.557433138023235,0.4853528314397081,36.732803223606304,38.961139485281315,2.228336261675011,0.004882368461375278,7.238178437177742,1.7147042876287417,3.044336511920841,11.295111520182186,8.250775008261344,0.0136183070198821,1,0,0,0
200.872122722497,52.31113978331147,107.40183426630534,339.00752031851283,231.6056860522075,-0.14344610503979421,701.903701150039,89.80167129342921,445.5566679696457,901.524623376184,455.9679554065383,0.05181499100221914,104.1346727022277,17.580653470108967,74.61095703853663,142.4863983109084,67.87544127237179,-0.1563348883930307,37.53625691799301,0.46394829451444597,36.47040418949338,38.35238735844835,1.8819831689549673,-0.002212855745068001,7.5500717261362595,2.042919788886116,2.955855693755133,11.672897317658954,8.717041623903821,0.054849131826443874,1,0,0,0
193.59575454753292,50.09349831073843,93.4219189398336,357.2583375290045,263.8364185891709,0.1330433047494219,703.7883534351683,105.41469153906313,513.9774215683537,972.9460113218875,458.9685897535337,-0.552218669055829,94.47938518809535,13.848818028876021,67.94473573296774,122.68735802947894,54.7426222965112,0.06246818198158665,37.59459003604894,0.43765897233088247,36.29603977294548,38.45336685288134,2.157327079935861,0.0020585179925358215,6.650216818885132,2.0800815281316933,1.8067744362591611,10.80662454453882,8.99985010827966,0.010242379777162764,1,0,0,0
202.72494665954102,44.09212192575824,106.41809544440368,317.46696822324975,211.0488727788461,0.14789106208168762,689.0551326799101,92.88443321159298,407.383933603525,894.9876391644689,487.60370556094387,-1.4009815533555376,95.4553924721314,22.0885866589746,49.99050591380146,164.62333987351707,114.63283395971561,0.04877631889948828,37.45219107501751,0.5299222630208331,36.37138355341534,38.77332521885344,2.4019416654380947,0.003435088488794258,7.019330970397995,2.2279662882800624,2.044076239605854,11.929552782100972,9.885476542495118,0.007394559831190452,1,0,0,0
195.42988031640886,52.09132240978253,61.440190204959436,353.0649299086758,291.6247397037164,0.3312861753989179,708.777358065176,85.04028477754657,485.95363629252415,885.0954846920528,399.1418483995286,-0.20672198585666174,96.54682786555585,22.48090172304429,24.336895196409657,140.13724600826794,115.80035081185828,-0.17269004554490172,37.54114760431631,0.4957226963090113,36.074386676864826,38.64512264333086,2.5707359664660316,-0.0028715230468371847,7.326177494840987,1.6676986713724045,4.323552153037976,11.602667304257004,7.2791151512190275,0.004098401383662169,1,0,0,0
206.45308253922906,53.71524227157859,108.39929496824058,331.5508315138002,223.1515365455596,0.591666224551499,708.4411922747626,105.43313507403006,470.10093021813003,907.0098068561972,436.90887663806717,-0.5046184292328464,103.16448964086867,18.811968471459398,32.12824859444795,143.03986018133278,110.91161158688483,-0.2737783480477685,37.49138035470737,0.6012479605852181,36.39484295737668,38.90145306439696,2.506610107020279,-0.0044297881512153124,6.690231868154853,1.994493037814445,2.2020473393641495,11.77609116602597,9.574043826661821,-0.01067533784468352,1,0,0,0
208.73191223136465,58.989557116783295,50.81724746386274,322.12097521300393,271.3037277491412,-0.2334319525441037,724.4726660115152,87.3295843025615,545.8429772782883,910.8443923043076,365.00141502601923,0.5195598426656319,99.03886264912127,17.538432044782965,63.859598310084436,150.41764771242043,86.558049402336,-0.10997182779884998,37.44183414572467,0.5006517740587733,36.26829522229748,39.090982763275846,2.8226875409783645,0.0008242101235943005,7.161643563308476,1.7217912559446908,3.479506088822729,10.89833383389702,7.4188277450742905,0.01379059899781587,1,0,0,0
198.0263572545021,51.07068486806023,96.09784311288504,304.02218533651035,207.9243422236253,-0.8504470105704547,683.0568454018171,83.09024984449658,488.37092281203275,878.4929803125981,390.12205750056535,-0.3082191861744294,103.57418816672529,19.499132588897304,69.79499734985738,149.16506476856,79.37006741870262,0.26476687621419126,37.42052541179733,0.4930383186670166,36.2142545723832,38.72472794772843,2.510473375345235,-0.0012426649345804567,7.601324970273687,2.0779868959869736,2.3894886423478816,12.551651883405569,10.162163241057687,-0.022827145224780052,1,0,0,0
196.16182774244805,47.93829852711738,92.04447671960774,300.0592738427824,208.01479712317462,-0.021152856633389564,696.3289360316617,112.53282006751753,405.9422128963344,898.451498834271,492.50928593793657,-0.5112144189772113,101.6731261383187,20.404408886438137,55.172715455376036,144.58431342341473,89.41159796803869,-0.1932985370903104,37.61959519288312,0.42312544441721833,36.87118771160762,38.551608940325075,1.6804212287174565,0.001367160555208302,6.4877076817211154,1.836105709138565,1.5192508566703147,11.76707729889857,10.247826442228256,-0.0026756075581878436,1,0,0,0
194.14723014583743,47.0586520670778,107.41690826805404,299.60950213763545,192.1925938695814,-0.46294783839058246,701.9069519888227,108.31501730262748,467.2538923693122,944.3963574482102,477.142465078898,2.052514529604579,99.73843491302898,17.745054757653957,57.67116254850366,133.93557409784125,76.2644115493376,0.19262161992053212,37.52899847677131,0.46033942650479126,36.688667800013995,38.58985643395766,1.9011886339436614,0.0024134903334418257,6.904289548463092,2.197844468572227,1.8615075478145222,12.20459309343525,10.343085545620728,-0.004190099151867536,1,0,0,0
188.0907254988728,45.452935787008414,82.59316241018662,272.8951688042338,190.30200639404717,-0.7317138650918353,705.4942542976871,83.22269337940928,510.78986850244485,922.76487162324,411.9750031207951,0.20428078121873636,102.14255291640958,19.391382773030454,61.75604922846731,151.82165892223594,90.06560969376864,0.010197171938548329,37.52946786033936,0.4753505749321554,36.13528652068368,38.787531116819515,2.652244596135837,0.0008301743148511806,7.332490469627709,2.1139185852993085,2.4108967243880306,11.636163780569763,9.225267056181732,-0.016553280588725475,1,0,0,0
199.7627378719258,51.36780240103229,67.65518836888862,328.652081724887,260.9968933559984,0.5201096039224611,690.0553668224733,110.32703987667287,453.71927867545617,941.3212396727073,487.6019609972511,1.6989705754766211,99.78860950086477,20.547941739867657,49.54021690204659,154.17626096880386,104.63604406675728,-0.005110899310565847,37.47188308668929,0.6135331475713013,36.1259780597772,39.00750031201345,2.881522252236252,0.011573885730532819,7.0642788694329886,2.561962001194272,1.8452563155380632,14.698816588662392,12.85356027312433,0.030456815959557085,1,0,0,0
201.30278407969166,56.59624289940259,74.3920972350435,337.60296841642145,263.21087118137797,0.15157672125500934,712.5254973884555,98.2220753226512,496.6645693199458,910.6012071088526,413.93663778890675,1.1014935363719207,102.59837794403202,20.174878761311753,46.432902560060214,154.14725252843203,107.71434996837182,0.23029780487760546,37.60973192087287,0.4435591627612173,36.877124515798876,39.10874932029902,2.231624804500143,-0.006591297797540086,6.617720669019003,1.9877249376692117,0.457149075941909,10.217423680796058,9.76027460485415,-0.024727533377553297,1,0,0,0
189.24826070860846,42.452710687880895,91.881925817341,293.00634627060924,201.12442045326824,-0.48486568584750916,713.016682726129,94.6389969107278,517.1155901108939,924.4889491640542,407.37335905316036,-0.19136610536587562,97.67913061152709,20.455233411616028,46.435762525986505,144.2357670471296,97.8000045211431,-0.0962620361544798,37.436360356135054,0.44624827965814323,36.40547181890458,38.747060654238844,2.3415888353342638,0.0018714238031916246,7.131275544994688,1.987743713984241,2.459791113275455,11.549666213972964,9.089875100697508,0.007394543545890036,1,0,0,0
209.72474405843062,52.27408436238412,106.30291103188831,303.86055635133266,197.55764531944436,-0.486666149788054,695.746560799852,114.39140314886338,444.3660314968698,990.1466516130462,545.7806201161764,0.5127811557214687,96.93456510527756,20.02979139416355,43.49558009666168,134.1307955728578,90.63521547619612,-0.1797142080396406,37.50652387364552,0.4006362493785388,36.40851403104511,38.38581876149119,1.977304730446079,0.001966185996051736,7.252636798491034,2.0129810112184283,3.116845637652258,14.041290691954355,10.924445054302097,0.027472919847612427,1,0,0,0
202.12782396250384,54.02362903785542,77.73814406096031,308.32943453438656,230.59129047342626,0.5286203392678538,683.0864761059566,110.42754109760146,293.8330292544323,888.2321097511651,594.3990804967328,0.308419407571043,103.06302131483172,21.85524480240772,50.58708030252896,141.93740328368796,91.350322981159,0.22454015335809466,37.58703005861962,0.5571849774334501,36.3603455529435,38.96691909551749,2.60657354257399,0.001985628929052848,7.092854562858402,1.9085182716268767,3.6974783730466605,12.357220509603716,8.659742136557055,-0.0012309321862459192,1,0,0,0
200.3551136775098,44.53360648591281,89.39048782390194,310.28450190790295,220.89401408400101,-0.6624211063512144,706.1298854600543,101.52128434666886,458.15942830788026,973.8551947181862,515.695766410306,-1.4453515825595042,94.66347889462017,20.89545150102858,51.60177058954709,140.4327986958225,88.83102810627541,0.1226679507848288,37.507610507050636,0.45539398740921533,36.53557609100359,38.463848803451164,1.9282727124475727,-0.005074493682037606,7.191962364844062,1.9028275380069355,3.042622301485732,12.028393085599134,8.985770784113402,-0.02931554170019136,1,0,0,0
187.62230299467285,61.03762200788516,50.5761227269918,346.9666366817856,296.3905139547938,0.7388295704729548,678.3341227506478,95.1843049809626,492.21993129428347,894.0943857364756,401.87445444219213,-0.2438545342489904,95.24611468712934,22.30900336047773,26.73777174929134,137.48713945522394,110.7493677059326,0.4831527311044705,37.5391352023013,0.49044350613115045,36.742987900193626,38.68273215828007,1.9397442580864421,-0.002826648112331498,7.260700106972451,2.0664556823403557,1.9542452056332316,12.026575412206489,10.072330206573257,-0.007043297600304197,1,0,0,0
210.7924929052926,49.67574994761458,102.71388157052684,341.85647303728047,239.14259146675363,0.4040330979099753,693.1932706825067,85.3238773004378,439.41394073730703,866.6315205024849,427.2175797651779,-1.30955426896567,100.22223578703313,21.49785504625321,53.57865249573837,153.61071618388922,100.03206368815086,0.008789715136068568,37.524020939010185,0.4863557544352191,36.48521449247713,38.756025890358586,2.2708113978814595,-0.0020452469754539708,6.8990130402273575,1.9271336886155892,3.034939317535131,11.958940503928746,8.924001186393614,0.010347973297487774,1,0,0,0
199.37083304037208,48.536087094534906,75.38004006643241,302.0027677583316,226.62272769189917,0.3687566274820081,694.9989814755493,96.06853545453446,483.9942703516355,939.1465078367901,455.15223748515456,0.6952061867345705,98.10584935136059,20.860383451481386,56.61798605393131,140.5241200852576,83.9061340313263,-0.1252350671013046,37.491973784740395,0.4490407879688801,36.31720062970699,38.525333489906274,2.208132860199285,0.004785621121369099,6.6929131195729825,1.7976446216017048,2.53465892741486,10.244460378761508,7.709801451346648,0.001562263868905416,1,0,0,0
200.4367145283892,47.20525239825944,104.427949204199,305.2432671928741,200.8153179886751,-0.519846662437963,700.4278567503554,82.08492930036654,506.0123823029504,870.2997406850097,364.2873583820593,0.48307280898606336,98.91643613180355,21.498697421360465,49.3366323918339,143.87700417864625,94.54037178681234,-0.05388463313684584,37.506004356255765,0.4705932612501332,36.40604725914753,38.52605609499199,2.120008835844466,-0.0007293073668024155,7.3319891613696075,2.24078499858958,3.1821713225147823,12.73180746434304,9.549636141828259,0.007142239791755313,1,0,0,0
190.30950786279664,47.97498985221291,64.79225710570176,317.4798536999475,252.68759659424575,0.11709572537840018,690.4382703352207,91.12342297258283,509.08753702149187,896.7628964370053,387.67535941551347,0.6574569178878117,98.21491294301309,18.905515781419616,62.18472116135534,140.70017441758665,78.51545325623131,-0.48609061504868656,37.41600466040829,0.5272880958048678,36.159229374426246,38.702036221103484,2.5428068466772373,0.007365164021402664,7.181369418120913,2.388502609845108,0.6147408424908232,11.026305166870479,10.411564324379656,0.024709310819063177,1,0,0,0
195.80966490117578,46.25270516701262,111.29758437327449,297.30731314442687,186.00972877115237,0.062239112643636046,694.4897579467902,74.11878977052538,514.8364590467197,840.4269045980582,325.59044555133846,-0.18231968015345132,103.18613189498782,21.948410772450007,56.31560947056744,158.50863822939291,102.19302875882548,-0.07872901898524032,37.47076843827749,0.43934301069439485,36.421186789314405,38.590306442690384,2.1691196533759793,0.004891297748925058,7.140501406455046,1.972363024930232,3.7436545172522258,10.80724473292699,7.063590215674763,0.0084036493171468,1,0,0,0
198.43451405445126,47.38340185573837,54.532229386910046,288.2090585828,233.67682919588998,0.5446415272088017,682.6564040073926,104.71585641669436,523.764307765857,989.1902281354248,465.42592036956785,-1.5038751843161506,101.93692644121967,15.819661100669174,57.41102970375777,132.65793022501543,75.24690052125766,-0.25891410835341255,37.46968284660527,0.49053701954953643,36.37464742505254,38.36233994079711,1.9876925157445768,0.008315770532616078,7.125863428029576,2.109783584522739,1.0413581552640885,10.975232610040612,9.933874454776523,-0.008572239438107278,1,0,0,0
192.87006759198644,50.419008028733224,76.45318184682779,300.0800189206864,223.62683707385864,-0.4710541472513296,709.1813738452314,80.59722424992576,514.6550873921727,905.4196630428145,390.76457565064175,0.1322999304685095,99.62991497790135,21.54679531349262,45.38417014982989,155.34969711803177,109.96552696820189,-0.09161523770836533,37.56481932312531,0.42486860810674476,36.85961849499134,38.536505206136574,1.6768867111452366,0.009381674726171718,6.856889669802057,2.3046417551782454,2.636962785521014,12.25359170372413,9.616628918203116,-0.010606461022455372,1,0,0,0
192.45173848057178,53.511559670969866,87.42779893000277,292.61339944980705,205.18560051980427,0.23619318957007202,698.9513658801978,105.80846336058926,448.6271310952501,938.5377702202588,489.91063912500874,1.0788268304836792,101.26781032551798,20.445201044802328,50.26833507946327,138.31860312170426,88.05026804224099,-0.2069306205840005,37.53379458007691,0.46126874308057547,36.38717950550231,38.58304524726538,2.195865741763072,0.006718459311368248,6.9033525224440915,2.473461121351418,2.291510388543382,12.727614666275302,10.436104277731921,0.030196434150763243,1,0,0,0
188.63149945876933,57.54711600602716,33.90975879099821,302.87459462254697,268.9648358315487,0.03233870253629328,704.8961664619471,95.49446589824508,476.10635467630334,946.7302508218479,470.62389614554456,0.28669380107804365,97.1994415299043,19.3110706931428,67.29328143690117,152.82879102243533,85.53550958553416,-7.261316110315499e-05,37.433415265089536,0.4368860542347461,36.60001902479113,38.39021380083974,1.790194776048608,-0.0036467674898683815,7.28168186856087,1.8575476681724827,3.4924130694683755,12.578359186236609,9.085946116768234,-0.019583710328368305,1,0,0,0
201.85678794133054,44.95402302578733,100.79813585025718,281.91707239859323,181.11893654833605,-0.09225669553998604,707.1906464257098,107.21140142137806,509.17912212775445,979.4800898353088,470.3009677075544,0.873190322349133,101.76129894285317,19.27993414773459,64.24670709133997,140.339727070479,76.09301997913903,-0.29240690729666385,37.4534921292899,0.5357713702086736,36.51556619532943,38.92403288846795,2.4084666931385215,0.004435916575687319,6.5020305444429285,2.2370024554394288,1.3344730266979399,14.088767786764993,12.754294760067054,0.0008822017874152641,1,0,0,0
188.71984133223228,46.9659600439786,82.00008533856393,300.5461789926956,218.54609365413168,0.01024362966392617,700.2805413795909,120.89728748741696,480.6181182152596,993.4906891734681,512.8725709582086,-2.022590012169447,100.69303176383231,24.895204328484404,45.77969237109418,151.30570587083486,105.52601349974069,-0.2514125077968053,37.469713385283384,0.46154621847959154,36.44636640203682,38.51226795161303,2.0659015495762105,0.004707808938372616,7.05635762204349,2.1116544063581024,1.4159113829111831,10.54129825696354,9.125386874052356,0.007967296517152113,1,0,0,0
195.1073918660256,55.48091159702794,28.33574246948328,331.4461215075269,303.1103790380437,-0.6348715021177354,730.5951009574457,99.4501296970331,466.36954622658754,977.3451303661534,510.97558413956585,0.3236711129712864,105.06037395147777,20.21261801738204,68.45689831559176,163.712435807206,95.25553749161423,0.03583653203991751,37.42072216779592,0.48799189863966996,36.213231054737754,38.6287832186666,2.4155521639288438,-0.003907857391959852,6.666366594362911,1.7877810222794568,2.7680644999873047,12.572645892172595,9.804581392185291,0.02967550866464216,1,0,0,0
192.8894913678913,48.34813985116592,71.3379011475877,289.37610413287155,218.03820298528385,-0.29696658523975517,693.9202522810713,99.18031763001288,494.37045777880394,904.9660639219034,410.5956061430994,0.0034344224133915865,102.3867057337803,19.01781576376724,42.91371589693619,136.37622710175447,93.46251120481827,-0.09448418720506445,37.5091502903917,0.4665102649030829,36.47041366008121,38.42734399858005,1.956930338498836,0.005344439415188559,7.62731011991987,1.7547309411046892,3.4727259048754293,11.863915429013716,8.391189524138287,0.02405059994311139,1,0,0,0
190.8801320515234,48.37358033568145,87.19292913593202,291.38460081379276,204.19167167786074,-0.056868658362706354,703.649370209407,96.70330516933693,518.6519523055986,884.1908571558783,365.5389048502798,2.3701237607472834,99.06949057722211,18.178943923024654,55.60349712120458,159.7740470007903,104.1705498795857,0.0475147193971258,37.34462412309254,0.5390291444493469,36.235976731834675,38.46989596686761,2.2339192350329355,-0.003967175295347716,6.651350454956771,2.1398854804795873,1.6825862987857478,10.660479269343444,8.977892970557697,-0.013842435713366442,1,0,0,0
192.35369649539567,45.94831594525464,90.44705416994184,272.147782666177,181.70072849623517,-0.5384485683512555,696.8078332225772,76.15529694193012,545.3846184232863,846.6144124505934,301.2297940273071,-0.06940652697791093,101.3592584369869,17.367284360371045,66.88360160828063,135.4703895730068,68.58678796472617,0.027184635039528005,37.3884707726982,0.553853535975985,35.82841083514345,38.24854169591986,2.4201308607764105,0.0025936112629947835,6.680101601665725,2.0689386553243834,2.5466230618127907,9.897647877766106,7.351024815953315,0.0290164991614573,1,0,0,0
194.8140765042442,51.026404417217954,67.53048928434126,334.62268259829244,267.09219331395116,0.24697974508995638,717.6867267976675,92.53465350191156,555.0318372132726,931.2392134153546,376.20737620208195,-0.43345937405108487,99.52955913692387,17.945356108799725,60.26620565213723,139.4096699208895,79.14346426875228,0.2241999678530864,37.566110911464264,0.5396800512702596,36.218303527844256,39.00336696473464,2.7850634368903826,-0.0017171238097604146,6.721103706007694,2.0602924405820113,2.6704505619159136,11.421476110161995,8.751025548246082,0.016912042588189274,1,0,0,0
201.26394043157418,48.76478681753871,69.39889490079693,315.93644140257004,246.5375465017731,0.5136004672772136,731.1287848539844,99.34684849949117,540.1162232889659,971.0270160901338,430.9107928011679,-0.7339954346129746,92.00144858966925,19.813577847749517,48.013441768717016,130.2076827986857,82.1942410299687,-0.19867763606879466,37.54547224794084,0.49041061752259135,35.890730721185186,38.34463981645346,2.4539090952682727,-0.004337099328606699,6.966521495714257,1.9593506242612397,2.8812535784772138,11.85078548825404,8.969531909776826,-0.007761226189894469,1,0,0,0
190.33938898076448,47.010650164789595,104.23364420127741,291.5660722114854,187.332428010208,0.09606892259785485,727.7297972249885,103.65829440308586,471.88205218346627,971.9342055558317,500.0521533723654,1.4749224948719708,99.57806597697339,18.083801658963022,50.69291627723693,137.4792890645407,86.78637278730376,0.333150745051348,37.52040505181547,0.3361999593782421,36.475113488426935,38.0394435461013,1.5643300576743684,0.0053127316339692905,6.7980137941030065,2.1167248338708866,2.072494108558831,11.130261328057834,9.057767219499002,0.06015624875366764,1,0,0,0
203.33245552719356,49.014964662890414,104.70853328828514,291.19134454097247,186.48281125268733,-0.6272466967398203,697.1770187006541,88.19514999813515,451.34385023223706,869.2291621319433,417.88531189970627,0.7245567580172475,100.10112360958152,20.58374355971706,47.28078598491195,135.8496820972759,88.56889611236394,-0.32049320527199526,37.47774916057309,0.4663495087041512,36.43277675326558,38.87088167375644,2.438104920490865,0.005240459915672803,7.100784105319255,2.176742450669944,1.2761099770318038,13.568079819163712,12.291969842131909,-0.011613491276197036,1,0,0,0
195.70487888417617,46.773327637755706,99.41435432352415,304.59033083083335,205.1759765073092,0.0053923265455414525,683.0957622733737,94.31534733571078,476.6712240683355,937.549279769892,460.8780557015565,1.7406060160572467,102.82913256467758,20.875256341990625,60.531407015054924,150.96025199181366,90.42884497675874,-0.07882891711742715,37.44000498208103,0.48551222592815374,36.10107782064636,38.23555967137476,2.134481850728399,0.0012741026053669812,6.973188669112486,2.020799393123042,2.9014124510951422,11.596454460659455,8.695042009564313,-0.014414527928916548,1,0,0,0
197.8413395857711,55.10565528789926,108.21842079012288,361.95304580976165,253.73462501963877,0.09399004746526995,698.5174254841681,100.00138945104179,471.52376486580886,916.0075903281755,444.48382546236667,-0.009767228812067989,103.37260724279075,18.41307075229047,61.64269239932233,141.35951088651248,79.71681848719015,0.16136117031654834,37.55447687730776,0.5559580746578947,36.60549768069312,38.914500003052886,2.309002322359767,-0.005909108327295234,7.38219633709026,2.0895489840690846,4.098600541331718,13.621126229017204,9.522525687685485,-0.009655505078134945,1,0,0,0
192.8697839308306,44.22089213266514,73.61812785687928,296.01343495957053,222.39530710269125,0.03349248895228768,697.9983478200243,97.05787966118584,465.8070212609014,923.2553672323205,457.4483459714191,1.2280153960980968,95.60738646770082,22.48941582218753,53.513578409629346,154.97680269450623,101.46322428487689,0.22763194212827678,37.407118446724354,0.48257762542647964,36.287562592583754,38.620750479726716,2.3331878871429623,-0.0020829124795453224,7.5951378223514014,2.0776076660338045,3.876996657879014,13.503188369580592,9.626191711701578,-0.0018584362190236761,1,0,0,0
199.55853747801277,49.38536887640848,86.42307394125059,307.5654543972308,221.14238045598017,-0.8897845041057323,709.2880480370295,108.37521177442142,458.5993600972574,959.0351106937428,500.43575059648543,0.9360479114225108,104.73789805854597,20.403265358486333,59.07342412615093,145.3973044292333,86.32388030308235,0.026766844358055097,37.45006535864236,0.5075819356689747,36.13346241118942,38.62922267627733,2.4957602650879096,0.0013260380149558563,7.46326766762484,2.10191018996517,2.5018904990875095,12.507483584370142,10.005593085282634,0.01595260674097957,1,0,0,0
210.4431320383729,43.117045813998885,106.77033029036575,282.83551513828775,176.065184847922,0.49756763203199167,700.3876658472644,85.77810578257879,536.2158539131357,871.4870706056574,335.27121669252176,-0.3250483017649963,98.73756344756312,21.201381881695653,58.85809648457826,145.27986480739492,86.42176832281666,0.05323605458512706,37.43178381395034,0.5033835956269649,36.08205186616378,38.257869288666505,2.1758174225027247,-0.0015091943815839911,6.713092007592748,1.9653701099127876,2.013881333632982,10.530572629468113,8.51669129583513,0.007683715236214863,1,0,0,0
186.6989440323488,52.47526018287488,42.37949823350641,306.34458065087597,263.96508241736956,0.48472811885439404,696.2825402363967,97.31172738282095,466.31479930247997,897.5060934116013,431.1912941091214,0.27904419275643166,100.05238611066513,21.810320113388716,59.57910928508067,170.508857925728,110.92974864064732,-0.45138108033364793,37.45569621598996,0.5354869854952821,36.51447690736201,38.82929141500106,2.314814507639049,0.0033405446081387915,7.052711222926877,1.653093541892434,4.019777853164335,10.436301142292844,6.416523289128509,-0.001874512575700956,1,0,0,0
208.4077540319872,46.601361846589604,111.94368422273732,313.50113241435844,201.55744819162112,-0.4078999660562113,699.7748179305901,110.75308370959932,440.5136697205403,920.327659128431,479.81398940789074,0.11486970650777747,101.8764408413645,21.85972934841099,48.58747151692853,140.32296639917485,91.73549488224631,-0.10049866482754954,37.44333947280373,0.40354821688211295,36.67932387031639,38.30114832528922,1.6218244549728311,-0.0009340153287029865,6.6276271585368844,1.846261457112892,1.515934261989642,9.906456312821327,8.390522050831684,-0.006442326997985631,1,0,0,0
207.35903935249706,44.93703772931781,117.05141506449375,328.71023334491167,211.6588182804179,0.18202543360183374,700.9961359127971,100.29968714712545,475.88513709844665,911.9479426900217,436.06280559157506,0.2785014589705769,105.20023684852944,19.985794206317017,71.82364650370046,159.0096987748828,87.18605227118233,0.39293056153199246,37.590847229634335,0.5274078147831924,36.15164493257945,38.6611032668633,2.509458334283849,0.00046823136722209794,7.555007429619945,2.0917113577848445,3.1885978808362916,12.904408723506037,9.715810842669747,-0.01547261537297971,1,0,0,0
202.8973886288171,46.22748418431938,115.71648517810928,282.13985013965254,166.42336496154326,-0.04324765140190602,699.9356014802102,87.70866819129512,483.8784196271872,952.9496982936082,469.071278666421,0.7335350823686833,100.64698904565688,22.28454171709893,50.3267251760155,149.7812780274267,99.45455285141121,0.14247318089111702,37.508331850311855,0.5533184154412358,36.29064800083712,38.7985476565275,2.507899655690373,0.012792600849010157,6.879432510473908,1.8357193984638864,0.29966437084210895,10.939875744447829,10.64021137360572,0.016467444414120132,1,0,0,0
201.41947295730768,47.5665837375457,86.40691607003681,294.2092314026708,207.802315332634,0.7731243919328572,703.9924587746917,104.07690957790513,510.89028310157505,970.6324061007178,459.7421229991428,1.0672190575750713,100.27269615717049,18.386636798004883,60.62475249388811,137.1163802463347,76.49162775244659,-0.04186483028945086,37.34365756739085,0.4135975309253048,36.62423859549915,38.243118097221114,1.6188795017219633,-0.0043882703428865895,6.837028709572625,2.1275953594639674,1.4968832215946835,11.980784173937,10.483900952342317,0.018833138543374088,1,0,0,0
195.70660372501396,46.42897390857887,93.5378368658548,329.95191443567353,236.41407756981874,0.49808277960714925,712.473859832754,114.89219206889034,445.5398628466751,1037.49734855644,591.957485709765,0.3809903571483661,105.57332583306209,14.902156547783019,68.83216213320793,145.15559164879625,76.32342951558832,0.01890142908906899,37.486579387791885,0.4916599679747287,36.26659158058694,38.55977563399855,2.2931840534116077,-7.61054097707086e-05,7.441587673013454,2.079517742348415,2.7110000930382716,11.749692224816803,9.038692131778532,-0.004651106346143185,1,0,0,0
198.12505417610745,57.59305653231541,75.37828772209562,378.0653877482732,302.68710002617763,-0.4860793265179309,703.178655761359,95.88008050591273,464.4129453142084,905.3490180110534,440.93607269684503,-0.1805875250496994,101.33133854187244,21.776863502716893,34.829485222333375,144.9479144965243,110.11842927419093,-0.19925098489655044,37.66912666399605,0.5571262106802433,36.11773400041143,39.087033243676935,2.969299243265503,-0.0005369847462535174,7.22917191732127,2.078456408428422,2.3193450096805615,12.050457259860105,9.731112250179542,0.03949004157961541,1,0,0,0
201.59251834012193,52.13360048952508,78.87597760163393,350.24205270799,271.3660751063561,0.39637865305278897,700.7977968545939,105.68613449446998,449.84859605210204,909.4588211441406,459.6102250920386,1.0553890418043836,103.42011431211506,18.253097718781667,40.7761738707715,141.68050182203058,100.90432795125908,-0.035092012507299895,37.44133948185899,0.5314796952723998,36.17750885748505,38.960917067775036,2.783408210289984,-7.561931926622709e-06,6.548477754487601,2.0368086051552066,1.64005492972308,11.182209482183085,9.542154552460005,-0.0051047149498283755,1,0,0,0
204.13407000567943,51.82245261122572,65.18567671633676,281.80472836289397,216.6190516465572,-0.07123758857300634,681.9242226400902,96.41406932742883,477.86164693974666,902.014206197126,424.1525592573793,-0.7569846739089264,107.19432492160021,20.497315848034095,72.07430059776883,163.33227642960827,91.25797583183945,-0.07857993275734648,37.59303591429533,0.5422079662812759,36.5395690507963,38.956906736922576,2.417337686126274,0.0021311123731929896,7.166041840072529,2.094546868864122,1.9250248995116195,11.524669320772187,9.599644421260567,0.021059749456507838,1,0,0,0
203.39633839296366,56.18238904831656,60.979228919965635,315.00631463104645,254.02708571108082,-0.16625244514515486,715.3986429129268,102.26598101372028,551.8451089241302,980.9992320100034,429.15412308587327,-0.7073400626347066,97.00011216036792,17.72442233423667,66.99716003320346,156.77910177345015,89.7819417402467,-0.005651740955787826,37.51990323761409,0.5173945695165946,36.31509543503158,38.57323020809345,2.258134773061869,0.0005358001190986396,6.916984233589114,2.1050989658709343,2.603603130360013,11.455048351352566,8.851445220992552,-0.013684662339254264,1,0,0,0
212.82046940238678,52.48171436686163,106.09424302923289,355.22543872257626,249.1311956933434,-0.17922037976249075,690.604121741914,92.17043456079169,456.56589248454304,884.0005765281842,427.43468404364114,0.05008622846023307,95.52019118066251,23.171786359397146,35.47308513110612,143.68534095177583,108.21225582066971,0.2336568731424482,37.533113004651135,0.4902930386847073,35.930916238809544,38.59119494195254,2.6602787031429926,-0.007199697481680096,7.074903478637644,1.9240081069607187,0.8616070008792711,10.283670938062375,9.422063937183104,-0.0014599136598902995,1,0,0,0
194.15736585540608,46.34001039537042,87.73719124054577,322.73896414999814,235.00177290945237,0.41366380266709346,699.6655535305275,95.75434631428102,469.2777188591398,906.9422125376852,437.66449367854545,-0.8036342863395247,97.17881816716962,19.119468682809494,49.13267356965597,133.9942834115592,84.86160984190323,0.2737371201328542,37.52492124999487,0.5031231735584117,36.56730247035762,38.709638037253555,2.1423355668959374,0.0030412944907658337,7.339519933439771,1.9190633953482579,3.6235927152057306,11.190105505604624,7.566512790398893,-0.0001885297090616502,1,0,0,0
195.60293523496983,57.48251838928462,40.61019677730283,341.99844814907544,301.38825137177264,0.8211244252773403,701.4753423090577,97.77669041228225,444.4382502064061,867.7459157666979,423.30766556029175,0.057223116727824604,100.59845748455848,23.325353547929453,55.77500623176822,144.1823802544142,88.40737402264598,0.4132246554535202,37.52570488715134,0.4203127359906024,36.51560552714196,38.57569977926568,2.0600942521237258,-0.006737573656436376,7.157512218311264,2.1310124590757047,0.8318585722962242,12.314238047171163,11.48237947487494,-0.016766320683803557,1,0,0,0
197.22287588553448,48.37113514274353,37.40821444196959,303.45355352648977,266.04533908452015,-0.8955212373697294,693.2870652834208,86.74791347943706,471.1663477289944,852.2564088408151,381.09006111182066,-0.7063092061972706,99.99757210357191,20.485076095174115,60.97391318048089,147.52034735540613,86.54643417492524,0.050605133565639435,37.544967257842806,0.5430917133913421,36.50922542080044,38.7033425362046,2.194117115404161,-0.0024057842954547356,7.315314944275588,2.206093413302612,1.388710409273763,11.697126426735728,10.308416017461965,-0.00030714158552797927,1,0,0,0
195.3195756787962,44.8076533799309,57.23680217651861,274.7200812526938,217.48327907617517,-0.2856916743748023,716.6657271959717,78.8030589127454,564.5125879724689,892.732480029291,328.2198920568221,0.7984703249906133,106.27968033883126,19.156845211701185,68.8814561913178,167.0063143179073,98.12485812658952,0.013884200073925176,37.416143057125026,0.4824211008330905,36.2371367973339,38.53476126032522,2.2976244629913154,-0.0017476430957522383,7.499194518506027,2.022645530803443,4.1169874458222395,13.751090702454004,9.634103256631764,0.022394892099689104,1,0,0,0
207.2137989453391,40.162130128676466,117.66747514798911,278.66021594586664,160.99274079787753,0.2684193150626058,682.0418699301559,103.8871984421004,460.86781762745545,934.0949173680231,473.2270997405676,-0.39064081619644453,104.39550493187632,22.99476237578829,53.60509644838057,142.85461112288408,89.2495146745035,-0.20451817388261323,37.51746156677753,0.48638223008081366,36.55485404540519,38.923793099748536,2.3689390543433433,0.0050240273674952655,6.7188213408584865,2.13664317891581,1.5899166622565284,10.577658610797373,8.987741948540844,-0.0060707813222029,1,0,0,0
201.936993417727,44.8226319153671,107.57452652538566,285.1105067327971,177.53598020741143,-0.41386010429496817,712.350619390625,107.3175877044611,522.2543058743995,956.139223221834,433.88491734743445,0.8314788157795674,98.74749457577114,18.52521814306084,47.539957367658516,142.4167733763423,94.87681600868378,0.04463557949209901,37.65660735703748,0.48808175830589734,36.13147722926558,38.516540720061336,2.3850634907957584,0.004194933301291592,7.023394604758561,1.7979554851024377,1.7946617981227453,11.065471859403427,9.270810061280681,0.014202547295142698,1,0,0,0
197.9771420069277,47.45573168293143,68.12049489634407,317.06790116596534,248.94740626962127,0.04572998565841555,694.0895513284947,114.32401788793534,419.7837505150604,958.0879708114837,538.3042202964234,1.0648714384473268,101.1259250754204,18.84097828061839,57.55621624128888,138.2644657307397,80.70824948945081,-0.10161142399924974,37.50040996505404,0.5113570005421907,36.19410155935245,38.89552668401993,2.7014251246674803,-0.004763991482227591,6.674725845260951,1.887504905087722,2.790763974543495,10.683173271962715,7.892409297419221,0.011247647730603182,1,0,0,0
195.8039815021233,58.5445110390754,92.7490898240863,317.25560495926476,224.50651513517846,-0.12378191516076985,703.233317020479,76.76541242738509,503.45271517269856,844.798495571882,341.3457803991834,0.3349351838224684,98.33234743135228,18.67801439052432,57.881598253388795,136.83822177490043,78.95662352151163,-0.0995405220056947,37.45647439120221,0.43748743675716156,36.534614438533666,38.88227451733235,2.3476600787986825,0.0006526372722535389,7.176779176233558,1.8064722250879928,3.133684767209357,11.063460057715965,7.9297752905066075,0.0035317743083046462,1,0,0,0
190.53610005893083,46.814224690738726,88.48581572375495,299.19881634702756,210.7130006232726,0.01410214806194361,682.4324846944924,119.27333503990752,403.1428803014957,936.9009243564767,533.7580440549809,-0.02405272613581366,103.68520525020158,15.86270384307295,63.09664569737039,145.23231509955858,82.13566940218819,-0.27863113262360867,37.43518088753235,0.5819432949088937,36.228697021805495,38.72876156659987,2.500064544794377,-0.007079211530072385,7.305065409108823,1.7466991568464425,3.519164484705868,10.72160090167662,7.202436416970752,-0.011236991501213902,1,0,0,0
196.91466610737737,50.55431620612248,100.61620673991351,388.6461033592883,288.02989661937477,-0.297768941945305,705.6098501399683,99.60237467241305,403.5574304740722,877.5262678271306,473.9688373530584,0.3469569317134107,99.47374974963915,20.19940016421717,61.73556432385614,139.37185310368096,77.63628877982482,0.003879650045796574,37.32551745230965,0.5119798220419972,36.23373167051976,38.520057018201975,2.286325347682215,0.006481300318167733,6.943566913552702,1.9639311539677724,2.9363782952235553,11.643561541194343,8.707183245970787,-0.014834183634803186,1,0,0,0
193.3033475000274,43.923430037068776,103.0906924831676,278.95979600049384,175.86910351732624,-1.1180059532906483,705.9051728514402,102.15667163300738,506.3955196119195,904.8326014228976,398.4370818109781,-1.5641289687870596,102.80398706224395,19.591550184587426,65.16693601767469,144.3762262719429,79.20929025426821,0.12364665924772499,37.35953878928738,0.5754527513444276,36.131736559615135,38.34729114850037,2.215554588885233,-0.0003748782448481237,6.861708054253699,2.1360341945902572,3.345889019173005,11.522545605617555,8.176656586444551,-0.010408741160565825,1,0,0,0
195.10913118881635,51.106394585235314,96.53776591244916,315.538730883982,219.00096497153282,0.5321585746230426,701.8515199165086,100.27707722041005,497.35047941290884,923.7639992837742,426.41351987086534,1.3476304740324911,100.0302811638334,18.93478492339029,56.13223680133578,138.45022258315728,82.3179857818215,0.311808797801225,37.49128604570944,0.519687924845347,35.9252778345335,38.38710158466195,2.4618237501284455,-0.009823509111830409,6.613625289953201,1.9728174697728653,1.1261240121799672,10.5513693738087,9.425245361628733,-0.008652595002064667,1,0,0,0
204.2335601560874,56.85811088601207,76.51597578898057,333.77497478974635,257.2589990007658,0.6049471252260505,684.6965277456279,97.41562880636997,448.7384133444585,927.0957069472375,478.35729360277907,-0.7833745284541463,97.05297428642449,17.303933846576435,41.16463635564563,131.72964694040212,90.5650105847565,-0.028259630165003945,37.49367127316335,0.44953336885258455,36.710197486489456,38.60240384871496,1.892206362225501,-0.0011809982507775315,6.629400047245975,1.9999200657363676,0.9256393894097599,11.910374761284686,10.984735371874926,-0.01558445834875086,1,0,0,0
204.63518922949916,44.456519312742465,82.79036598228461,284.05755081763584,201.26718483535123,-0.4191014579405933,706.2946234588037,93.2649711360704,454.22709217230647,885.7336540774555,431.50656190514906,1.2565674203295147,102.443369769435,21.501876533343285,51.57166080475456,141.02654962684124,89.45488882208669,-0.1783513979511499,37.50576055909259,0.525104027183215,36.20467826920006,38.48590221375138,2.2812239445513214,-0.001589329634899574,6.716197546872275,2.309126485582333,1.7506046051076343,11.360457838146072,9.609853233038438,0.028698285232518456,1,0,0,0
204.86826694610474,50.54625297003722,114.16538176552133,318.58589687437825,204.42051510885693,0.17712747891296154,692.0255326468973,102.90389938907299,428.4736662490684,870.8091691397703,442.33550289070195,-0.776246641370979,101.36828246063506,18.409536898824953,61.887677374355775,152.1867574208615,90.29908004650574,0.13381684345283065,37.51737324315874,0.522288886663266,36.67921513009405,38.80166179136007,2.122446661266018,0.0010299117012624883,6.870722251417887,2.055787900411688,1.911288101520773,12.067751866498874,10.1564637649781,-0.012930201407620141,1,0,0,0
199.67443360763798,54.36151004178955,67.68746161040036,344.01962969193244,276.3321680815321,-0.33113153730684985,699.1678120012562,114.62695054228378,442.6086140654163,973.0929005713809,530.4842865059646,1.4640082296832873,98.44936282322931,19.126351029277487,62.055613054190374,148.84385408384713,86.78824102965676,0.394294588646256,37.50087406930167,0.412508206359575,36.48909646752899,38.52387868225887,2.03478221472988,-0.003879708809932208,6.755943148712508,1.9043657410874886,1.2154686875239191,11.624283839347523,10.408815151823603,-0.020977952066879194,1,0,0,0
197.81576296171096,47.47393777332051,73.7923427589745,295.13402802885105,221.34168526987656,-0.21386010086496032,710.3253033906163,101.17636040601617,479.62719256910265,924.5776490171579,444.95045644805526,-1.023745534633094,101.84405237424198,19.075622817232727,58.210142129960204,152.88677534617688,94.67663321621667,-0.07670994038047328,37.573530523622225,0.6107446037531443,36.18056819593619,38.964729150071655,2.7841609541354657,0.0006296485839438218,6.73450040081514,1.5433335310338405,3.119221540908532,10.347610920710018,7.228389379801486,0.019630221918266844,1,0,0,0
198.62637904428368,58.85222735670468,21.830145484668577,313.54336833386276,291.71322284919415,0.24387910027198512,694.9161593472007,87.83491707031959,506.2023557091458,866.9233743254723,360.7210186163265,1.2077004740703596,96.67912459670102,19.62016795956946,50.4769862724945,140.91742721311766,90.44044094062316,-0.020413201400846643,37.50328904533157,0.5343589848342313,36.51592244158623,38.84378504456571,2.3278626029794864,0.0005514481498183709,7.137423575924313,1.894338180619912,3.1787014944733305,11.54444414255675,8.36574264808342,-0.0032654420386719163,1,0,0,0
207.09933827370006,45.31224557832459,91.11474691316401,297.10007722070526,205.98533030754123,0.7077135747098321,674.4534644645269,103.48823850318567,382.89593244162154,899.9630781249706,517.067145683349,-1.3007404969314977,98.59089198569325,18.436165905284764,57.7410501903333,138.44288476829868,80.70183457796539,-0.2465879697100945,37.41428582723859,0.5226184989883376,36.059173219398254,38.54926194457608,2.490088725177827,-0.00020367196361181116,6.7896996625573,1.9192584100363814,0.898562494691407,12.092701306543635,11.194138811852227,-0.011344846413313753,1,0,0,0
214.91298669611606,48.24608374172286,125.94253326123894,359.49048118239216,233.54794792115322,-0.26958484347870487,723.0418338113506,113.21438121256229,506.7248517725441,1009.7285213699904,503.0036695974463,0.423400372038976,99.55927833886973,16.951508939905914,59.04517155080475,136.74512106284362,77.69994951203887,-8.884217160146977e-05,37.4239477896071,0.4113828182396423,36.49040248402047,38.29373879701759,1.8033363129971178,-0.0021672570212149206,6.898756701196036,2.1654308377831084,1.4946541756835412,11.517471094198164,10.022816918514623,0.022833558671877238,1,0,0,0
198.05356600986173,43.65624877798006,102.14293279508796,272.6481259318059,170.50519313671793,-0.23495706531286617,697.4472846756232,88.98013470734864,506.1302922638309,893.6013472293339,387.471054965503,-0.577149464659766,103.51796015313359,21.679700558141594,69.07528491586646,159.10553913960163,90.03025422373517,-0.26816472405011277,37.48972338146777,0.47274705378390697,36.53501713852778,38.4277019953837,1.8926848568559222,-0.002237997830143168,6.951345856319862,2.099183180826083,1.2347396288214316,10.488203485862089,9.253463857040657,0.026724347680552752,1,0,0,0
197.50497444108225,44.35236451566567,98.91729034409617,319.553873943009,220.63658359891286,0.3704329692883047,693.8080636761073,105.61732923283996,403.79162252380263,915.2950295865654,511.5034070627628,0.6972457285176753,102.40800414294439,17.646667023713086,60.95719630106443,145.00275969616843,84.045563395104,0.1135881120778793,37.43875299593235,0.5139451215646489,36.158789225253095,38.50924590636111,2.350456681108014,0.005487512450079251,7.237757610065391,2.326719889500823,1.3458700794631362,10.98820073102846,9.642330651565324,-0.028350453043306058,1,0,0,0
191.33474344101083,46.61122529602916,97.16772249511945,308.34188413171756,211.17416163659811,0.10751112824109317,720.16120993783,104.99878044535129,456.76039756882346,965.9944788625926,509.2340812937691,2.5002960205022475,97.25362681608294,17.608893639327174,51.16814293323307,131.31227626042977,80.1441333271967,-0.1361973672398615,37.507261446559106,0.49099483428547425,36.20792050760055,38.89164040925667,2.6837199016561186,-0.007698418342068336,6.93355690298731,1.8299123544036335,2.821530721983658,11.407317774298242,8.585787052314584,-0.027319748529503342,1,0,0,0
198.33464769245842,50.07530592060279,78.63645803085129,297.7743114089932,219.1378533781419,-0.09906687723734764,704.7954174824058,90.25857348152397,480.7407464200038,875.2389319680153,394.4981855480115,0.6258610879380819,99.98013746373267,20.094515060506986,59.455984516026206,131.38065859089122,71.92467407486501,-0.24198413149250872,37.516294284183914,0.4959077461600615,36.502408650614996,38.46119590124129,1.958787250626294,0.0029476291999315004,7.44256373236313,2.022009662442068,3.240395188541045,11.337135150091346,8.0967399615503,-0.009581547844787817,1,0,0,0
210.6430242411856,50.20495642443413,106.82859323890314,304.3946323959824,197.56603915707927,0.3585492454670188,701.650969071213,108.27281932680431,429.9475581102786,954.2253592109887,524.2778011007101,-0.6920874783248612,99.32432202294433,20.426175133828878,64.15125933795798,156.83799589607204,92.68673655811406,0.05228910937586713,37.45469624263718,0.4753027145210388,36.573887075180586,38.58293645132464,2.0090493761440555,9.571534017263866e-05,6.259536873366314,1.7347822843672345,2.0867855005469993,9.78423587109843,7.69745037055143,-0.0019263194067494368,1,0,0,0
193.08918253303432,42.93961160389245,57.133971788155804,265.39694697393526,208.26297518577945,0.5304451031376671,701.4224461789449,106.63209818725132,401.11539665999703,921.9708059968011,520.8554093368041,0.7946061933678152,99.22601871921933,18.613919698740354,58.807702911648036,138.35885757092538,79.55115465927734,0.18900049235806787,37.41989122248261,0.48439235307921,36.324407561560015,38.419721899695695,2.0953143381356796,0.005866222572676698,6.683375195059573,2.0014650863390577,2.7910743741187822,12.04936359325841,9.258289219139629,-0.004619576457997712,1,0,0,0
197.6230476622819,50.635412202493875,86.6547492738694,310.1369107720892,223.4821614982198,-0.1837955029717023,717.5924963705863,110.54281559537792,424.8055632111833,955.4179293243285,530.6123661131452,0.41909714868133435,97.35568114389616,19.507895689016753,44.033634400532236,140.46660552122862,96.43297112069638,-0.5335184100055406,37.483324881789834,0.4303977026087385,36.26725295348606,38.18269107770916,1.9154381242231011,0.00709699129741938,7.057565945849097,2.0359668487234686,3.8805420291998574,13.106598902418018,9.22605687321816,-0.0038023236090731307,1,0,0,0
202.90163663859002,57.188852219588966,101.18651278162297,346.09938603733144,244.91287325570846,0.07654195037766266,706.4424581099901,106.24628909135318,474.96264233444754,940.1588730470239,465.1962307125764,-0.6003924516784638,98.34725595156466,19.874414210522794,53.285325228185584,139.045899282255,85.76057405406941,0.22804334105288732,37.55011425903547,0.5123524726605276,36.09105058084703,38.422820650519114,2.331770069672082,-0.0023428368751794086,7.070078109623844,2.1505125057254153,1.6234078943622956,11.239392163925912,9.615984269563615,-0.006940189147096603,1,0,0,0
212.20737978949296,63.07014129345351,67.78061885618973,357.07318688355747,289.29256802736774,0.24564561314029137,691.713438074796,81.24306536824193,498.73709309465164,864.5647605774752,365.8276674828236,-0.4775149432660492,99.84117994938508,20.99332340910072,45.621612475649115,135.2493758167742,89.62776334112509,-0.14446243967705688,37.506605802548336,0.5282264054953055,36.18192860507843,38.70740486522089,2.5254762601424545,0.014827244129730275,6.7770924154114836,1.9593392214186713,2.995028973452966,11.66113479949307,8.666105826040104,0.010085085719614653,1,0,0,0
211.81720333213093,50.42761775952988,102.19123272412732,343.00423675775227,240.81300403362496,-0.08266946748639865,689.5634835269527,83.10440543444126,536.6034801489288,848.3732725972166,311.7697924482877,-0.9076312469804741,99.49870553370776,22.073740105354766,43.40492701219506,153.5835748107163,110.17864779852124,0.20632558409807356,37.4336820180423,0.443197240694181,36.60886356336568,38.29867438539822,1.6898108220325412,-0.0012214492842622655,6.8000523779153355,1.9567671482252254,2.5737581936370617,11.537605831351051,8.96384763771399,-0.024768162559112784,1,0,0,0
206.7557360778588,52.0590827696975,98.0565468211132,301.13587526991984,203.07932844880662,-0.1959714244935265,688.9652272691048,107.9199535214592,488.66370941641867,1010.265709819065,521.6020004026464,-0.5963572780153333,100.29260005629831,20.08394801796266,57.08460271219706,146.20994923611778,89.12534652392071,-0.035114954722639695,37.29501842685557,0.5463810945112358,36.17037231638568,38.2478326915162,2.0774603751305207,-0.0022698485085511813,6.89086714137719,1.949616566195506,3.1427494462446584,10.901535073946404,7.758785627701745,0.023186523537167443,1,0,0,0
204.53406921535148,47.75285784581088,78.14407341537265,315.87851277747404,237.7344393621014,0.8675213058686199,713.132595405269,100.52124545153546,548.8492134456517,902.4741314064281,353.62491796077643,-0.06230938308529168,103.23368807648335,18.219220223382738,68.8842812550892,135.03592193076767,66.15164067567846,-0.3036366127236028,37.32010852752906,0.5073244100935809,35.935002196684906,38.284938826021154,2.3499366293362485,0.0007136363922258707,7.578602213878852,1.8803825370350271,2.657208891552603,11.280133724942878,8.622924833390275,0.020153033112869388,1,0,0,0
197.94470319739747,39.283450716130446,82.89096063021968,286.8949106146136,204.0039499843939,0.3788347806038281,693.3755341232323,102.69190240514607,453.6488627727206,929.4806404328087,475.83177766008816,0.2840168421324615,100.02000467963299,19.528178751941578,59.696937197990664,139.59721038526772,79.90027318727705,0.11680876688900936,37.59147555404747,0.5568616020510663,36.484731727189356,38.71246026427132,2.2277285370819655,0.01371593299949282,6.766517595204203,1.892911488933038,2.321397447468655,12.206913168108741,9.885515720640086,0.029378771590507755,1,0,0,0
205.3900488678906,54.38290651771549,91.03336285786085,317.5992384091743,226.56587555131344,0.33731721038099155,678.0079108765207,111.52809298094898,433.12845056701195,913.2327292623381,480.1042786953262,-1.4933328536175783,100.55454336994667,17.019926735061958,57.84968199424925,131.3486495871643,73.49896759291504,-0.19224259576006297,37.630332356477254,0.4659736831250966,36.75350278402159,38.70392215229364,1.9504193682720512,-0.0017784401603411918,6.445805813415412,2.1669973562867284,1.2944830952550808,10.114053773944573,8.819570678689491,0.00962278691797756,1,0,0,0
191.2540393827001,58.785649776686775,56.38183475905623,307.88338111733856,251.50154635828233,-0.2961276555246651,690.1207667901066,100.95276453832253,435.4633116397135,903.0190949039588,467.55578326424535,-0.7598126214453395,99.27365905819151,22.268021562071027,39.72122363653139,146.7091709464434,106.98794730991202,-0.30112141722806424,37.63053407138431,0.47048575736273857,36.77000295887968,39.17313069130054,2.403127732420863,0.006139154027963458,7.089240051749398,1.4432934667973998,4.480047193587115,11.039204744688796,6.559157551101681,0.011456369176265786,1,0,0,0
201.12875993898498,44.1041622292436,120.98235635444097,291.2788719103518,170.29651555591084,0.26985112698970143,690.2865018881092,115.49744372796602,503.22011820671094,967.4276011646225,464.20748295791157,0.9585882589706848,99.11451923336564,21.16105939386921,31.960208541471033,153.60678162896895,121.64657308749791,0.10614545210294067,37.54577830438304,0.5585733424702443,36.07263024435164,38.70607647467963,2.6334462303279835,0.003226571768848342,7.382678576030031,2.141431463913207,2.977921171087531,12.971879458925269,9.993958287837739,-0.01655834308467777,1,0,0,0
192.45010486235202,50.112099277201956,57.98047260557212,312.69551937839356,254.71504677282144,-0.4225270854163486,688.1449245598368,88.99427977578632,464.5095245927999,865.031021152358,400.5214965595581,0.25022182747189275,103.60209838233732,17.548954779883324,67.49966543271043,138.61786772197053,71.1182022892601,-0.057035147460897204,37.5377559245092,0.48981849031104713,36.621538126351176,38.73817137941974,2.1166332530685636,-0.013069058129384577,6.853963037135099,2.122304465164367,2.8602566766636865,11.555580837868472,8.695324161204786,0.04521817756238602,1,0,0,0
188.35170480164427,48.49887694698381,90.86399237123857,298.86162070504884,207.99762833381027,-0.2534478193179341,700.2055431335742,101.55825159906723,513.3681266834685,905.4242704321409,392.0561437486724,1.079744265285468,101.0259318302141,19.181768744564277,48.287752972671825,142.71182929539498,94.42407632272315,-0.07296883271340679,37.53175447307728,0.4204403321491709,36.5372937514222,38.34494603130075,1.8076522798785533,-0.0006920653725959244,6.921882100063782,1.9856125689701494,2.3815828642457344,12.232880064581519,9.851297200335784,0.007093970408427899,1,0,0,0
195.24951558032404,53.32095879961731,49.94741354729922,327.23081036847685,277.28339682117763,-0.11674913524345917,692.9754256562799,106.22975766373554,455.24200080592556,881.6091226241927,426.3671218182671,-0.7204944204797467,103.36342967774503,18.6594217445646,68.32078440431594,145.6644424305354,77.34365802621944,0.07298605470240604,37.40014964112417,0.48055535260411697,36.25335048710601,38.50569515052319,2.252344663417176,-0.0007533819884780867,6.823967437975066,2.0333841881378985,2.2648623160693973,11.484520457657979,9.219658141588582,-0.007184792807221239,1,0,0,0
202.44033196880773,48.631009127233625,123.28814605706906,305.8866630991768,182.59851704210774,-0.45706816798617134,683.7532806966526,105.3497502559294,470.7835465759995,930.8489771813918,460.0654306053923,-2.2852162628776087,94.4284586961915,18.64047081650952,56.89711231378742,132.0608867109816,75.16377439719419,-0.2856502244498826,37.57907032650649,0.4929006618292047,36.46691132363301,38.42187190396386,1.954960580330848,-0.010814946738150649,7.11976239560739,1.589724433985618,2.5943475977491914,10.206940498427542,7.612592900678351,0.009794871500155103,1,0,0,0
205.1226446722655,50.17999621158289,82.86562151778887,300.4231313800266,217.5575098622377,0.1098672246310369,713.9416622433423,114.47650858194277,463.48288566785106,978.0679055026352,514.5850198347841,1.405551370870524,104.51260476641983,20.087864263928495,48.60018555740005,155.25289113292854,106.65270557552849,-0.1128386833217958,37.43917400225221,0.5458732384248258,35.909073265057984,39.00101295869161,3.091939693633627,0.007467282590740619,6.971878760728843,1.9394129968069702,3.2328451798869087,11.85005150266308,8.617206322776171,0.01983945884856246,1,0,0,0
203.24782810953388,48.272013074896485,109.03559061318349,322.37061387744495,213.33502326426145,0.8036029841433971,694.2978822722679,90.94629477895013,515.2986405962906,902.2483241301409,386.94968353385025,-1.3343652069220868,101.28164719715289,18.151281792416206,61.793018251635445,137.8069520691243,76.01393381748885,-0.24223516238978843,37.63436859379394,0.4750132119214153,36.578629213763925,38.4591247641843,1.8804955504203775,0.0001972786510633156,6.848649414182005,1.6502784371405474,3.498477431066759,10.726837737289728,7.228360306222969,-0.01679645412314886,1,0,0,0
191.8426441678725,53.36506448810017,79.92421155605535,283.51511811883995,203.5909065627846,-1.0794595562590228,693.7232659669753,99.58499109931657,524.0837114258948,896.3607473206396,372.2770358947448,1.2670087867268733,100.53915455858723,20.77806329384219,56.18708689997318,160.41520197626895,104.22811507629577,0.18274995558959387,37.506414373104946,0.5077276542232506,36.26219755636563,38.59271935431008,2.3305217979444492,0.008805641026595206,6.5849678238378075,2.4308626225393093,1.7635407270919954,13.847248943896673,12.083708216804677,0.009771686285691064,1,0,0,0
210.17901818948368,45.04728320687072,111.80513066421084,339.0067462778759,227.20161561366507,0.4113389671986098,694.3861917687774,101.03488664143889,467.41031587764576,896.14697449704,428.73665861939423,-2.600147972044954,101.24061149956698,16.92676846594619,57.645690476795394,149.16389301505075,91.51820253825535,-0.14564951265235804,37.48796090831227,0.3675332090639855,36.64879132933888,38.14396974967312,1.4951784203342413,-0.0037176931734881212,6.459170114381268,1.96660261249186,1.4065227428155884,10.20895070057392,8.802427957758333,0.02057608045472947,1,0,0,0
196.01019984482494,44.75683900691205,73.24563174621628,271.13489500109097,197.8892632548747,-1.1941479322935844,729.4864090467926,99.45524632729294,443.1789317319582,947.8792433812423,504.7003116492841,0.3055687567003237,99.45700300443217,23.66244035249284,33.02355566086506,151.85386855209072,118.83031289122566,-0.08818843189861737,37.51188619673049,0.5496687657982142,36.44793429842576,38.76683684420336,2.318902545777604,-0.006449831028893065,6.950782249249743,1.7114371910700623,2.3425391254772343,10.308469238031694,7.96593011255446,0.000305470282756828,1,0,0,0
201.47614434959843,45.78309944406927,7.388775346850423,287.73263840760177,280.34386306075135,0.5398960659514528,696.918619104056,96.60967466803561,469.1822514418227,916.1193046377105,446.93705319588776,-0.741912368177094,99.73287872649975,20.860562902227933,42.853569654116434,143.40049090831735,100.54692125420092,-0.06828257839011466,37.433251654653766,0.49818481340096704,36.37655968297182,38.54300153061268,2.1664418476408542,-0.010579728646689006,6.780398165261911,1.9157304842177496,2.8579853716644887,11.348975510066882,8.490990138402394,-0.019997281585598912,1,0,0,0
200.43296790963836,47.76581446173951,113.24988533714117,301.5061924417589,188.25630710461775,0.8041256644070702,682.9854644713431,100.76368068719994,480.4764004944513,901.4852447249098,421.00884423045846,-0.8770917748609842,103.85550106292432,19.465516208782088,61.034629070066465,141.25619310335887,80.2215640332924,0.0951507089178172,37.516853736680986,0.5219984969563395,36.467317551103754,38.65562768846173,2.1883101373579734,-0.0062602782683452846,7.105752017287699,2.0173142147167704,4.016805931859642,12.565445440160751,8.54863950830111,-0.005416719533703626,1,0,0,0
187.7651768304236,51.54772715834841,67.8832634612915,320.03801891192074,252.15475545062924,0.1573162723865006,708.2522365366842,101.52636607834484,483.9084220112253,914.1913022124274,430.28288020120215,-0.26670674783485,100.8447990548962,19.121033371306783,54.09686034093081,145.4540265321629,91.3571661912321,-0.16778958052639412,37.690506903165065,0.46054795275065896,36.8437584482848,38.76624309823104,1.9224846499462345,0.0010370733353931962,6.796159362291887,2.322608383394848,2.2339751324123194,12.660079316518287,10.426104184105967,-0.021647032667107307,1,0,0,0
205.8285167512145,53.989975994002975,103.21246318322632,316.57827240576273,213.36580922253643,-0.09754063952320378,694.1233630040776,107.0800536601234,504.1499841511571,941.60270571983,437.4527215686729,-0.4666599902293225,95.54920520430585,20.007887782156303,58.65517107567857,136.52967914613032,77.87450807045175,-0.25657191981543964,37.56716633390159,0.527931646386393,36.591270329694034,38.881115535156056,2.289845205462022,0.0025517362042612856,7.465321145973275,2.4772162506075257,0.20235073169317275,12.591781320474674,12.3894305887815,-0.030536059422874684,1,0,0,0
206.58735257179274,62.54802422121888,65.01875457003453,336.25359438855554,271.234839818521,0.719674686945064,711.4685630970735,102.0555176931357,492.7176082921924,1029.212667049097,536.4950587569047,0.13289246271012273,97.25719366524513,21.50662927889027,47.986592926623345,141.60071607652,93.61412314989666,0.2419826998478447,37.409175563770724,0.44247761113318945,36.28105422397013,39.1467597288635,2.86570550489337,-0.0015911470322761368,6.7644012381821,2.3024901023962867,1.8912275962987932,11.058536165065828,9.167308568767034,-0.014830675237308008,1,0,0,0
199.70650062077152,49.434684084429556,68.7293950628042,303.64516457280973,234.91576951000553,-0.04792335278769667,707.9809357335672,96.76289820967638,514.6840049577723,924.3143244133777,409.63031945560533,0.7522319184726687,104.90546337594508,22.24748212603196,48.35987732074198,144.30982334013112,95.94994601938913,-0.12546531310393896,37.42361794363187,0.46652693212696966,36.617324034114624,38.577580157905004,1.96025612379038,2.8824308922459618e-05,6.994598490787548,1.9533408953222375,0.21268904205371264,10.829901297158973,10.61721225510526,-0.008110906873267756,1,0,0,0
195.3434895009571,50.01724389980848,37.785070213374325,324.1717329903104,286.3866627769361,-0.02704679980450904,700.5425588116204,103.92897308639188,424.19116971656473,900.5013386372102,476.3101689206455,-1.902266014078633,100.76352797990465,17.586310524532465,62.493361211707004,137.31186536988028,74.81850415817328,0.005507594535985149,37.5736813573976,0.5829763691861956,36.309793072335395,38.73129565401848,2.421502581683086,0.001544796651662396,7.150727800214637,2.0226528091505735,-0.42517081215336994,11.098841728420284,11.524012540573654,-0.017863983743345163,1,0,0,0
199.48397349803017,41.790343556767,93.48017608705908,283.09937334482356,189.61919725776448,-0.29091637389469044,716.3791679164876,133.31269416001734,402.64404631556005,1100.6477903474668,698.0037440319068,1.0334664943015162,99.52693158293948,15.665776560041538,62.73479626826249,130.09541437964748,67.36061811138498,-0.14177925391981222,37.5252501029865,0.47113755365502613,36.322025281762755,39.06960087492547,2.747575593162715,-0.006041036187093363,6.928562956190079,2.0736258337498628,3.3585066471420046,12.394980184367352,9.036473537225348,0.014316057361445532,1,0,0,0
200.2853808040961,45.54951044421334,94.06165943608012,340.95063973754566,246.88898030146555,-0.10748793749719641,689.1294554872322,84.4508781699225,526.1794948027623,864.6808665791756,338.5013717764133,-0.5218583226639146,104.75942332818693,20.183781877833255,64.41138880830746,153.06436277700442,88.65297396869695,-0.26711977500697165,37.46744670148643,0.526602200808941,36.357647358362,38.61054777789258,2.252900419530576,0.004804012774606113,7.150535608129701,1.871584048266645,2.513358771261262,12.04091211383897,9.527553342577708,0.01217312075858672,1,0,0,0
196.45403732662012,48.25143350690362,118.54882241204898,314.31699831181186,195.76817589976287,0.4641786763171765,706.2320132954195,95.20657698150008,535.0605477710858,915.2242599306816,380.1637121595958,-0.8253441465147595,94.24203756206116,19.986636454054246,26.36460913490248,126.79164604917683,100.42703691427435,0.36652733602135584,37.56724345796937,0.4390189555680441,36.59739994220408,38.58460254523783,1.9872026030337508,-0.0018007678499909051,6.998200379910944,2.0210441908422756,3.2427390473308977,11.566797946212315,8.324058898881418,-0.045996425479243826,1,0,0,0
202.6677885342284,51.70021430737054,102.0553312424467,341.702410443713,239.6470792012663,0.1296133581623036,698.3402947001991,101.35870658031452,472.643363079931,888.7760149088809,416.1326518289499,-0.47995911537994723,100.21984485514204,15.574800917421921,67.01252488033242,145.57139798229642,78.558873101964,-0.10590695934304295,37.61622875549533,0.4933200440176121,36.514238583795255,39.03519650954047,2.520957925745215,0.001413820827829313,6.533342623787682,2.00565142109943,2.456112903191843,10.448957721762365,7.992844818570522,0.026635850074718147,1,0,0,0
190.9220887524192,55.25200626816415,95.98836806637006,304.3765606887177,208.38819262234762,-1.3290192662542624,693.7547789949392,107.73608752795545,456.3991356184505,997.7492152847018,541.3500796662513,1.1615280242520887,101.11409827092776,17.330309943918802,70.25272641861002,150.8423149721294,80.58958855351938,-0.17166584403131233,37.5347064168499,0.418414265523582,36.456160324115956,38.49813769188243,2.0419773677664708,0.004506453923513491,6.964524857287,1.9475200123728602,2.573858589579337,10.921818395115867,8.34795980553653,0.010677547232221057,1,0,0,0
207.08877462571144,54.070857052285334,89.21181118112098,305.7007952508293,216.4889840697083,-0.019716055644769998,702.0776418388176,106.56997931631338,463.8280886984071,900.8161028461365,436.98801414772936,-0.546040920002082,104.09616461241974,19.639744038163073,67.42605113589788,145.03143963176984,77.60538849587196,-0.13551318040220786,37.40962711961861,0.3754847660927169,36.47253004899713,38.16922889117788,1.6966988421807514,-0.004547916601430589,7.453434719448605,2.333372327942971,2.5210464667130967,14.837747491695689,12.316701024982592,0.04771310695034962,1,0,0,0
194.60920868901619,49.97034776568749,31.161977537658487,315.07878381084174,283.9168062731833,0.34931030421387027,702.6085589598163,97.08577844567097,490.5797585619742,906.9245130714902,416.344754509516,0.5087804423208355,98.35487513170978,20.08356553223536,52.27468450971203,159.3757675172418,107.10108300752977,-0.05410146677411277,37.642263208491016,0.501266259326996,36.54102874304296,38.77686274607493,2.235834003031975,-0.006388931043928856,7.399195310360092,1.7316127243036312,2.430257102582396,10.961993635137807,8.53173653255541,-0.010610063698680856,1,0,0,0
200.6084530167981,52.520687900499624,86.06106893842447,286.91773604979903,200.85666711137458,0.2570335823416532,683.7055383427155,84.43878650200824,496.51583053867375,836.791005420643,340.2751748819693,0.282417977258347,99.47340464235933,21.468125794423493,44.8712109636626,154.63237364744828,109.76116268378567,0.22696597059814116,37.46866762035836,0.510080295580238,36.367015310801705,38.73036226920455,2.3633469584028433,0.0005876711821330589,7.0924109421606065,2.0326803202221253,3.151133708378406,11.724866631121351,8.573732922742945,0.0153200026858864,1,0,0,0
202.46505370341555,50.835078671592235,89.43535955818294,303.1351756281032,213.69981606992025,0.48237684835879124,705.3301703755818,115.50924702162331,489.7066943307114,960.9603003139466,471.2536059832352,0.5042966162613555,100.28547414482527,19.658521900456066,58.1826037870702,143.0663322596861,84.8837284726159,0.19586523948967288,37.433979693377154,0.525169588769629,36.205586879127324,39.0844013506635,2.878814471536174,0.002775951289099157,6.980260786285286,1.73360335515852,2.942806004281966,10.5514933640428,7.608687359760834,0.006783999181831395,1,0,0,0
216.09791475244688,45.03666164003586,76.37851956666033,303.4597644343687,227.0812448677084,-0.8721843399352459,692.0989081381591,91.15855916395566,545.8729370754224,953.0783220387186,407.2053849632962,0.4021563981492365,100.53726384654593,19.406983624943503,58.69068191419651,143.80690654646685,85.11622463227033,-0.28452214074346927,37.648712909184404,0.5340284723142898,36.37335183792655,39.12894207775658,2.7555902398300276,0.008188958954783613,7.09203102690881,1.9957789540840218,3.442680851073563,12.369472677253523,8.92679182617996,-0.007376958953794073,1,0,0,0
190.75764893035276,42.22891448155049,92.75208110718754,279.04544801026555,186.293366903078,-0.2460425930810549,707.5313490140916,106.46735627279958,486.8938710495285,919.7244789814358,432.8306079319073,0.8538199307169723,98.2390971125987,20.013472403923934,52.38723477224978,130.67408063401095,78.28684586176117,-0.054817827232164336,37.475904378024325,0.5453799055346752,36.391552256358054,39.006445744400885,2.6148934880428314,0.0034971720249932347,6.545149083999346,2.0562716598610273,2.619829114806108,11.039588783160339,8.419759668354232,-0.03033912890462794,1,0,0,0
194.0675306182762,47.621846075257366,81.58759784639045,306.4545196309157,224.86692178452523,0.8480058741400739,683.0646461085056,101.53696879972148,480.9962537005015,962.3100503636863,481.3137966631848,-1.2984348146843234,94.87814227070392,18.47691752345278,32.19646536647615,128.24724336426473,96.05077799778859,-0.22209274979848664,37.49314430940177,0.5089407789915565,36.39314901164529,38.37104360689179,1.9778945952464966,0.002129458918463087,7.171609278203096,2.1592323402617613,1.8846065788373156,10.64765200966734,8.763045430830024,0.0016122703534458297,1,0,0,0
196.44784422187809,56.10188331416664,39.00631771201378,340.8488770507204,301.84255933870656,-0.4930445069692253,712.2308548737262,94.6686070555725,384.2785234863163,846.8401481496376,462.56162466332125,0.057337856222428464,98.31598934914174,22.698891528507545,51.94447458808037,138.57811853380815,86.63364394572778,-0.029624042468457797,37.50987966192181,0.47692574071690924,36.60522088519792,38.84817378155638,2.24295289635846,-0.01268517960678576,6.47708036598945,2.081677815924439,2.012523108810476,11.201712694541435,9.189189585730958,-0.005401522336425756,1,0,0,0
197.89610620548086,52.73342438536017,102.85990046208549,306.3573951374443,203.49749467535884,-0.19929817928625976,706.7253516414322,88.50164222634088,523.8388595077131,902.4143269391614,378.57546743144826,-0.41809656169899007,100.98562707930489,21.59462727662918,38.32917276127513,139.63655687379253,101.3073841125174,0.30845616167474665,37.44293054836267,0.47260213940750034,35.96475286270234,38.3744990669206,2.4097462042182585,0.005403862687433943,6.828346974350338,1.8548414267735287,2.457143846598761,10.191945658654289,7.734801812055528,-0.01560999220540469,1,0,0,0
202.77797949047346,48.972971847118465,82.804170371477,283.2344253996045,200.4302550281275,0.6007286037924543,699.8042758911168,92.83347865153969,497.09451154656347,920.0085108118716,422.9139992653081,0.6461119949063132,100.67274177725076,16.86475341587769,62.88472769702435,137.19884144339963,74.31411374637528,-0.19595623733860906,37.5760971313248,0.41534597007569846,36.685333724049386,38.34025189110237,1.6549181670529833,-0.004358113940761946,6.671014533404316,2.3046703883809876,1.9465454015966595,11.725225318931347,9.778679917334689,-0.024478451741208447,1,0,0,0
201.01214545995663,50.7454605901561,92.08453155510527,340.10754644745816,248.02301489235288,0.17626191190731422,682.3089166024375,117.64242439741672,492.3921338000294,990.939230528237,498.5470967282076,-1.494960902095912,102.87207323101543,23.412383746498836,61.44365962578787,151.2676622092245,89.82400258343664,-0.2211931308890442,37.368110732856266,0.46137897452966364,36.075388884544644,38.525114550098536,2.449725665553892,-0.009355051005500258,7.218922665408846,1.7466500280533404,3.5335969522167994,10.0177084553184,6.484111503101602,0.031107638016859746,1,0,0,0
207.59904937185718,60.864215510150586,75.65993140556586,331.2404640493694,255.58053264380354,0.37548965674858586,688.3766558676249,96.41752684042956,456.17952968105374,945.1503769977226,488.9708473166688,-0.9463355654646446,99.2519983891136,21.345157560087294,53.247220751352884,133.78907253881886,80.54185178746597,0.07995677514473155,37.52745254157679,0.4945160673165581,36.233580666623205,38.71567961963934,2.482098953016134,-0.003488548805584513,6.958272314453945,1.8753123560261253,2.8918484228726804,10.546267541034798,7.654419118162117,-0.006504517521174639,1,0,0,0
201.8488507682671,43.277389353570626,97.48931144667725,274.8226481354624,177.33333668878512,0.1587086904512984,709.9742787187664,84.80042081507005,526.0881622761062,899.4481207053483,373.35995842924206,-1.3402331390470918,96.83627674023539,14.606148991829926,67.26344748267275,124.53745964136111,57.274012158688365,0.04721716011415667,37.508681363896656,0.5170893976483603,36.45830881256049,38.433411565580414,1.9751027530199252,0.010254753783189074,7.244474649126361,2.113836517001901,2.661864396234235,12.035241764919219,9.373377368684984,-0.02316037892908075,1,0,0,0
199.036237398071,53.000197218439986,72.33643971329921,332.32723721124876,259.99079749794953,0.44607007469632504,711.437843198839,99.91540305707828,435.7932283696025,924.1928730887951,488.39964471919257,-0.5664804665180315,103.95277455073466,18.045195906616037,60.25900899671808,135.27944240902056,75.02043341230248,0.1738079487034396,37.52172827290741,0.5200068359508467,36.5882147005634,39.12754709513027,2.5393323945668698,-0.001373970674304169,6.786832825950271,1.814846393386131,3.809791412720165,11.332496020539022,7.5227046078188575,0.011439208099852846,1,0,0,0
196.494604950326,47.47613582558412,103.53525578085365,291.8822175163406,188.34696173548693,-0.40541893333889517,691.0896710115932,116.80247205791594,468.68652025617405,923.8048424410315,455.11832218485745,-1.6715052722426371,99.41179307187141,18.13740325660027,62.636725866070435,145.68306848634984,83.0463426202794,-0.16203068400947954,37.527159893144216,0.5255735814011198,36.355131501450934,38.783439585553744,2.4283080841028095,0.002962479271845872,6.633937638692386,2.2617927937937012,2.2806015630876484,11.153580829481445,8.872979266393797,-0.03362341403244672,1,0,0,0
200.5247698165322,58.112695023323575,12.403835539761474,305.7638223497895,293.35998681002803,0.046125619283305185,688.6726064542464,87.80276880440573,474.6279244597539,871.8204528091508,397.19252834939687,-0.4108636446433322,94.82076881096982,17.05042612067696,64.07412012805335,129.208118553135,65.13399842508164,-0.024081087496588688,37.58936966165349,0.5162371235876145,36.527328917551436,38.65105786133565,2.123728943784215,-0.0017496395096625798,7.043627659634885,2.097284286206901,2.6836658008328698,10.493744052983104,7.810078252150234,0.029058356799850794,1,0,0,0
198.9549254996565,48.438397278396124,86.44525183376331,320.3207729683554,233.8755211345921,0.6511558418839885,698.6060594678997,103.98651353839216,430.30679514920325,958.4051752810228,528.0983801318196,-0.23590428704453364,92.96263110475533,21.245896264555135,47.43744910542739,145.04564386457537,97.60819475914798,-0.11635807903317716,37.543466548876246,0.4286643386698313,36.526476911244735,38.52167658666222,1.9951996754174814,0.0019758019329492683,7.168929326015533,2.018925619753188,1.348595294653661,11.605789418162054,10.257194123508393,0.02170964096094399,1,0,0,0
192.04918904151276,48.79124935733965,67.16564121662043,318.4269355947316,251.2612943781112,0.2858726258951681,706.0117388130167,74.84778843714817,572.6791933359062,832.1377589373409,259.45856560143466,-0.5926809106645867,102.44516675816223,17.716616387872733,54.70112384157626,143.37727353365636,88.6761496920801,0.12218857561631709,37.61222204714762,0.4973919247606087,36.61772516439668,38.642039633344226,2.0243144689475443,0.0013267574147597901,6.765945098734734,1.5740351677599844,4.148843366829324,10.758356355933344,6.6095129891040205,0.01089610969638646,1,0,0,0
200.5851143213994,51.12276369876002,110.2523690834634,326.66121497817164,216.40884589470824,-0.7305280315202916,705.8908008501613,98.5519631142477,400.975474866142,884.43789389381,483.46241902766803,-0.03278434722051349,98.77282902327909,20.900181997166865,49.313416162653795,142.89212918110977,93.57871301845597,-0.025014420497743488,37.481653745978576,0.5070755062152255,36.363981530203745,39.0434813360022,2.679499805798457,-0.006207158568990679,7.098796269635042,1.9468807872252634,2.8413698936841794,11.043259057741063,8.201889164056883,-0.008821531388628593,1,0,0,0
201.27722608893032,48.7675697873277,82.69530541314849,291.5608879389105,208.86558252576202,0.31367928001242884,673.3534552152618,93.5685159201405,466.2565634851104,849.6754907898811,383.4189273047707,0.19036369452745122,97.27591249894208,17.0666967964511,50.628352614058365,137.19457111693882,86.56621850288045,0.16034468574431907,37.389537938795,0.5552256290584314,35.582214689493526,38.69396437808485,3.111749688591324,0.007068791055875971,7.061457884064363,1.950010869867657,3.478310330588468,13.153069567840145,9.674759237251678,-0.0013974811271670524,1,0,0,0
191.79774111674783,56.32209878055575,41.64526768244713,311.57670306443043,269.9314353819833,0.6952647771634478,680.8310952971141,113.27817626274604,395.1824956717489,909.4975267697827,514.3150310980338,-0.7115832728048136,104.58153746165594,24.628023260613002,37.910475388360474,151.11388098651307,113.20340559815259,0.040492189460866176,37.523188739285416,0.49407059064636255,36.308939371990526,38.390934664650565,2.0819952926600394,0.012977931989789717,6.889846870929842,1.6429587483772736,1.9979169758111652,10.383105549379842,8.385188573568676,0.004295972910961906,1,0,0,0
195.53086318977722,58.55670592635996,98.3281610798444,324.12804111731344,225.79988003746905,0.02422705237519323,690.0740702045338,112.94356055453231,440.42794293315615,928.7623317891257,488.33438885596956,1.356493494559643,98.29538124601655,20.244158639414568,62.00773879216003,152.76041091456517,90.75267212240513,0.056724188699644476,37.47709974984074,0.4986268333576721,36.44803286219889,38.56365446254775,2.1156216003488595,-0.004051764011640011,7.266815479039463,2.008818206273067,2.0343332751873433,11.09129973305267,9.056966457865327,0.027771690556935496,1,0,0,0
191.81371110581233,37.82279268000704,86.15426605330067,272.7393787236376,186.58511267033697,0.5000523700006241,691.4779312834369,98.56751396644968,503.2663978213427,1013.595427522213,510.32902970087025,-2.53855163353734,98.24174113323798,17.887296490092705,63.44650505724068,137.17405224578218,73.72754718854151,0.2860675378960445,37.574242413355165,0.46620203007134065,36.55258392492486,38.45209879958439,1.8995148746595305,-0.003246005096273347,7.228689745540555,2.0448734301540075,4.126764449978467,11.918865898981501,7.7921014490030345,-0.00868374714081966,1,0,0,0
208.01267971332854,45.956277621379684,108.04778956053973,324.7506138375945,216.7028242770548,0.7337958114313894,710.4567052046665,86.38772329872629,495.0192735561114,953.5878523659338,458.56857880982244,0.0031602595647089184,99.46920630498992,22.92124474788828,47.30964613552926,147.8239126432539,100.51426650772463,-0.05549074489169047,37.48126160243689,0.557333623298217,36.136930324423744,38.48386630336397,2.3469359789402233,-0.0022456843798948187,6.776013867572351,2.0855156798327137,2.1701158604091226,11.619993788421597,9.449877928012475,0.011912669624958667,1,0,0,0
209.94423612249912,55.46737685363667,104.97691865768081,349.94637019390825,244.96945153622744,-0.2249915659209405,711.8989369640846,89.29616524359504,443.35821649656185,909.491623065817,466.1334065692551,0.1884378470178911,99.52473820050119,16.925559922506313,65.55421265580352,143.3194309885935,77.76521833278997,-0.08832179890776778,37.57565766509754,0.521539646892898,36.84894290160152,38.92747029054265,2.078527388941133,0.0054470116273417765,6.733766855228119,1.6697346530565504,2.9936200147141925,10.552325525571531,7.558705510857338,-0.0015805888256374399,1,0,0,0
201.44837879498445,43.84527247256625,96.6379180661701,321.7168070580519,225.07888899188183,0.1915557629646666,686.626285980088,111.74861400984938,458.2057576687453,924.3372722336334,466.13151456488805,-0.15865159535228263,101.3713748605022,19.48325127891596,64.71512467770253,150.22148906037373,85.5063643826712,0.08783780054258854,37.41752311336133,0.5137013509316944,36.121716773801445,38.31218516258234,2.190468388780893,0.004580280577299982,7.2519661774327435,1.924104092181802,2.2861644461959436,10.689918563007597,8.403754116811653,0.009617098664940838,1,0,0,0
199.72365770480025,46.49955822845627,99.46091547798486,314.3158271847244,214.85491170673956,0.17346807859539143,707.0454796592571,105.8175940010968,494.2911107335522,893.1578358457766,398.8667251122244,0.09114347616885547,105.02612855542908,23.76210061080815,38.314425844050945,152.47525806647963,114.16083222242868,-0.19533888627911128,37.53522948536887,0.5384605315554,36.389317409203954,38.76923947522596,2.3799220660220044,0.00910314585470334,7.104526006733866,1.8280091402795573,2.055359580225722,10.533868753985693,8.47850917375997,-0.016392957427787465,1,0,0,0
204.40784515033127,49.82907987860162,114.20688785387507,319.1761606376722,204.96927278379712,0.37782749842517993,726.9978531988938,86.62319761495071,580.4481299284919,915.6073826325054,335.1592527040135,-0.16589698980724463,99.13652218406963,21.075538324297977,44.47241237978006,152.33958210367348,107.86716972389343,0.28560348171951244,37.556799880020144,0.4447045920214,36.80329880807977,38.77441047867715,1.9711116705973808,-0.005012179418625475,7.132697241020168,1.9002254461907027,2.350962661701743,11.216607537015891,8.865644875314148,0.0012423602988207735,1,0,0,0
190.73279926525927,45.00050885598558,82.57233098554065,304.51469414592145,221.9423631603808,0.10963671750020797,686.4318695998339,90.10049362606627,502.80661597528797,921.0221219443986,418.2155059691106,-1.2705986464342656,100.26308377383201,18.202158983784727,55.54276172790132,140.14121162872743,84.59844990082611,0.05346266099724994,37.552883458283205,0.4826046700880781,36.37699539690671,38.65612253819916,2.279127141292456,0.004606694077023453,6.726062543580309,1.8276870933318181,2.369425865014679,9.996576972246668,7.627151107231989,-0.034704454254664056,1,0,0,0
202.186929393414,51.12073670487768,108.06640178076708,323.25145976757096,215.18505798680388,0.07816079167004723,668.9349813794109,100.31246179771307,425.15141600351296,899.1689261218673,474.0175101183544,-0.6170195111590422,101.47382513125034,19.782426157925396,58.35866399291586,147.3241844048568,88.96552041194093,0.08143714139211362,37.510642038428394,0.5096805146777789,36.22924903653868,38.654337035219434,2.425087998680752,0.002037853405346907,7.528040178712882,2.2606590742043156,2.0576202120318854,12.369422717485882,10.311802505453997,0.010556128743868704,1,0,0,0
192.68805786315338,52.09994526299014,29.38180396566804,286.4869336891177,257.10512972344964,0.29346510237385043,698.1279949275929,98.24354739811227,529.2063294730101,918.2069865454379,389.00065707242777,0.3297120149229577,102.3653414040198,14.783338497240011,63.0326964461415,130.36428818630426,67.33159174016276,-0.1494916174395447,37.57634979360122,0.601998534111765,36.2839844490833,39.23822561453633,2.954241165453034,-0.010942700128921085,7.118942693688549,1.8463007798725575,3.774767202417242,10.944713909494219,7.169946707076977,-0.041539836499955705,1,0,0,0
207.13364167934512,49.677078140070826,125.04817045019603,313.94259455486844,188.8944241046724,0.43232089437611604,703.7057248253861,88.30730627819156,514.6382856570958,851.56410925128,336.9258235941842,0.9799867139713881,102.1426403434104,22.05227647966627,57.05123416827281,145.01331280490035,87.96207863662754,0.21013355064331082,37.47360599467147,0.5210292914274739,36.4298864371604,38.57319984294375,2.1433134057833527,0.002286361040118544,7.604323876850176,1.6233622554837503,3.145122119357205,11.406641676585949,8.261519557228743,0.028321360312172368,1,0,0,0
203.63806318527182,48.68294007137399,94.4098505829978,313.85084167529754,219.44099109229973,0.2992185023094673,694.3030467851553,103.07572035563398,303.93043951476346,913.7076796781163,609.7772401633529,0.03513907656284747,99.62669885647252,23.55255236870209,51.41799212355525,148.09001790565048,96.67202578209523,0.11644518475699824,37.47541282306571,0.4758669130550618,36.52241038303648,38.4321820255573,1.9097716425208233,0.0051731841389405465,6.521429034500766,1.9367334286998623,1.8752593072425725,10.882251752666567,9.006992445423995,-0.00023524662235337634,1,0,0,0
201.3987013332311,48.578100467365005,97.21870135402415,310.40650060423826,213.1877992502141,-0.6228221299130381,678.9039614824852,97.60597121323414,468.9524879313522,932.3608968250836,463.4084088937314,0.26808381708389856,103.46991736793966,18.338952380999626,61.349721289107805,140.0181338319462,78.66841254283838,0.06094358374729426,37.36830113046734,0.5458105800512899,36.07819656054566,38.699974763167305,2.621778202621641,-0.004404148408061832,6.387433781307315,2.35649153930896,1.8490047633155537,12.075465425574006,10.226460662258452,0.012108570485338642,1,0,0,0
206.48753494976984,47.928271101709015,69.16741731631691,318.067637478922,248.90022016260508,0.042765067707380165,696.7477730409586,82.65592652094274,440.0046081323305,877.098232240331,437.0936241080005,-0.2953994684420601,94.45770949492777,22.306957917028274,41.976797161880526,138.14708736976118,96.17029020788065,0.3491875238707523,37.440581005026225,0.45955738170206706,36.413585057040684,38.406912174004965,1.9933271169642808,0.010400725394191363,6.879992416452143,1.9726604764347537,3.726074046007528,12.522402522004937,8.79632847599741,0.07042571621132633,1,0,0,0
190.2824931644319,49.36659174865073,93.60613752643793,312.132904620201,218.52676709376306,1.1304647391349747,724.4612093195205,108.64440655245433,489.9205676893024,969.8939386854026,479.97337099610024,-0.8443048815719754,100.17259718249971,21.739703114199884,56.60422086927121,136.68545451627676,80.08123364700555,-0.22508796886537552,37.577598475423606,0.5958811348086901,35.703342885867855,38.485204134697284,2.781861248829429,0.0020904789157353814,7.147415355797396,2.1175995685577282,1.6620318603211803,11.866236686007142,10.204204825685961,-0.03792919552337668,1,0,0,0
193.72163046057952,58.779526512467456,52.39149685279142,348.85247741017383,296.4609805573824,-0.06046478746078203,724.4653181991833,101.14263399763816,566.0017760656448,968.1228497870603,402.12107372141554,-0.047605780112346195,95.99704800356702,19.035492668117023,56.0253481050911,142.27428185998508,86.24893375489398,0.2821831445372407,37.56182820632872,0.4765648112846609,36.706874976485224,38.64248876725095,1.9356137907657285,-0.009343524022126,7.142694667448123,2.021006198620184,2.479382469290102,12.090010720985951,9.61062825169585,-0.032280672378526665,1,0,0,0
193.25765117289782,48.933610465603955,59.97833794006905,305.79439637971706,245.816058439648,-0.10811027818423022,695.7287545070275,96.31200154181984,531.6078041788369,941.6248683646037,410.0170641857668,0.6515142009257882,98.10749276770125,19.81399550216215,34.440060120991106,136.83432917906566,102.39426905807456,-0.1360604157490538,37.50675195407051,0.4276405291367032,36.363624084325345,38.34474010295559,1.981116018630246,0.002754453151769061,7.14173470501466,1.7262051324983947,3.399433211255271,11.133826893816689,7.734393682561418,-0.016056551454474145,1,0,0,0
207.9212046917394,44.80517591525078,128.94189274999627,301.86958774123957,172.9276949912433,0.06149969240697752,692.2151319161815,92.73020393757855,481.3101611689117,933.3406778357539,452.03051666684223,-0.8752626736132842,95.31700310696006,20.817922886688788,52.842569865912445,140.9166760551575,88.07410618924504,-0.03931041044685488,37.53204167807138,0.5239031868617474,36.24056672650079,38.598928287519705,2.358361561018917,0.0008107971765280218,6.940476342867601,1.8218422546842794,4.1435221535011895,12.789684030488512,8.646161876987323,-0.020587656441748002,1,0,0,0
202.4980037159633,50.34171482307679,68.52780852396955,320.68754287477657,252.159734350807,0.7304428171997281,689.2390121638091,129.53148103580062,303.0641562666245,928.4662753465178,625.4021190798933,0.6492856517312492,103.28764904521482,19.249939185851318,64.84700753158523,161.9199458087859,97.07293827720068,-0.24274455189790123,37.65519355007677,0.5772637019426854,36.33045140382775,39.07565186194995,2.7452004581221985,0.0014913168973421421,7.143646479710042,1.9466292955761892,2.226401235357052,11.68773147899308,9.461330243636027,-0.006402933422023267,1,0,0,0
183.32177417568607,43.04494686368128,107.83383910052171,264.47550801807,156.6416689175483,-0.14992197709763783,702.326820720525,92.29752166236922,493.9488293587923,946.2758502193752,452.32702086058293,-0.7076227933276431,97.30471064573143,19.7237784898833,51.061597083317125,142.68301152684782,91.6214144435307,-0.33300953893892105,37.37611179503198,0.5008010155212228,36.09172318971584,38.78703990591113,2.6953167161952862,-0.0008723440371080069,7.267653415395899,2.2274371652401816,3.559893034548365,12.323727328422235,8.76383429387387,-0.013730546153670326,1,0,0,0
197.64971563653734,37.537540184400456,104.8218881070193,268.51331490868466,163.69142680166536,-0.2550360297227312,717.2709641628628,102.45928670264732,477.9869930211943,935.501687984761,457.51469496356674,0.48282760030523086,98.4001135378806,17.317624560769126,45.64399106925415,137.21514706020943,91.57115599095528,0.0045543129904630315,37.46626581511151,0.6137639187502432,36.273321613854144,38.77403153673788,2.500709922883736,-0.015135694064507418,7.08291589866412,2.0465078884899333,3.095332790028833,11.602292938200343,8.50696014817151,0.0318711585306474,1,0,0,0
199.27122183528402,43.17161321701433,122.65617837750443,301.55325160819456,178.89707323069013,-0.21701334842140696,695.5543903240657,96.06168382213171,470.19229479029497,883.7678872561103,413.5755924658153,0.10796085308563134,106.20229679843106,17.42556765482446,58.31322156016134,150.11930461683727,91.80608305667593,0.08756364215983357,37.4564358508403,0.44262518353863683,36.426008976754645,38.445478109907924,2.0194691331532795,0.0003811593536019971,6.972846748103146,2.097951765314107,2.4144984918785664,13.010318671055886,10.59582017917732,-0.058433356894889585,1,0,0,0
198.13720520269365,53.254928385343504,88.98164293125654,349.6188599349141,260.63721700365755,-0.3718192918217673,703.5629708282453,91.01121820425743,486.77205615896537,961.8460187101082,475.0739625511428,-1.1667224599810369,94.83941643209684,22.541005729259396,43.4115311231647,145.24967369454546,101.83814257138076,-0.2979998779008464,37.613243972712986,0.5332973840855503,36.45246303918431,39.04517635620044,2.592713317016134,0.0005721778318789761,7.563126216912907,2.005003370617507,3.942487911933599,11.60080028649542,7.658312374561822,0.008502563935638445,1,0,0,0
193.95735230046893,44.06546427471029,95.39411476023294,296.63563278266975,201.24151802243682,0.8780811582894515,691.5432296493718,84.9538452860873,442.4340237210691,829.7636092503797,387.3295855293106,0.6656112460810868,102.46707883398422,20.501876703734712,52.129491376861424,147.8522555857871,95.72276420892568,-0.09095099707326203,37.34638634252697,0.5054759718835816,36.19465515021939,38.65275590878501,2.458100758565621,-0.0030754000960170344,6.905700174143711,1.7044253086912486,3.6893261455689026,10.664690296393644,6.975364150824742,0.019826328492821274,1,0,0,0
194.29093453259014,49.25068896578272,62.28778091412664,295.37773401505854,233.0899531009319,-0.20026615816057491,737.0042120388503,77.53857195670497,562.9563603899522,894.832829730138,331.87646934018574,0.7884015024352595,98.44674149129827,18.255824554556295,55.28356825185901,130.41371457004777,75.13014631818876,-0.1267089141843664,37.42229953060115,0.4400518607561589,36.37500771006809,38.728173261053335,2.3531655509852456,-0.0023904264610521294,7.458439384683766,2.0994763084756314,4.1031041669918995,12.460595476247875,8.357491309255975,0.026554588039161282,1,0,0,0
200.73701040098905,44.76757571974566,103.47433599234442,320.4973490942983,217.02301310195384,-0.3331061159891385,690.012945147854,106.67574170889253,435.1797393376461,922.8274993510986,487.6477600134525,0.30132380567867734,98.90086757525484,22.42562290747769,58.4751355335196,159.96979654181166,101.49466100829207,-0.2197053400954162,37.53241210833389,0.44013586290029266,36.61666941478886,38.43131345667376,1.814644041884904,-0.0005512368215011559,7.286177700640946,1.962365893238805,2.579495718111974,11.934477800870011,9.354982082758038,-0.0067470277374616396,1,0,0,0
200.11399005882137,60.14520117708095,60.41280619677201,317.7798190401545,257.3670128433825,-0.3745278711902019,689.4462096816837,83.00329474847788,512.0128886276487,900.6523056570782,388.6394170294294,0.20756294199759856,98.49566731976022,17.777276718110652,53.956177188632466,141.29543151784605,87.33925432921359,0.06933997405215218,37.509303388258424,0.5634560387839169,36.350726085517394,38.70530888724166,2.3545828017242627,-0.006191371192335263,6.724581447944558,2.1465720339894485,1.9822162670219052,10.2096981035252,8.227481836503294,0.02366894666389532,1,0,0,0
368.7931075407173,76.65208781980037,180.69893003473248,533.7501546525958,353.05122461786334,0.07800273264125615,948.1632214239507,46.80607741051864,840.8644297289948,1046.8239580659072,205.9595283369124,-0.25258179944580117,131.37943839675359,26.621389635758998,69.3212453767016,183.02849703841508,113.70725166171349,0.20574185734368414,38.777870274250624,0.37980010278938114,37.838699289170094,39.45473198383998,1.616032694669883,-0.008168243993362887,14.015284365509647,3.070967658200868,8.425472175366124,19.840010493413775,11.41453831804765,0.02438508783100315,1,1,1,1
377.1978018673913,74.38032362729061,212.16238631453396,521.5977986594987,309.4354123449648,0.39084605781580917,954.039945328027,46.08466092308219,852.2182163755297,1092.0170947870524,239.79887841152276,0.6770665305882207,139.10752158257966,28.356581156648506,86.20038158976786,223.51298193121548,137.31260034144762,0.14079640763907691,38.88476523664253,0.32426474435395125,38.2900271361474,39.786479738627314,1.4964526024799127,-0.002874019579691888,13.979028697898329,3.0269363250087786,7.316244841023555,19.85444275724729,12.538197916223737,-0.024394216529472545,1,1,1,1
362.3780674241207,86.18529374182248,189.17304844519856,575.9856622712896,386.812613826091,-0.7658590110405986,958.7296088907632,45.734278936671096,832.0163758891787,1053.371195119585,221.3548192304064,0.1319281912749757,143.30715997203083,31.216272608941235,53.49407108438936,218.0729533661684,164.57888228177904,0.5983430644324692,38.820736877239064,0.38459855710208496,37.86493335621311,39.909178243297895,2.044244887084787,0.001480288107812157,13.382968514077588,3.207742891419824,5.174769737274627,23.32719442705066,18.152424689776034,0.03367968215244928,1,1,1,1
397.3491730266315,62.64186939737962,274.2946250816777,529.6477683676071,255.35314328592943,0.15390972775705553,949.2910265487596,58.1396340387981,837.5927507682529,1106.507327948884,268.9145771806311,0.8359261441657513,134.457839450486,33.89769501308772,76.3438320621913,220.16256651017596,143.81873444798467,-0.026036978482882726,38.85880993389713,0.380532175595588,38.10430311371031,39.963003211893394,1.8587000981830855,0.0031285209636930976,14.294927461267125,2.787835390108932,7.203167368501067,19.69723342644153,12.494066057940465,-0.01993168681456113,1,1,1,1
394.90042881681126,75.72701065849817,193.81970922773857,595.8852725304605,402.0655633027219,0.0884756166887376,944.890620656365,52.44688494794654,832.1508379732952,1095.6440898272933,263.4932518539981,-0.02162268561105103,138.20908652488805,27.45308668937659,68.4116012127052,199.45616005767266,131.04455884496747,-0.12080157942434012,38.78804675472248,0.4098532048823653,37.90442059920064,39.485242647269125,1.5808220480684838,-0.001497917798050807,14.437124956720455,2.556181595448154,8.025676058261269,19.942131858867576,11.916455800606307,0.046815044429003305,1,1,1,1
396.4223912132513,80.13244051729727,206.257844903288,553.599383518999,347.34153861571104,0.3635932508602088,960.567800478699,51.53633309595447,838.5480135624275,1093.6759232316497,255.12790966922216,-0.12448793616288745,141.4966458357069,27.921290463263418,85.10633637706913,209.93543311804513,124.829096740976,-0.5590904761851079,38.764843797776116,0.45282701773662065,37.772816528753445,40.227772599618426,2.4549560708649807,0.008249743222577027,14.430747945447667,3.0295814393415035,5.143090327092713,21.285027999822102,16.14193767272939,0.043216246700381045,1,1,1,1
357.12868189920505,74.4673306137598,166.52680969027824,494.45884132669374,327.9320316364155,-0.9912462126170303,970.5275359655675,49.06881952602379,873.0011278928906,1115.6803168932506,242.67918900036,0.5038232647049034,139.47692007708235,31.42496992283401,84.75676057482649,203.15490998477884,118.39814940995235,0.3640043080031625,38.804655438668235,0.37955876471945815,37.87937479157669,39.67322515319408,1.7938503616173946,-0.004773704912202927,14.10503844302952,3.255072466321105,4.299117960971948,21.856467156007838,17.55734919503589,0.008925573747138052,1,1,1,1
367.2817469622358,83.63117152786322,194.53871055736403,523.3001997300676,328.76148917270353,-0.5713529557647414,959.3304451189558,46.689641185486614,861.9760734415457,1096.471046714096,234.49497327255028,0.9069590313346139,141.5663405820191,31.83813315976115,62.84143388286847,200.99249476508774,138.15106088221927,0.13414898758852187,38.853499893732874,0.40968136353854856,37.91321079369122,39.69668834109164,1.783477547400416,0.003168174839856098,14.153465874908745,2.7466433634636314,6.4891274404579615,20.78332911340445,14.294201672946487,-0.007791722603964863,1,1,1,1
375.0158805026955,83.14036135757713,154.13701500622267,543.6033581093648,389.4663431031421,-0.1452144657530281,945.7806173571001,46.251563811536656,826.3437492279775,1020.0450019016615,193.70125267368405,-0.5413375596116422,132.79969954061644,27.879773737139264,64.95299612418401,200.96205882542012,136.0090627012361,-0.1197168778778203,38.83692458665794,0.36881446671745366,38.22639075665577,39.76118669254042,1.5347959358846524,-0.002188285438650795,13.862059848742966,2.646046174507893,8.359328404442405,19.821164412090333,11.461836007647928,0.00906577822221082,1,1,1,1
380.5532178675365,74.87718549759283,212.19366775578686,510.21134340759096,298.0176756518041,-0.5676779137216332,948.1639975525809,47.059942344493365,834.7321210872633,1084.2272751792789,249.49515409201558,-0.8454941480473651,137.65712050678087,25.363019545633332,75.54281611949219,174.98550972679766,99.44269360730547,-0.12386891934132159,38.85192106302018,0.40931816999581433,37.92027996646089,39.786896668824276,1.8666167023633875,0.0007645648924219328,13.166586949655793,3.1523190108783337,5.448514067822952,23.372487906528818,17.923973838705866,0.004643531605439596,1,1,1,1
394.35622760704564,81.63694464462334,219.2236598889609,618.6737657758449,399.450105886884,-0.18024847770514352,945.7359670928345,53.19803148009018,810.1536556462129,1029.8865114219136,219.73285577570073,-0.7729245635866706,139.50429039717616,24.25684394639564,61.40221972890335,195.10240947305812,133.70018974415478,0.17308495686543005,38.70158679457311,0.330750714549368,37.73237110107464,39.255397214971076,1.5230261138964352,0.0004976523407775102,13.849307634929424,3.6298245345262306,4.791766470558693,23.37079640938126,18.579029938822565,-0.023341927950061486,1,1,1,1
384.0020487752726,80.37786161592868,184.12643836649454,525.9145803492113,341.78814198271675,-1.1759780055399187,945.5192192282979,51.22853005790601,807.6332919811002,1045.3051282150643,237.6718362339641,0.589991494590084,133.58218387416616,24.006640596870707,68.73808596108603,186.45849977298008,117.72041381189405,0.012639615604109505,38.88170554976498,0.4144319637019584,38.091693295696004,39.823359166420715,1.7316658707247115,0.0023727018681159984,14.851769503886631,2.528992118523803,9.31522354364941,18.912999145675123,9.597775602025713,0.03101258006592528,1,1,1,1
366.7690509114262,82.25962528226246,223.34374912014948,537.6240584388205,314.280309318671,-0.07635004403688483,945.4056225848982,43.73042372600217,861.4430676030652,1032.7003330368693,171.25726543380415,-0.46776701159057993,131.71918923655883,27.606159282347928,64.23405975322927,189.74058752061774,125.50652776738846,-0.7293681842898944,38.77340606898923,0.30444786786741235,38.09560089032041,39.37100995064275,1.275409060322339,-0.004866124155757953,14.636150838925353,2.9653480006135835,7.309543589643221,24.593037399481528,17.283493809838305,-0.04886147370881586,1,1,1,1
384.2767942021014,74.02512608356176,259.7586074881459,619.9346360865466,360.17602859840065,0.5914417628048969,949.0217586669986,49.93663580214428,854.2247363677518,1055.2928678680714,201.06813150031962,0.18313343536979063,143.53982506877927,27.423524892395758,85.8061949009905,206.24944685988353,120.44325195889303,-0.23681581452938222,38.746377423030935,0.3683418130854828,37.99723243132194,39.787503927158106,1.7902714958361656,-0.0004829251207053203,14.354992646426751,2.877967097313478,6.780856512960284,20.812446199033133,14.031589686072849,0.02998346805723587,1,1,1,1
382.6704550211118,78.36306452811074,195.98505247113957,577.3497716133494,381.3647191422098,-1.1465464500340607,950.9962444830817,50.00774101391339,829.2435742899418,1075.707968016167,246.46439372622513,0.6383889848656485,147.52202500831916,31.245123648325215,93.77776302461545,250.7071127659868,156.92934974137137,0.4253452152857227,38.79124974107988,0.3661448210013494,38.00941448050859,39.5702167576239,1.5608022771153145,-0.002281608140757426,14.01191330508278,3.3359807755001594,5.477917908120299,21.44984349558065,15.971925587460353,-0.024049049180883193,1,1,1,1
394.7423272164135,90.1809571910898,169.33210333567786,622.3284974458431,452.9963941101653,0.8980112911721854,942.5164197639338,46.65739966479935,864.3861750529279,1037.277324503923,172.89114945099504,-0.18074979432518545,144.50239548326465,28.320934084989887,83.36873842683542,222.95614494216636,139.58740651533094,0.09818992930808598,38.797796983147926,0.46312077973207777,37.797216480469466,39.97074684876955,2.173530368300085,-0.0034936680384190415,14.007374355151876,3.232666996758179,6.719285337710634,21.345776709621475,14.626491371910841,0.007195899134794643,1,1,1,1
371.60582931649844,70.50715853443837,218.34219486140637,527.5364020357972,309.19420717439084,0.09976768669872334,945.972183412035,52.86527768382821,836.2012228645226,1033.991598125461,197.7903752609384,-0.9003669531205694,137.95754466740107,31.9390158018325,82.26806867028034,218.74136865730958,136.47329998702924,-0.45920124503556287,38.84622689825063,0.3741491941044416,38.06847816020897,39.8090888966421,1.7406107364331334,-0.0003793167774669647,14.630749021637113,2.508445533039519,9.08332574779748,20.443371846460717,11.360046098663238,-0.005423387785925126,1,1,1,1
385.8522250646804,80.30641057240419,194.69275767484888,544.6138865771572,349.9211289023084,-1.3168145279950065,957.5438543673276,42.325501251505905,879.7090602003898,1047.609323400945,167.90026320055517,-0.6552633869145329,132.4465904966645,25.667388014902784,78.0901062688487,193.3872839817163,115.29717771286761,0.49894545077349406,38.763988940676256,0.3117404371982714,37.78904404531951,39.44057811458181,1.6515340692623042,0.0007157783302728498,14.228153273269834,2.5954355334411927,8.357358568878254,19.32543121901499,10.968072650136737,0.04297817359255065,1,1,1,1
378.4272751824062,75.6099163501841,198.97717949034583,562.3001163675831,363.3229368772372,-0.7965279080967698,953.1203928872042,47.501998362891,821.1133673513583,1061.7077244294385,240.59435707808018,-1.1732941474497294,140.2125403246922,34.875412416304904,66.4310382190666,204.63252256131022,138.20148434224365,-0.22224509183344457,38.76699135007786,0.41305298768368653,37.89902257960651,39.87550862384206,1.9764860442355499,0.0037207033587339103,14.27044328095115,2.975219383985007,8.837578380970873,21.167830866799168,12.330252485828295,0.013134456103413848,1,1,1,1
382.49139070986615,79.78169288548816,218.24862111828617,547.6945932974604,329.44597217917425,0.6848693917476529,949.4144346094151,40.91487164080041,866.7008208336301,1058.6912464199472,191.9904255863171,0.6142854903767865,146.03097780224337,32.60029658859575,81.12101021840134,224.15989956245951,143.0388893440582,0.01286176778176643,38.8258920837158,0.41418305886241197,37.77172914779787,39.81833501186177,2.046605864063899,-0.0044806272283938065,14.221618513909867,2.5084449304790923,9.372188865705779,20.802981729013347,11.430792863307568,0.01823357895801179,1,1,1,1
385.1335615682225,71.22648042468505,230.63067158985902,534.7032608624696,304.07258927261057,-0.29674530508293234,949.4138995738435,51.210003041990745,797.6296916008383,1043.432125808261,245.8024342074226,-1.0335155625902852,146.41728369272167,31.92381221842766,84.48040990120155,227.8121000600092,143.33169015880765,-0.13130184478450727,38.78382090191806,0.45411175394734216,37.6913817219447,39.71282050770203,2.0214387857573257,-0.001773626880258845,13.278498636703155,2.675025717023764,6.479275249931155,19.891256163964883,13.411980914033727,-0.045195825129742954,1,1,1,1
388.80854413237677,88.57803350700155,197.38115415305634,608.3813099114075,411.0001557583511,-0.28141978263058426,950.5915091184453,57.29904570744536,820.0822603072655,1050.628736838549,230.54647653128347,-0.5875123303545631,135.9653294017947,27.69161255938579,68.41531410613936,202.34943624993355,133.93412214379418,0.26353916196694444,38.811253549354454,0.39419671020832014,37.9979920812639,39.71704278035808,1.7190506990941756,0.004755158991490287,14.3973906523635,2.683654807884985,6.965949133425719,19.826680836312867,12.860731702887149,0.018663489652998383,1,1,1,1
378.88222191658883,79.93019023718848,184.69170400511956,549.4303498633953,364.7386458582758,0.7122844882071161,953.2265222461087,36.174347938201784,841.9655294884839,1067.1322556584134,225.16672616992958,-0.018315492563817804,139.25040583628504,29.205217946121852,72.30041546905706,215.14818030082068,142.84776483176364,-0.40489891099650993,38.78162995059726,0.3532405933206392,38.161273929421974,39.55332569930511,1.392051769883139,-0.0029003277925979854,13.281922832912924,3.295092544991702,7.486250789582105,22.86199237488436,15.375741585302254,0.009293648610237282,1,1,1,1
372.13673720962487,71.81002304694591,196.56195799872933,535.9890021534857,339.42704415475635,0.8639542738891369,932.7579256686345,49.42753773008477,803.8580298625805,1028.789155346437,224.93112548385648,0.9209706712995418,144.1761281313077,33.247854114784,71.49951212269528,216.33488124622144,144.83536912352616,-0.4033774370733134,38.81871749259904,0.3982756712400074,37.46608637739283,39.50197451517145,2.0358881377786204,0.0019996028935543968,14.15710822713328,3.0220058743509153,7.9753191394604945,21.734750286818542,13.759431147358047,-0.025161024205521007,1,1,1,1
383.38694706138403,81.14344142977163,206.75097328631426,563.869987757345,357.11901447103077,1.0028389796752226,960.1566014575714,49.47300874876252,857.2825945257555,1056.4902404369961,199.20764591124066,-0.24356619544434233,147.2232910927863,28.28628701990187,73.47873671294145,218.6648575493346,145.18612083639317,0.03299562828557478,38.797337234320395,0.3559635287892654,37.823108484619134,39.65292381990311,1.8298153352839748,-0.002212237065258041,13.99913992247591,2.449952682432961,9.322683101505604,18.782918280581033,9.460235179075429,0.0003374208884022064,1,1,1,1
378.63468495341925,65.611065124017,188.11638997310718,549.8781394307507,361.76174945764353,-1.0497517517229829,941.4090186687857,54.36777862182593,850.1819013011358,1037.3754945508595,187.19359324972368,-0.03374702765563917,143.18023950871122,27.408666095765064,84.21848512222388,213.91997527366863,129.70149015144474,-0.08996446199751272,38.80736963650322,0.3336248868840036,38.21501498211406,39.53353057330714,1.3185155911930764,-0.00047757598865600634,14.339900461204657,2.9160357978916487,4.6761478568353745,21.036549476311162,16.360401619475788,-0.0036220281250638376,1,1,1,1
367.21039506905487,86.32451466487908,170.5159429013787,577.3949222486178,406.8789793472391,-1.0256156549703164,958.3131682816559,49.6707837624544,845.8076026002262,1055.110869431464,209.3032668312377,-0.4854735370188327,136.36457151599328,27.289386066770067,69.35950858847883,200.4816381084193,131.12212951994047,0.7063769642962942,38.86188447414946,0.401015897687823,37.93585626101397,39.74407234600818,1.8082160849942142,-0.00304815167615374,14.066156359517882,2.8940870084587336,7.066229518805232,19.917843089526677,12.851613570721444,-0.02160722006505336,1,1,1,1
377.55116435849357,79.70270904664852,244.3053556892333,624.1901105522013,379.884754862968,-0.4858272335842305,949.2368723352147,55.8836028589484,814.1311957274245,1067.3434306927352,253.2122349653107,-0.4410873222943333,140.47280702552894,27.91782480744604,80.43029278888748,187.87473821533388,107.44444542644639,-0.29882829195541594,38.689843650093216,0.40496689005559133,37.95626523301533,39.55980027046025,1.6035350374449209,-0.00395136392827021,13.46435968911405,3.2075506343447504,8.035236969092592,21.96097297078668,13.925736001694089,-0.0372551725115555,1,1,1,1
395.3882293985337,82.93625988553225,253.33009924167925,599.8652194685319,346.53512022685265,-0.4561980293838886,932.9845109281196,55.865924930599896,799.4254128209295,1067.7180480010447,268.2926351801152,-0.25792901727440926,138.08310692983372,32.99992482818326,53.355627939409615,209.6230686716176,156.267440732208,-0.18001242204752507,38.768941617559584,0.40244941145537766,37.88945680944066,39.59407795866338,1.7046211492227172,-0.0027541493527745787,14.389093944044864,2.4292823438873508,8.910879357654515,19.90710592466524,10.996226567010726,-0.034907902970283816,1,1,1,1
377.03703952233417,64.56531814357575,182.0156245357884,556.4358937562722,374.4202692204838,0.7050040166200261,951.9492348705401,50.137656903193275,821.5826540206622,1041.8058997380256,220.2232457173634,0.49826422172694224,138.12783926767963,34.672872296844254,51.33270091131904,217.6932252695023,166.36052435818328,-0.22549227803735886,38.76369246160881,0.4706676215111288,37.6857744075603,39.85452706178757,2.1687526542272693,0.002110473726589437,13.373353827013629,3.3839488370498345,6.924578660556932,20.332298634903125,13.407719974346193,0.027750495429083404,1,1,1,1
383.88759251082337,73.29354450751958,232.20716409239537,528.1022862561349,295.89512216373953,-1.782871990661462,949.4564307718365,55.3410989710639,753.6541247403065,1035.7077453421764,282.05362060186985,0.40696377123137734,145.69289737945277,30.52529005850426,80.01152685529846,230.7182481972166,150.70672134191815,-0.2878401910307297,38.81070748683504,0.38977727288439523,38.045319071852674,39.75409757109657,1.7087784992438984,0.0008817176123874672,13.448410718333385,3.2537506031619716,5.737320191819377,19.422696749711218,13.685376557891841,0.03006402252897834,1,1,1,1
392.9604237122783,80.79279219191461,140.53786339105582,562.3234451265213,421.7855817354655,-1.339586201870081,941.6235137552086,57.73138843362665,777.4804742120583,1053.3929661201769,275.91249190811857,0.31996607290332224,143.3510301671734,30.195645594298988,73.47789650735818,210.94610937041818,137.46821286306,0.3248482860775252,38.85103064294749,0.383225252202139,38.1799305966181,39.775567881387786,1.595637284769687,0.002263815545856339,14.05222087170053,2.725164327361744,8.30952477535289,21.72441806831263,13.414893292959741,0.010951492080086035,1,1,1,1
371.51214250817816,89.1896544814024,158.08233608910774,555.8566907470159,397.7743546579082,1.1725414960392904,946.8597805887131,47.05602046547237,861.7217297161988,1086.6221488262556,224.90041911005687,-0.6665326482182217,139.28091534055716,30.587729521458307,57.352865496296886,190.82773355398757,133.47486805769068,-0.2780801767116548,38.810786345123034,0.41343251769051487,37.91161096474016,40.016014710648165,2.1044037459080016,0.004020932375128779,14.516343663139567,3.302174834273132,6.430611048472196,21.40327578692402,14.972664738451824,-0.019491164232666624,1,1,1,1
401.6743614112311,85.3332635029382,158.37788897573938,556.4554053970696,398.07751642133024,0.2897036381543649,943.0687363998701,43.287749052381194,835.0207240105422,1047.3191941026244,212.2984700920822,0.32731725885395835,138.20308063068825,29.611873381909625,76.1626380822909,202.52308000060316,126.36044191831226,-0.5449590711702088,38.81548236527426,0.3566045080978786,38.15530407465988,39.68055602708528,1.5252519524253998,0.005352337878906274,14.660373655206993,2.8617196920519636,9.01131870564836,21.124724452294476,12.113405746646116,-0.022723173630338645,1,1,1,1
405.43562548518605,87.23664449868518,253.1142737949633,622.6851681705477,369.57089437558443,0.08904967798467608,945.4145096384111,47.43821556869851,835.3973667295702,1094.7704912822335,259.3731245526633,-0.1364745805523414,144.04655614277527,27.005001022771953,74.38838022674183,184.1929742855322,109.80459405879036,0.3836416492984609,38.84231369315121,0.3837635092423738,37.801366807445724,39.74517382225262,1.943807014806893,-0.0020681272914992253,13.755901941919248,3.154937001054431,6.788523582017559,20.78958452883743,14.001060946819871,0.04541406870085876,1,1,1,1
375.03614202411393,77.0342851875121,196.12017585071496,505.3151541156619,309.19497826494694,-0.9604839123995472,949.8978996666401,49.94243536757089,812.3174739566889,1072.663591870957,260.346117914268,-0.676478052506658,145.6089573408618,29.676142260935105,63.36238157736838,207.55256110699685,144.19017952962847,0.08296978824930483,38.863584731076216,0.40561163795835986,38.20278065199343,39.92638834574613,1.7236076937527045,0.0010359642317923257,14.290196109291333,2.465681756761526,8.340437914096077,19.624584615161627,11.28414670106555,0.0031950990001032484,1,1,1,1
393.3122572799189,85.70475422630025,229.93467003625574,680.3483802645521,450.4137102282964,-1.2077078512892834,955.2551668549505,50.44307930186039,837.3921761871585,1060.5929002532457,223.20072406608722,-0.23032245531078344,140.23270411142173,31.56342168747199,72.02015630300593,229.70569528094012,157.6855389779342,0.578388322268014,38.7540384497557,0.3704357099051346,37.86864934798822,39.62793329395392,1.7592839459657057,0.0012616949628604967,13.724384244064336,2.7734780678519786,6.999985192535922,20.078558960626438,13.078573768090516,0.032858322771952476,1,1,1,1
366.298365742822,72.51901326079438,242.5665913037234,546.6001647561525,304.0335734524291,-0.4212284472974333,958.789438655654,55.56533759136957,862.2423428186869,1110.1101075205074,247.86776470182053,0.7292333225509371,139.77600619288714,32.07364088160089,68.89125451670265,205.7226756567206,136.83142114001797,-0.3227365437087414,38.802684751126655,0.4177400052999356,37.92824389913693,39.836853473492056,1.9086095743551255,0.0032464004028625744,13.154746351583796,2.735325614995047,7.663406652148015,19.569136731658347,11.905730079510331,0.02328497871152294,1,1,1,1
379.4124947927815,69.54663211283561,192.41022719485895,502.60470637708977,310.1944791822308,-0.21596953426115698,946.646098509438,53.55592546090808,811.3372325119501,1054.7889088164734,243.4516763045233,0.27698281561730853,138.3020202951551,31.8642264723325,81.85035752777486,197.93674523140103,116.08638770362617,0.07029942406691535,38.773601123909174,0.36562420324961986,37.885297811521596,39.48317905162437,1.5978812401027724,-0.0032801443470884596,14.162078985154288,2.4233371812244417,8.493368246888267,19.44660064133479,10.953232394446523,0.02177558489073859,1,1,1,1
359.29018868835914,77.38677001529932,218.344320795643,572.4418332939324,354.0975124982894,0.48147699643191316,961.9656303114751,48.811170647117684,843.4766235920408,1082.0392260131584,238.56260242111762,-0.11154046452137308,139.12838146328963,27.050035646514342,65.36803350400669,198.49463194057248,133.12659843656579,0.19668320171139217,38.85029050711299,0.476517059317616,37.26908760425282,39.93120069079299,2.662113086540174,0.00349142492202362,13.530657356758725,3.0005901971897173,6.048792012165981,19.878452977263585,13.829660965097604,0.02814667158442088,1,1,1,1
367.3778741247065,84.97832666303239,178.7243000037554,555.120361783042,376.3960617792866,0.40151873700443386,949.9845609578082,47.726130970852246,833.5432915224322,1045.2953931643126,211.75210164188036,0.1750162450056345,142.19527011993512,27.669823918077043,83.60215271161596,198.41380650755718,114.81165379594123,-0.18679244501814118,38.771845205104896,0.45653462623501584,37.593927875476965,39.9343027477086,2.340374872231635,-0.0025285285868678186,13.771655032448088,2.9262714124108387,5.92606201055947,21.241545243199447,15.315483232639977,0.006328821534505656,1,1,1,1
372.95884276086014,72.14117282914431,153.7826188220774,521.0630606467164,367.28044182463896,-0.35890954947020687,955.7746509020405,45.19678035423646,850.3288738280802,1104.1272467705805,253.79837294250035,-0.13654245494127804,139.5677902576558,25.100034047031315,93.18742816119352,217.50621557039594,124.31878740920241,0.43883457165427625,38.84138553855206,0.37226573687122755,38.228645004153236,39.673780026006405,1.4451350218531687,0.0012892455525461107,14.33718147177761,3.0796129877781917,8.32919785523531,23.050157628947908,14.720959773712597,0.01715133010485466,1,1,1,1
376.4024331014404,74.08922567630164,242.73239569520985,590.6097840008663,347.87738830565644,-1.316135261274699,961.2574181101595,42.46490154680997,863.4760301727343,1072.0161412474376,208.5401110747033,-0.255731846158288,137.064288789663,24.147943426871397,88.24150744848296,204.53957860834294,116.29807115985997,-0.012075411049942033,38.7926506542895,0.3424699658751677,37.86131205112234,39.773192951640134,1.9118809005177937,-0.0013726160055877955,13.670810147196578,2.9488099090677173,7.929365986981649,20.03053615852417,12.101170171542522,-0.045921186121439396,1,1,1,1
372.04004840524215,97.71721800093707,105.39241472099212,548.3744100166025,442.9819952956104,0.5128794037168609,955.3999117679498,52.742393090736265,857.6973509028905,1067.629592607382,209.9322417044914,1.0655598453142148,146.1359485487283,26.70867002407321,99.39914072028799,199.14125632606027,99.74211560577228,-0.02196862030133606,38.829284553989666,0.3960992105763702,37.980780846039806,39.67063510937921,1.6898542633394058,0.005902125805909955,13.436965783896628,3.333721268797108,5.408193262394988,20.063637142104184,14.655443879709196,0.00850579724046426,1,1,1,1
375.1369756719355,83.73779282005685,225.60717451144794,550.5361252447794,324.9289507333315,-0.19785566018943185,947.0689820862603,43.74755976394734,836.4535733893935,1024.209881820605,187.75630843121155,-0.32315417548522024,144.84788136453506,25.616029227041714,88.50012551819086,209.21312249654915,120.71299697835829,0.08334411473500526,38.81802640270662,0.32737620164914877,37.98073750373462,39.49948714182261,1.5187496380879892,-0.0044632703885815195,14.532462844227181,2.9046274366879925,7.229204634359906,22.887551898103457,15.65834726374355,-0.01708765966561462,1,1,1,1
355.85839898759025,89.97416497932198,192.60048331708128,564.8862273873006,372.28574407021927,-0.47661773968328147,950.0162278619292,50.48497504716791,824.4956135865696,1096.0280600869464,271.53244650037686,0.38365148870038646,142.22317976257915,30.705001778032777,69.56838354316248,219.52858367346386,149.96020013030136,0.4430796516486769,38.84777229124642,0.4411453359224927,37.96064512701905,39.93770874851524,1.9770636214961925,0.0006106647155483037,13.538768038275652,2.706390074539864,7.287264530840929,19.486666300397623,12.199401769556694,-0.03433430968983811,1,1,1,1
367.0883024739111,79.04448105960809,185.38087424753235,513.7829066344616,328.40203238692925,0.2396865819601203,942.7674416273823,55.60778641974468,803.9523416775794,1050.9747997798124,247.02245810223303,-0.11230602320636697,144.507747876935,28.061612975239736,83.99116479686694,207.70182208910893,123.71065729224199,-0.3187120116519376,38.790801092254185,0.39942505256535854,37.84387929593939,39.62892831544357,1.7850490195041786,-0.0016937779093780683,14.31731026774687,2.4821053263053776,9.571443080221314,20.94644702488648,11.375003944665167,0.026392117872933683,1,1,1,1
369.01969995339283,69.201267857486,201.27382571205573,535.8710552547778,334.5972295427221,1.1421346242135504,950.5482974704369,44.1946835275005,829.5109559085871,1029.1728548106505,199.6618989020634,-0.2177689429382074,141.03839224335593,29.28130452492317,75.10765612159663,219.64295349027188,144.53529736867523,-0.01750191249641065,38.8357810747168,0.3386070134114323,37.89217308969923,39.54736296217031,1.6551898724710838,-0.0010331115403630932,14.702544969968212,3.069499462259468,8.788432484906771,21.307219811589903,12.518787326683132,-0.0018231267888391216,1,1,1,1
398.2877295141093,71.03876681698603,228.08898194289708,585.9757668080839,357.8867848651868,0.5660321793062808,947.3290603747158,51.89151016366279,800.4328639364267,1090.16763654019,289.7347726037633,0.5472756198565903,139.99983471747547,27.09900842898141,61.80379250012571,196.18101988520735,134.37722738508165,-0.0531260682471823,38.938031158297434,0.39212869541964746,38.01426609524876,39.91412822953586,1.8998621342871047,0.0018942103690884784,14.08945187065696,2.7477310226329905,8.986227376080752,20.559954034897814,11.573726658817062,-0.008853436187776538,1,1,1,1
384.4108868171231,82.2065479195995,210.9887821083244,517.335235881231,306.34645377290667,0.38853025205824715,960.263321428149,59.556108324511555,769.2372256793344,1070.9197473206232,301.68252164128876,0.24878692386924048,135.1143318434275,29.817543818871485,66.59365340083097,220.40856939131882,153.81491599048786,0.08143286570121042,38.8713091882453,0.34229160175296497,38.00024063234655,39.623415769577136,1.6231751372305894,0.00032790535722654573,14.008192582561152,2.7374013334820173,5.509622708333858,18.718905074526795,13.209282366192937,0.0020935215701734108,1,1,1,1
360.5364480842169,91.4682099012814,205.43119596747,557.3711194206955,351.93992345322556,-1.4626585680629058,941.2969635558012,43.85309109501263,859.2845394864069,1053.7544535620489,194.469914075642,0.2446641892399713,142.07773398596547,33.50690948106977,72.8719774108426,211.20311883296696,138.33114142212435,-0.04234874596340978,38.80649123706388,0.4471265419117261,37.84808480958564,39.64653740514518,1.7984525955595387,-0.0029252094840213536,14.210655223889255,2.4264308755204316,9.06679777368932,19.600411355242006,10.533613581552686,-0.012962847448117088,1,1,1,1
377.81657393516724,86.93478083292999,169.73932056818313,572.2605281322546,402.5212075640715,-1.0811855020927346,933.1358406933833,46.75348668382754,835.4839074858077,1035.3223913360828,199.8384838502751,-0.02050156288519082,138.85186571098654,29.517814609100796,76.96407763005799,209.80126768832366,132.83719005826566,0.2208434836123869,38.85514135529681,0.3714163725469269,38.028654708288926,39.89929364962458,1.8706389413356561,0.00013544815022602529,14.456556804979822,2.865325478452755,9.078019379456567,21.377640281733882,12.299620902277315,0.031448398649745087,1,1,1,1
389.3487071737789,78.37947662554885,188.37126178639522,618.7064558923696,430.3351941059744,-0.02959008026254244,947.1409300704021,55.266728365638905,838.1181803165866,1090.6970170049333,252.57883668834666,-0.5150764228997131,141.97703288630177,25.592370739028706,93.86875708465774,187.9747498516017,94.10599276694396,-0.22249705719555404,38.91171382804162,0.43053924937397486,38.02261075487377,40.03912204652133,2.0165112916475607,0.004820867574649458,14.49315208835513,2.9413154379819773,7.7951429509405274,19.766927475944144,11.971784525003617,-0.03478602653240831,1,1,1,1
389.4309498656161,67.59650139453697,258.6427650617816,541.1690363812706,282.52627131948907,0.18982013571195971,968.5952185578017,49.48260151445237,834.6956949408954,1089.2883128932642,254.59261795236887,-0.9332880434330824,143.1165071553306,27.789473718182325,87.95461680421408,203.59633284057975,115.64171603636566,0.11088350884215066,38.72366317164254,0.42123012149122413,37.727922889393156,39.71693198156177,1.9890090921686152,0.006891257497202531,13.903628530771513,3.0259450800709686,7.505750699080668,20.5252314603793,13.019480761298631,-0.014409596677901572,1,1,1,1
380.7280263476964,84.05020614819256,140.61497200816123,545.3798665869324,404.7648945787712,1.8298983466283578,957.9794142976945,51.43498340250879,800.8843733678865,1054.7390282951637,253.85465492727724,0.19502467730781048,132.064980902264,33.276355348357505,58.41501814649756,225.93220581545364,167.51718766895607,0.16693550333835264,38.81249693449143,0.40794390528648,37.82534239184104,39.53815906375801,1.7128166719169684,-0.0024320684260647507,14.555322241707675,2.7438380801850264,9.427366189222262,21.305924718673566,11.878558529451304,0.015427629655568438,1,1,1,1
379.6884366269523,76.10969553478269,164.78535008711026,519.8608016537787,355.07545156666845,-0.6730318284794023,952.3082040713259,55.23371081263887,853.1162423384495,1081.7857087151112,228.66946637666172,-1.0893346317164194,144.06262948055596,23.502951287611282,103.30364085262596,197.7063319298936,94.40269107726763,-0.3128075568960827,38.72995019600692,0.3756077810101349,37.82772049221404,39.561931079519816,1.7342105873057747,0.0003605572220198006,14.414667093402846,3.636198002919842,5.168799585842768,23.198601006186806,18.029801420344036,0.05042406920701932,1,1,1,1
385.28914848683263,72.5774797982792,180.4143663489387,535.7316732037757,355.317306854837,-0.5016367229626061,952.8221651255184,54.39327737853462,815.2216009776773,1059.3151428798442,244.09354190216686,0.8103776725707045,136.34827758410995,30.85298461628432,69.42319613605531,208.4163737499262,138.9931776138709,-0.23598343671682256,38.80992080509579,0.3583777240031497,38.074396283443996,39.82209906629062,1.7477027828466234,0.00307055584583489,13.67185326629934,3.074409148929276,5.713354453887575,19.937025849697655,14.22367139581008,-0.004567499901725879,1,1,1,1
365.4498973008802,77.07688660937784,203.88626330955535,522.5616851881582,318.67542187860283,-1.1103622392347863,946.3389017370839,47.239276734014865,864.0602469828159,1043.6893805482916,179.62913356547574,-0.4725381119578931,141.9746148840919,25.016413041865693,95.35657010983518,196.02424997158138,100.66767986174621,0.1446770974940409,38.690186804378634,0.46193811838891147,37.67621028084625,39.5961646639881,1.9199543831418495,0.0013470260410077394,14.71680724229866,2.9184652844915724,9.060049729030744,21.43547790836855,12.375428179337806,0.02947346951208872,1,1,1,1
374.26007941488695,85.48761654384131,174.73271143680688,579.3373147644712,404.60460332766434,1.7999585007392132,946.7441591250869,46.57288217370294,828.9761452331595,1030.8486683684832,201.87252313532372,-0.375518997390598,135.92762122457327,30.046245971179257,59.259447381428515,195.34535115382374,136.08590377239523,-0.3040279408372452,38.77595950286627,0.3506348782226752,38.12736043540457,39.41790309485521,1.2905426594506437,-0.005795509558156442,13.744064770832436,2.4951827182932154,6.829017249849059,20.685182028644327,13.856164778795268,-0.0032653244602814887,1,1,1,1
382.49952770830606,84.54928689826906,197.9837720822857,574.6609147463482,376.67714266406256,0.5092281945039536,956.354851131553,55.123542711502175,811.7077733723429,1061.2195397854796,249.51176641313668,-1.4106987279340106,141.95786222106307,25.591522868985585,86.57556241704827,213.6272188172705,127.05165640022221,0.05179706350926439,38.76307964106218,0.5018116651375332,37.921779518224085,40.18699853469465,2.2652190164705672,-0.0010697210245035832,14.078223003556413,2.856046576379659,7.62741173245275,19.831309480343165,12.203897747890416,-0.023262893498053973,1,1,1,1
379.6436771677553,74.03579929750443,157.29362760924903,533.1061547970777,375.81252718782866,-0.5568005019934845,958.2558800815482,48.448049661840734,862.6332660774619,1072.0144275082876,209.3811614308256,-0.4356337573157224,145.25102672462643,31.888475811938378,74.53372986092376,228.76036389997853,154.22663403905477,-0.2414371937309585,38.836232305001225,0.4259669914244229,37.661009096844786,39.877045941760926,2.2160368449161396,-0.008573438998826335,13.660008957673352,3.3026454029484165,5.853868852135422,20.083023323536455,14.229154471401033,-0.06180308945227251,1,1,1,1
384.0215932236375,88.42263881555016,206.96561387426516,550.6530057442577,343.68739186999255,1.0091979845095207,955.5455237956736,39.88502352236649,876.8215721712396,1043.061544499079,166.23997232783938,-0.02130705671962964,141.32075923894695,35.688641031801254,56.70578532874663,228.9396963969939,172.23391106824727,0.3714609987065449,38.80215685593385,0.37491867969311543,38.072922847529114,39.65673262930425,1.5838097817751375,-0.0007870275385742794,13.78515818267822,3.1345178859248914,7.657906694221696,21.531637898197843,13.873731203976147,-0.00929751506032688,1,1,1,1
381.1388423159535,65.43886863495666,222.58981735006213,517.1444593796583,294.55464202959615,0.36656387002979335,948.1697555116579,47.73819022913761,827.2355585734063,1086.1573034634098,258.92174489000354,0.9432429788530021,141.28832076361374,25.604597828098917,87.55885158775766,206.5516124110991,118.99276082334143,0.3051801256811751,38.73647935476921,0.4265821363911408,37.784865847210376,39.72240785813675,1.9375420109263715,0.0016036087925401453,13.953830217074668,2.204110351965513,8.425073094808551,18.490351765164714,10.065278670356163,0.020176345541046577,1,1,1,1
383.27741340723304,70.64405473299169,237.84522495033823,535.2648321476986,297.4196071973604,0.3221199555108605,946.0793427207796,57.578610232047915,801.8152986914065,1081.981369459161,280.1660707677545,-0.2128355301903739,131.7593965651665,26.52777573569849,76.26405889536451,184.35584221681685,108.09178332145234,0.19302651373521454,38.77157228390858,0.38444380285689433,37.819717505825956,39.647176815451814,1.8274593096258585,0.0042699884066384666,12.608885677733237,3.4355643010573984,5.985080597733173,20.008738660270474,14.0236580625373,0.029922778639091745,1,1,1,1
381.18257155916086,84.54303168209094,143.6514620199921,565.5689186089023,421.9174565889102,1.034733271916583,955.5390007060577,48.567590188405575,847.3733430667379,1048.2738163602642,200.90047329352626,0.38525475747654936,140.08273889788697,25.421579193008196,97.77297101002608,194.28831914846353,96.51534813843745,0.388752291479732,38.802838576625135,0.39988404927161014,37.983471524798695,39.66968016562976,1.6862086408310617,-0.006024300196070628,13.231221316428359,2.6008799465622605,8.221046934580766,19.02160067541063,10.800553740829866,-0.010769663233991497,1,1,1,1
387.0284020913054,84.6000945214867,186.38340351730818,568.6262184723442,382.24281495503607,-1.0157805713535102,934.9178722493841,43.87781394930837,819.0799903606176,1011.5324677962273,192.4524774356097,0.837653363414862,140.42109921786601,30.736931726914314,84.77305489136555,201.95852612906663,117.18547123770108,0.3722281799623112,38.868561002140424,0.3994373830820775,37.94351857396677,39.80043362345069,1.8569150494839164,-0.004010882703267904,14.012313981900734,2.88920997081463,7.360321157529308,21.256998037038073,13.896676879508766,0.04299432584834353,1,1,1,1
374.86579760766386,75.67847059830669,213.99114939611616,565.7277282991038,351.7365789029876,0.41522648919202443,947.091770036989,52.19252672119712,833.6886093693206,1083.1039677447652,249.4153583754446,0.7460378927303346,134.72599471614316,26.91293677977012,85.19060380912337,200.93950677512777,115.7489029660044,0.11869295248807313,38.94112734612663,0.4348314369407896,38.18235518270926,39.86835026420774,1.6859950814984828,0.005534534104436231,14.140791228285376,3.3232391958281045,6.021329021962655,21.932780577211155,15.9114515552485,-0.06308419191773679,1,1,1,1
379.1347389308979,86.2769626923736,169.53382344736707,594.6928578396319,425.1590343922648,-0.051621670104973406,954.1976281389311,46.024404578724855,842.4493514455893,1078.7036424282073,236.25429098261804,-0.451326232406169,140.31663412008598,28.706087000262247,71.87611716884885,201.64686942341694,129.7707522545681,-0.21133626281419782,38.85690435356981,0.3124899604496979,38.33563496540493,39.71512694935572,1.3794919839507926,0.0027673617723412945,13.945309800535908,2.744447642820733,5.930415096082935,19.269084880502824,13.338669784419888,0.04906505956988305,1,1,1,1
385.47440184552346,73.06273431331691,159.31026140087374,523.5760138053089,364.26575240443515,1.2090249150984453,961.0786642109557,43.719273550647756,879.1563476162984,1044.294540489418,165.1381928731197,0.5345606397233147,140.77625675458503,27.3474393758339,78.00487163791144,199.3805379504775,121.37566631256607,0.16151934897827275,38.74139136383153,0.40410288839565617,37.71475689856687,39.534581274983964,1.8198243764170954,0.0011362712337563388,13.654582175057453,2.9414108831683037,5.404315193547834,20.834157132733495,15.42984193918566,-0.06471938950815359,1,1,1,1
377.5959280427529,78.19470305208065,221.31484843690265,580.5664676545485,359.2516192176459,-0.319214407957995,951.4837086814282,52.85550520813934,824.6694871091735,1056.8971737226311,232.22768661345765,-0.09428910967369344,141.50828450397063,26.859524310276402,72.44282878830424,185.18490192849322,112.74207314018898,0.29529734840388516,38.85724670951207,0.34255066017339025,38.14415458479514,39.558373646229995,1.4142190614348564,-0.0003927615262165026,13.616009342706127,2.565570293262243,3.939489539575936,17.68421995953165,13.744730419955713,-0.025722488035759772,1,1,1,1
371.7270721313082,71.43195026728804,174.08865765939174,537.8794903246248,363.7908326652331,0.3957800804119244,945.4824123400415,52.11460426582828,812.9237685227425,1065.4338975182022,252.5101289954597,-0.33944110908291864,137.71439893516688,28.713027663840524,88.05102889075383,199.63369194827575,111.58266305752193,0.019401900077111546,38.765376874532,0.39254282128202983,37.79771225254061,39.654398704065486,1.8566864515248724,0.0018237984132473527,13.511290379829665,2.4332788182273717,7.599082750774059,18.674803181240655,11.075720430466596,0.02175921592347587,1,1,1,1
380.5192850701262,70.68380232742827,216.54177457296504,523.0075690352185,306.4657944622534,-0.9363324712849515,948.1851985423003,44.55628121292324,857.3606100953249,1054.703603898869,197.34299380354412,0.22509116714411534,136.76483946943293,25.102033711993883,85.32025941424305,189.39310151737646,104.07284210313341,-0.34331282260573287,38.66791523651184,0.3547428833128317,38.055404111005956,39.5499135198183,1.4945094088123412,0.004114611458538448,14.603044988613194,3.1553297251822383,6.504465225726369,20.543159789551325,14.038694563824956,0.018619291808174013,1,1,1,1
397.5679570119284,72.09119162699623,232.65881915152121,585.134124275206,352.47530512368473,0.049727425783419654,951.3737105270488,48.52846324756177,816.3883135564676,1078.6147148920243,262.2264013355567,-0.8447794948961641,133.28583028685327,32.93650394948892,13.09638089500308,224.1348954277148,211.03851453271173,-0.11141538765150971,38.7784017345298,0.42882218104779374,37.78636728218444,39.70252197729006,1.916154695105618,0.002363564048489905,14.096815761948926,3.4217360432889796,7.12471925196936,21.060218342769538,13.935499090800178,-0.006984244575892974,1,1,1,1
366.92971817257495,81.02906712691642,193.0355934093064,548.8054468329397,355.76985342363326,0.01793873587848544,964.1128082854661,55.33981404210394,861.3845494748668,1079.758868746595,218.37431927172815,1.3923491531835117,142.05588577639026,31.430387803689573,56.311898821203414,207.00187436648292,150.6899755452795,0.1015747834742391,38.84726823574711,0.4920983485959548,37.753410114074924,40.018079567944525,2.264669453869601,0.006441399734026353,13.559377678913455,3.064315032950719,8.304254799003552,21.854521386782984,13.550266587779433,-0.011311075559128551,1,1,1,1
358.12806820915813,85.2365655216911,135.8649049580416,578.3791141472302,442.5142091891886,0.2675695232145089,958.6771375583552,43.30115203155659,866.0076793201704,1052.3437251945045,186.3360458743341,-0.3678620331310101,140.57375839999523,27.404879363566295,77.24845787538146,232.13000896220143,154.88155108681997,-0.08932674811811284,38.71359317834828,0.43641680989709114,37.84592882601689,39.98458735736029,2.1386585313434026,0.011711499016522629,14.639404127819386,2.5444995371619865,9.422033257293815,24.095055705542975,14.67302244824916,0.007943966452322199,1,1,1,1
368.72489070563114,72.27317085646143,206.47875547582788,551.8657194386919,345.38696396286406,-0.975539690326244,965.4703574329745,49.6318827113495,868.0730380865218,1071.8598065857334,203.78676849921158,-0.10293614607713661,141.71580183009183,30.42971873442651,48.24831899362641,190.86363667478207,142.61531768115566,0.5102826688092839,38.808015449966305,0.4014311450954352,37.937683510650395,39.56683243950233,1.629148928851933,0.005079122148229981,13.860694297998757,2.8236479279784197,7.631957389299547,19.342516450464682,11.710559061165135,-0.019535329602129864,1,1,1,1
381.5211453250064,80.48903949633865,102.73714115207355,543.721800057983,440.9846589059095,0.9033300045424759,951.4069839444776,55.03502055809438,835.7722405747751,1088.0421818938391,252.26994131906406,0.19339786783008717,142.24205071172867,29.4015363097891,61.49252784807534,205.59938337782262,144.1068555297473,0.3238010613328316,38.887231783425015,0.36378499635386985,37.8756602723649,39.59453083552637,1.7188705631614738,-0.004706450169166995,13.432734237356895,3.118165967335638,5.707353698920674,20.204105533530786,14.496751834610112,-0.010436897176267643,1,1,1,1
394.49481804735404,86.54706940961367,177.56781918713693,581.9085182220354,404.3406990348984,-0.06864995457199385,961.2536943685221,49.09848328827015,867.6231766658775,1055.0930227150436,187.4698460491661,-0.044430732609089155,138.28647198902422,34.2987465144521,62.322665386707214,216.4982005381745,154.17553515146727,0.018963776914425284,38.75986647680456,0.3700771518633509,38.00328275291779,39.5855479545755,1.5822652016577123,0.002919281729466404,13.751682324494963,2.7049763550431725,7.48719286403341,19.32054443373764,11.83335156970423,0.005942490917399178,1,1,1,1
383.7160240179939,79.33521399877104,251.18970136803574,555.4735640163462,304.2838626483105,-1.4058747183399225,960.6825009179614,53.219821744758875,822.509219560884,1055.0863023349448,232.57708277406073,-0.5965454088588643,139.18723847721827,29.370377345830708,59.28121073825152,202.34945842867043,143.0682476904189,-0.5210234596392452,38.819991967169635,0.33630989684676954,37.86942962836286,39.593393338028726,1.7239637096658669,0.002690868749969429,13.871055802965357,3.391681533640929,5.587010446685948,20.553633422671336,14.966622975985388,0.02942307293827866,1,1,1,1
360.49282343009406,94.01748797249597,149.5353097389377,553.0183668483921,403.4830571094544,-1.6661434394692065,940.2655184792515,50.1286208785479,847.6719260450384,1046.3801548545216,198.70822880948322,-1.0018205101858109,141.98986437723352,27.606578963008083,56.89152459107328,186.07700565074794,129.18548105967466,0.3129887119611732,38.74261695917574,0.3567753294570099,38.0208836773165,39.480733855825086,1.4598501785085887,-0.0034009415349192645,13.476296356504138,3.3400587174247263,6.95062628598364,22.61736387106759,15.666737585083949,-0.025039594703495104,1,1,1,1
368.56105811330417,72.16937759002198,224.65637391305395,513.3229441284994,288.6665702154455,0.4386737785130489,957.674597693923,39.69362418390755,841.3664383917114,1047.773218193161,206.4067798014496,-0.4515337314172349,138.32193226029335,32.27625619612787,67.03573671341121,186.67958485769,119.64384814427879,-0.0709262770130708,38.704635993017966,0.35066894020533623,38.12614634190264,39.556520618846505,1.4303742769438657,-0.0010120074295152492,14.492439613906868,3.4923209043212817,7.39620723383195,21.98343240596026,14.587225172128312,0.0096215245828808,1,1,1,1
388.58435357035495,85.67860591236757,211.57643997633585,595.4810123170669,383.904572340731,0.9480624499749134,952.1963729529406,51.87707929766825,850.4855490753682,1111.8797390851084,261.3941900097402,0.5033661270393452,146.42247755456373,29.781099118107363,93.62354899081646,215.7382842954491,122.11473530463263,-0.32615490612045284,38.81418010631183,0.4008330445382891,37.980293428954596,39.85997535868228,1.8796819297276812,-0.006039965665317275,14.400922889734424,3.1489657343966035,7.155548497506852,21.46399400332488,14.308445505818028,0.002964517507788521,1,1,1,1
377.45648094483914,67.2554043400568,213.0481670917244,552.7768984308664,339.728731339142,-0.027394129776700485,960.6626550804624,53.612822055352936,821.7466831401648,1062.0856324947652,240.33894935460035,0.04618129998580257,144.1063238457835,25.20502056231269,78.42205607951374,188.56185783012583,110.1398017506121,0.06903983069075537,38.815332407023604,0.437089255509268,37.66707913090059,39.577072435214625,1.9099933043140354,-0.0029341209327367027,14.332986110793957,3.0635443463387624,8.345868102955897,21.42526548459847,13.079397381642572,0.015217948844960649,1,1,1,1
387.4707252202654,74.33769998245864,200.067049471056,524.1183662403016,324.0513167692456,0.2719709251821552,943.4088976495689,52.07618484486183,787.8916748017474,1080.4959018480704,292.604227046323,0.9200906548865188,135.12527774612528,32.599870176119474,40.417828142157404,183.94094110915262,143.5231129669952,-0.1759388926862146,38.73761614356978,0.3481776193205511,37.75220155504811,39.461307755977856,1.709106200929746,0.0009528203266287561,14.38621767636355,2.9042552127628647,7.07523068224851,20.86888225054794,13.793651568299431,0.016514380048816463,1,1,1,1
371.6829116798392,66.61062578925409,208.9238479848311,488.048666639816,279.1248186549849,0.47264547938937085,962.5133050149601,49.636061508991595,843.5373349913208,1060.83317617948,217.29584118815922,-0.2205041320581939,142.68357623397998,25.593603189421362,87.31642737537504,201.80804704779717,114.49161967242213,-0.22589077660126897,38.71852605413458,0.44349005545812237,37.9420502058039,39.749907013060024,1.8078568072561225,-0.007947477824416418,14.42963279587191,2.5531764852219814,8.947372890162967,19.631101915984793,10.683729025821826,0.0007714644943531115,1,1,1,1
400.94184093930875,69.60875273359255,268.41514598392916,576.7785009121127,308.3633549281835,0.2506326169185134,949.0409352842283,49.90789927539294,856.0282077301099,1087.479021691556,231.4508139614461,0.2854483123715918,143.69664661892654,26.409907954202637,96.67322380024679,201.98858259821245,105.31535879796566,-0.07488489853150772,38.793745826478656,0.37329878707886943,38.03278056336464,39.63172009294192,1.5989395295772795,0.0030255174414853354,13.530099939303964,2.7857534147258693,6.973504300234209,18.486853473698392,11.513349173464183,0.007544596803133068,1,1,1,1
385.08409354511366,90.85051068790733,173.7245176045968,645.8040453769927,472.07952777239586,-0.8155334837334351,953.9831880185958,48.17442222775492,876.1940903303567,1043.5231618211603,167.32907149080359,0.901916533649728,136.56495283381074,28.083807387952724,76.39933946018677,189.65275447792806,113.25341501774129,-0.499924927443026,38.77391212826392,0.3851654112346873,37.70573099090039,39.622882669818644,1.917151678918252,-0.004889853780279749,14.77503330384905,2.9538188161136327,7.12737705309332,20.914322861376768,13.786945808283448,0.03157378849621881,1,1,1,1
381.92750236412076,71.33870616845982,188.861066876192,535.5652161324809,346.70414925628893,0.7182973703604344,949.3570638453183,47.773639124009755,844.8530228492085,1053.1515225654168,208.2984997162083,0.5153077826443226,140.06219818775568,28.603836062477292,89.44290636743023,202.28073423831103,112.8378278708808,-0.028371577759110787,38.859251731295096,0.33223834500236743,37.9449768557875,39.48998747583713,1.5450106200496307,-0.0008300912805180398,14.057404573429851,2.525019749495647,9.5409096723401,21.60216980592824,12.061260133588142,0.00270786609990279,1,1,1,1
375.7679281262531,63.5742843571798,266.13845669508953,497.66263797347773,231.5241812783882,0.3109784331185062,941.7331889309155,55.481686422759154,749.8961673258295,1052.1934303927026,302.29726306687303,0.7312899706627226,144.32728473625133,33.53434634358348,36.06112865902077,211.9411241061842,175.87999544716342,0.17134940401412532,38.84211646263633,0.4243893364433561,37.83222016117993,39.89312379387588,2.060903632695947,0.001963759575216163,14.174793677012001,3.460223830090841,5.787238503228634,21.07002204905276,15.282783545824126,0.035575075156736496,1,1,1,1
362.52027369103155,77.91246479433782,176.12815680290768,528.582278818568,352.45412201566035,0.6415928302733857,944.1117226356638,38.44432437891547,864.784945959509,1009.9707937750691,145.18584781556012,-0.2653325272999947,134.45401378014515,35.478960476024064,65.36142277505833,217.88304719208995,152.5216244170316,-0.4934684788031153,38.76686060655939,0.3976028603959457,37.859821163233775,39.64359215659012,1.7837709933563417,0.001171001275436907,14.045437443480266,3.349487981732418,6.850672873489279,22.954512227872925,16.103839354383645,-0.02850793023605184,1,1,1,1
374.39714463869063,78.46733239208682,208.43425251141096,533.1867841321267,324.7525316207158,0.3022494461327519,954.3124446231368,50.73278193337474,865.5146891837236,1098.7059013088372,233.19121212511357,0.31676804382701174,132.21214535932805,35.78431235955955,32.40672917583835,219.20703963564625,186.80031045980792,0.4360541783916441,38.713113137813124,0.4472615346505607,37.99341061693441,39.794926939845894,1.801516322911482,0.005145478287010314,14.108178485273525,2.5412821338402796,9.752982398014657,18.960822833750186,9.207840435735529,0.024494095262522247,1,1,1,1
376.72486943482346,72.85883339816526,235.18632771920662,572.025378816375,336.8390510971684,0.40960338068476404,953.0272600681402,44.63057907664072,874.2032306440714,1039.978026669913,165.77479602584174,0.1851387056099379,143.64240031456714,35.33452737844706,68.03751356314271,233.88544786496618,165.84793430182347,0.3195855240225751,38.81787392391356,0.4427230473126885,37.997493524696694,40.23828684013362,2.2407933154369246,0.0016453831159303053,13.915515310501284,2.4325995396162674,9.32716183281696,18.24683891576384,8.919677082946878,-0.016978367906120014,1,1,1,1
384.03674793779976,82.50042179770061,193.6190792732571,541.8466168995265,348.22753762626934,1.022129008508256,941.1938679853941,44.820775823374525,851.4035694387437,1035.4737480680649,184.07017862932116,0.23889369988929562,142.2990873528973,33.41196042441888,70.4632862764597,219.88655017610944,149.42326389964973,0.3631323897442781,38.86097888802437,0.47784316896004525,37.896203533741065,39.85627219298941,1.9600686592483427,0.0027916387225864593,13.791609453003145,2.980990254977652,6.174070433967497,19.123286162962177,12.94921572899468,0.01974014638404277,1,1,1,1
376.57435316795636,88.55238691497583,162.20373914112957,584.2643803605292,422.06064121939966,0.639607692797642,955.874262928922,60.239422070136946,816.2620038555194,1111.9418283224704,295.679824466951,-1.1600193607961808,145.39912292100806,26.778156988869604,80.48068785639194,225.3159864181119,144.83529856171995,0.2798626997460208,38.82988815213268,0.3223020201999209,38.2794829562155,39.64115504095919,1.361672084743688,8.619803704282344e-05,13.975991251223377,3.4284359935895536,5.671761537106116,21.124134958164955,15.452373421058839,-0.005147165889704154,1,1,1,1
372.0645192311087,66.51871825620925,207.43445554981687,518.6607642733366,311.22630872351965,-0.45413179800115,957.1615449148296,44.85584371953483,880.9623515824917,1097.7658269154754,216.80347533298368,0.12799859403530223,147.31915108633805,26.736072829531267,98.68073325696659,207.68486095665108,109.00412769968449,0.07380894780483835,38.91128597730241,0.4169301609582495,37.94789560221343,39.94848125476074,2.000585652547315,0.0014829466363392102,14.791528998811634,3.333883056949525,7.528995011816868,21.90418701106062,14.375191999243754,-0.014672762580614496,1,1,1,1
364.199839561291,74.77784870130071,185.71727914824817,509.77440662701895,324.0571274787708,-0.2699532816658953,946.2964969825329,51.848346877078946,828.4055262607864,1056.1719700845024,227.76644382371603,-0.2987574554164682,143.53673686079202,24.639690146934086,70.26359360536019,183.84415567805027,113.58056207269009,-0.310201567914732,38.76309582936174,0.32468137178129736,38.09978007964508,39.550801030596105,1.4510209509510261,0.002470955694251875,14.931840706947044,2.934732585761352,8.516668689633905,21.75069384713302,13.234025157499117,-0.037058503518864784,1,1,1,1
393.84356561448146,65.65534357833936,212.06489104132152,535.6943752980131,323.6294842566916,-0.19412076347540497,943.539648840051,49.92591339914659,835.8208847964954,1040.5216622773953,204.7007774808999,0.058384522960650394,134.63749084984772,32.21467379005169,61.599207980254675,219.2304378451437,157.63122986488904,0.10483993422876557,38.824409982925566,0.3818471099164128,38.12800942896942,39.58402153537094,1.4560121064015163,-0.0012737400386146583,14.30985776760806,3.0550461989610094,7.043180055271077,21.887840671465415,14.84466061619434,0.003135017038728618,1,1,1,1
371.3851510378759,77.99166395474884,196.6279918461405,522.3398066480943,325.7118148019538,0.21517166875822247,946.1754809278996,44.08929943928373,863.5812533860076,1037.572528357137,173.99127497112931,0.9130891008023801,140.68739785495998,29.122442424967613,72.92069749077842,199.74778016672565,126.82708267594722,0.14777236053048637,38.76352177981924,0.4016123708311794,38.08161874072236,40.02197307640874,1.9403543356863793,-0.0036185869962433235,13.999573754314936,3.3159915785191725,5.665441525279618,23.416081543171444,17.750640017891826,0.02460454100331734,1,1,1,1
387.31751921352566,73.51145467567825,224.12645235760087,519.9345345709465,295.80808221334564,-1.157471400371955,948.8786522193045,50.10214181721579,813.7182764603388,1072.429089883824,258.7108134234852,-0.10023616195914059,141.7214217180902,30.375875773726953,85.60010713893055,229.4844331877508,143.88432604882024,0.2764253204802224,38.79374685901217,0.4283883727339134,37.76272317317735,39.453473230656655,1.6907500574793062,-0.001460745194189404,13.638708514895656,2.875518498904722,5.675588095539698,20.224128202187885,14.548540106648186,0.0004529693624762192,1,1,1,1
376.39788190191956,76.20908526404538,182.72422369367837,572.8259239596186,390.1017002659403,-0.6510706923081432,964.857977715373,46.76609658280247,858.2282796542562,1097.4411962896813,239.21291663542513,0.7265393601037691,141.27490822515108,36.5212157078995,73.88153557733807,253.33450742717525,179.45297184983718,-0.06976782772621641,38.79313127980559,0.4240779527536728,37.4570208239408,39.76321261457687,2.3061917906360705,-0.0005876720072433613,13.717955094249648,3.0161491802824574,6.893886412560305,20.76262873100863,13.868742318448323,-0.0013550198475970258,1,1,1,1
369.7872955899445,74.35539999784399,138.59475819036246,576.9653664579337,438.37060826757124,-0.5737851474355369,958.6774174743099,51.173708181030946,853.4473336784129,1082.9333112632075,229.48597758479468,-0.07911062867252704,144.75968822698198,37.305044275146294,78.81468753352263,254.22023293286335,175.40554539934072,0.3432837629466766,38.78369928804747,0.38548531370180456,37.95823355843907,39.685204041630314,1.726970483191245,0.0036944424122373285,14.7826402628744,2.6922524947687405,7.55481332686524,19.189584260878284,11.634770934013044,-0.021826728856958175,1,1,1,1
394.05964162195966,73.32455551266762,240.23582543232175,579.9813350543188,339.7455096219971,0.7002949941672512,950.4238050916799,53.443191690115846,789.1814922222151,1102.5402544359788,313.3587622137637,0.18080482474234466,139.22069570106225,31.62726273164853,88.68386476527365,231.05524161991832,142.37137685464467,0.4237307611738564,38.71714335930299,0.3946501436349223,37.8931250523352,39.53815050181361,1.6450254494784105,-0.0016478141306169372,14.044639557745292,2.8180926984073595,9.740009791070243,19.219497341123763,9.47948755005352,-0.008199672092250714,1,1,1,1
381.51790540542225,90.71200310791114,189.21647711397077,635.4646168166794,446.2481397027086,1.319336128427695,941.0681466046184,43.39515064044208,862.4530730733894,1031.5905553623884,169.13748228899897,-0.3189290908714585,135.67045555393514,30.756212443836223,68.80510418358381,218.16568328986776,149.36057910628395,0.21465901757623404,38.80811813123095,0.4202648554443562,37.75773952806025,39.980426729300255,2.2226872012400065,-0.0015468596903587593,14.264292022985268,2.690706614098756,7.502338603647085,20.758004009703484,13.255665406056398,0.0453507306795849,1,1,1,1
386.97250701246213,73.33607127115442,198.33651090165617,589.1037339893268,390.7672230876706,-0.3190096984611486,944.7410961112265,48.19303245970216,833.0701276674762,1060.1638734794258,227.0937458119496,0.47892114924167883,135.97235294024094,29.16959746198437,80.7586240224534,211.18707879217257,130.42845476971917,-0.08526306191300334,38.76590613769757,0.38222458587653835,38.07427928772003,39.69652325377129,1.6222439660512578,0.0009077623585101399,13.969982466883696,2.6980621444399597,9.187958929932599,20.581223659562767,11.393264729630168,-0.011230649358900715,1,1,1,1
372.09156474424805,83.16303779318322,209.17409014899405,550.6228404500243,341.44875030103026,-1.0708279404874557,959.8135179333628,47.75634802597137,838.3425219556057,1047.303155469652,208.96063351404632,0.7322097392298165,135.63445015604177,31.820574377396195,82.43597819274605,215.31037107073809,132.87439287799202,-0.2988843191236782,38.74899045687192,0.3404436017351782,38.23744137056931,39.65402201632476,1.4165806457554524,-0.0005526742185563096,13.487839532331076,3.2497702494752105,8.380172589528161,23.564765146528106,15.184592556999945,-0.054078915469242046,1,1,1,1
385.33383508473446,89.98638270573734,166.54922600803505,539.8454164526516,373.2961904446166,0.0076788451884287345,945.5508570039736,55.14999821743854,815.8562172925564,1040.3913939322424,224.53517663968603,-0.32613640637252933,145.53977763581187,32.75065992664216,38.77238310845611,223.01858242641129,184.2461993179552,0.33964438346329157,38.832137692758764,0.42246257748777943,38.07254772421801,39.97372683285531,1.9011791086373009,0.004236970091565063,13.565404171672947,2.3257184578435712,8.68473718773817,19.094220309402438,10.409483121664268,-0.019913232303832174,1,1,1,1
372.2259277438163,80.69739786580854,159.27927686031825,552.1602482183681,392.88097135804986,-0.12885960328006046,948.1648379354531,50.53948759270442,826.1344252373249,1063.4317624301436,237.29733719281876,-0.04884813792628381,138.353331541722,33.51020051949072,61.0762164690135,208.30485697508806,147.22864050607456,-0.39305109404977034,38.81551894609167,0.4034900693711636,38.00570575591842,39.667940202032945,1.6622344461145246,0.003652133686989401,13.976574036169822,3.231826638299803,8.321139389818516,20.617118101162756,12.29597871134424,0.013250668178145455,1,1,1,1
388.74635331259566,83.93222652625691,233.17732673921537,572.1787453438445,339.0014186046292,-0.9883617184388894,954.5050598785019,47.7826259480126,837.6130592837626,1089.3237846837612,251.71072539999864,0.12677615473313747,134.62597918663613,31.641782885982114,71.70240727728691,201.16222550962397,129.45981823233706,-0.016884431186758867,38.75712132300164,0.49965987772506915,37.79994936892264,40.188136034963456,2.3881866660408164,0.00645669981490553,13.648364081790433,2.4803403208342676,9.213012622416077,20.458249333246254,11.245236710830177,-0.0029357726078959616,1,1,1,1
384.2667404517882,73.24537535225808,128.26901556972362,505.15808074923837,376.8890651795148,-0.406606086245593,956.6565728577974,49.45702775326937,862.8662543892957,1068.0159448874765,205.1496904981808,-0.5834176283705603,139.70185320976282,31.344800735660552,36.39713246926115,203.96837410639955,167.5712416371384,0.20286988117977647,38.72742303999935,0.3710466298054462,38.01073343169362,39.547230458256,1.5364970265623796,-0.001726759203764722,14.05270602805525,2.639276289188461,9.207181315701499,19.551804662048454,10.344623346346955,0.02253727274514933,1,1,1,1
384.0677685018808,82.45450985937583,197.22659905835786,521.6828852918281,324.4562862334703,0.38597934560552166,944.3667836462723,42.116033485123474,841.9102330603981,1032.8939599043,190.98372684390176,0.4397162029040027,141.9287162040837,27.34901773691154,71.3528731512772,207.8165939173985,136.4637207661213,0.40265463139811913,38.74147128341275,0.3952841563883124,37.937595575262606,39.62080780061486,1.683212225352257,-0.007991263876944894,13.695438824975605,2.724452240768443,7.844942062863194,19.252806284339822,11.407864221476629,0.01537322467299268,1,1,1,1
379.4852266882071,73.32634454705567,194.8387993186529,537.43334147404,342.59454215538716,0.6262284251576401,961.8180353440295,50.57922381794655,861.9920894671454,1048.3717490027427,186.37965953559728,-0.5933329184264133,138.36459602153246,31.049331404744777,65.61399086342095,205.74311203040205,140.1291211669811,0.01099293142645804,38.750104671649844,0.38175802660510066,37.94173699133391,39.69018273510969,1.7484457437757754,0.004334259562860222,14.155109517431692,3.0079119492748623,6.459402110272917,20.54735035061009,14.087948240337171,-0.07532174010887632,1,1,1,1
376.6122065907781,71.21775430262088,182.7378920936981,553.4879855998963,370.75009350619825,0.024875537699408454,955.5344343026665,57.52006014545415,787.8892484350009,1087.8612122372745,299.97196380227354,0.19125514725771137,138.99494731418744,26.108742522174023,72.53926861052517,196.76533079474393,124.22606218421876,-0.03190814667129849,38.781256618674895,0.40403917457077937,38.17824159397735,40.01119199747459,1.832950403497243,0.003021718250951194,13.83384689995821,2.844980633869873,7.680202945401371,20.130018876694326,12.449815931292955,0.0009416634210608286,1,1,1,1
368.83599361694246,79.18655646741223,199.07685478920584,546.9383320325834,347.8614772433775,-0.04571779610881731,954.9473313653524,54.24493033699567,852.7550301297929,1081.564974588653,228.80994445886017,0.4096385725737576,137.2995394939494,24.36374061760089,93.41899240481087,203.16914702083693,109.75015461602607,-0.026934314815778643,38.76530088327205,0.345495066827853,37.94197272222803,39.63763912823281,1.6956664060047828,0.00209107041681923,14.271043691530817,3.1143612292218066,5.356800256904695,21.67547416643503,16.318673909530336,-0.008857245370636624,1,1,1,1
368.64005340164397,64.10763879924374,205.98403701245343,507.2535892296992,301.26955221724575,-1.0369779271451558,961.7881233344972,47.86342404529544,872.7320532185352,1064.4273808856426,191.69532766710745,0.4404134576372304,135.66308444962678,29.84505162383062,86.17445327205587,192.7964092715906,106.62195599953472,-0.041387247195723974,38.85767612755516,0.4024622047615937,37.94951774587738,40.16284699142676,2.2133292455493816,-0.0017600382596083645,13.55768924834732,2.631179151455525,5.194705953701485,18.273061997100115,13.07835604339863,0.0055107267640474794,1,1,1,1
377.72765706629195,78.34540041499704,172.11497082050343,588.982280186752,416.8673093662485,-0.4662864874821041,953.7673199369218,55.634739940411684,829.2656264207608,1074.5534082527786,245.2877818320178,-0.5334970211526863,139.4836965120597,30.32174200984118,43.972063122980856,231.81543619681915,187.84337307383828,0.10377029119463456,38.765956885969786,0.383455251232562,37.97570174625206,39.98142646393288,2.0057247176808204,0.005699097842444795,13.927814972500503,2.4689061180734204,9.194093085635082,21.547285086503486,12.353192000868404,0.03842553708223927,1,1,1,1
359.8186761132942,77.25075054184408,214.4044695070701,533.9975000994964,319.5930305924263,0.7586003237442236,948.6117033936022,43.91536492418007,849.6736834211589,1048.167412232106,198.49372881094712,0.5726864711166262,136.24026293810394,29.914970680766853,46.247910623199544,199.78534065903244,153.5374300358329,-0.17989943432409994,38.7497624205933,0.3550898419645128,38.05563781566094,39.60518877807063,1.5495509624096897,0.001767088488675264,14.011511505705496,3.5990857590837586,7.238250109984812,21.983106935905973,14.744856825921161,-0.0589096113477561,1,1,1,1
370.6769142663025,94.25852045913459,209.92753598300624,626.0719166015267,416.1443806185205,0.7315118909537515,949.5213473799399,42.14936372081253,871.1125879204055,1026.5694787075572,155.45689078715168,-0.8866264506733044,135.0590202204213,31.803683192802684,51.52161759835113,205.79894160391635,154.27732400556522,0.009670337656026809,38.76987002602114,0.3572129382066465,37.86501780547881,39.57163888112865,1.7066210756498421,-0.0014020227785821171,14.272017470777794,3.09890117895589,8.068627061501509,20.58322872519046,12.51460166368895,-3.77035870191085e-05,1,1,1,1
384.36544473096967,81.12918114343478,220.61866303968281,551.6076632808894,330.98900024120655,-0.5942459088804958,960.5810823721255,47.1219406074521,855.6618100780112,1050.5982249430217,194.93641486501053,0.3294193349667608,136.1631310930148,31.64086388107203,61.92793726571131,223.18304755495956,161.25511028924825,-0.31544509535708354,38.78113380703622,0.3992632850655688,38.07587339677822,39.82954752761946,1.7536741308412402,0.00020814351571454758,14.20438708101311,2.805414971369302,8.801782436955094,20.226792827657533,11.42501039070244,-0.040889116647420266,1,1,1,1
384.0146883238582,63.79012828870489,218.20459553025373,556.463123164547,338.2585276342933,0.2427243185817736,954.8213335506546,50.6919195657297,847.3942656673418,1081.7690233822905,234.37475771494871,-0.060337961694670594,135.1063653340144,26.87078442791786,82.83068592579201,209.42442906585893,126.59374314006692,-0.21982136174509634,38.85539261185455,0.39980265433088075,37.72046741824201,39.60031460508762,1.879847186845609,-0.00022956257400641127,13.702205121359357,3.233120946296346,7.032943852301439,20.422994107915454,13.390050255614014,-0.0046352462843181385,1,1,1,1
379.1823568886918,61.27010104091183,234.56856413929233,499.6580067794531,265.08944264016077,-0.09955791691279332,948.2470333488964,50.63520959326814,841.7785437178778,1119.287198221479,277.5086545036012,0.0966635260223174,138.49301237774006,28.7840325023041,67.47917321289992,192.69993567974277,125.22076246684284,0.15250494944985116,38.9035816567505,0.43407373454495757,38.027494934842004,39.982099323672585,1.9546043888305817,-0.00212220872458802,13.598488444941971,3.0717211289285644,6.829583199419906,20.907494040754433,14.077910841334527,-0.003185389207365653,1,1,1,1
359.26855375636046,78.3036296552649,174.62355330821316,558.1337057671916,383.51015245897844,-1.7553775298843421,946.4927749305809,56.85434388436794,803.9872362248628,1048.8593322812305,244.8720960563677,-0.3374977919394636,134.72429494035768,30.317506416548976,51.01947183856305,210.7584657592842,159.73899392072116,0.13039317008973125,38.834021842084525,0.40334235287733516,37.6806725527735,39.53614034416894,1.8554677913954407,0.005925645971297907,13.577527644588038,2.8711235445427796,7.078848774659922,19.086745840942065,12.007897066282144,0.009814956718117272,1,1,1,1
358.502174851556,67.04788121699251,189.23718486087336,474.17146694494,284.93428208406664,0.8744048420161552,946.1891506788313,48.76868280927187,834.3018824383834,1044.6895802123604,210.38769777397704,-0.10723454636579048,134.66799038848112,28.90786356987134,40.79957001597106,193.82724710400845,153.0276770880374,-0.4462678362088213,38.75193812170593,0.3552698536133146,37.805490969871734,39.43115530671498,1.6256643368432435,-0.0008081614340302079,14.252754629228907,2.875264510872287,8.07947092174728,20.01788127934408,11.938410357596801,0.030811337211107518,1,1,1,1
386.1088739713716,61.33469802391537,242.80194817057074,512.1488788817651,269.3469307111943,0.45144632701762033,951.4637769306515,51.62295429091901,845.2480131477786,1069.2442028606174,223.99618971283883,0.7322087000208725,139.40436516415272,32.65681443602004,67.17047206923979,225.74868925810986,158.57821718887007,-0.05676574420732574,38.67689556479645,0.42523360657006737,37.94959526691502,39.569108012335484,1.6195127454204652,-0.006773895807519097,14.05013508183239,2.7325835956186237,6.975384086603892,18.938804591040885,11.963420504436993,-0.031205314830389862,1,1,1,1
386.6757112181152,55.431808500071696,292.8080719617524,507.2718476021164,214.46377564036402,-0.2631431881249412,962.6143579123674,55.26952843608614,841.5180633477436,1100.4741770558453,258.9561137081017,-0.43391169033793725,143.46851400635467,30.31284265721204,86.86590263790907,235.4166923251284,148.55078968721932,-0.2122648576156595,38.7150794124577,0.39933346929746955,37.83014896887722,39.63582224821614,1.8056732793389187,0.0037475043180090553,13.974429615576833,2.915019782832928,8.518064721563421,22.68755991301601,14.169495191452588,0.03955106555250726,1,1,1,1
386.6427340482355,87.42186812291811,180.9631654977673,562.1129260090308,381.14976051126354,0.2943082558355378,951.2180035878039,45.19952991495934,869.3189791555342,1055.472713418942,186.15373426340784,0.16866314497913293,140.97177429288516,30.97533781620171,76.75127923564935,210.58708437610807,133.83580514045872,0.1855081633525639,38.80191765166253,0.3244349794397563,38.24308445083513,39.76944441850385,1.526359967668725,-0.003836588119937775,13.884149145947415,3.0308796812724514,7.71672396508111,19.582573555908922,11.865849590827812,0.018119402163325145,1,1,1,1
390.2890468661481,60.145566632581,214.57167215863262,513.3788991157118,298.80722695707914,0.7153109415856574,942.2853006133195,45.622450479340145,838.0460313338025,1056.3164964358245,218.27046510202206,0.23993633092525612,137.00620796767163,30.7855836038622,46.6344771061556,185.58861613016575,138.95413902401015,0.06867972993019683,38.85794392416933,0.45524026137133294,38.03924706085498,40.13243341081795,2.09318634996297,-0.007324302766798598,14.109866269448574,2.4174734389326726,8.614247330784039,19.26181344867049,10.647566117886452,-0.030087696134527196,1,1,1,1
386.93417582441487,81.93234858807365,247.10548365941332,591.2229987677456,344.11751510833227,-1.183799228723897,936.8488874694069,48.55250061883896,802.177272161392,1048.5802087006634,246.40293653927142,0.01280193510374986,139.25700279784832,32.475235721778795,69.78818479050456,214.88423659168203,145.09605180117745,0.35655542731114975,38.78868071561254,0.4585204088501488,37.645873736940246,39.8482575141649,2.2023837772246537,0.00465009057173296,14.768695931455998,3.0639422694946985,7.509107399187085,20.825092749618435,13.31598535043135,0.04218314334292413,1,1,1,1
370.3891666894337,93.55735140396204,128.29818244948382,613.2702353115029,484.9720528620191,-0.5950253453328467,942.2891627540604,51.79536120108586,838.1941072006551,1078.0533366423579,239.85922944170272,-0.10358378616737168,138.68322346764666,24.922775645327295,91.29723553657048,227.11850606563263,135.82127052906213,0.286483497042377,38.72570606431606,0.48873068332384184,37.61461695377663,39.92244228380435,2.3078253300277183,-0.005328213542329558,15.35415141231473,2.6869213135162813,5.85524390701632,19.655701175014123,13.800457267997803,-0.055197891739482946,1,1,1,1
392.25290129300214,75.36670175975544,237.72461153487166,558.1745133315671,320.4499017966955,-0.4772732532331003,957.1504337777463,41.49582999199026,815.5460987516016,1041.1932200486954,225.6471212970938,-0.7055237868156629,132.4704072292865,26.684700457096305,73.44364573249189,209.19053055932375,135.74688482683186,0.1932290784497223,38.80141160909702,0.4451219011524432,38.01590832540593,39.73761858428016,1.7217102588742321,-0.0014468154600972092,14.008249962608067,3.01680989869033,8.171028656421022,22.058113550199472,13.88708489377845,-0.01856024334862481,1,1,1,1
368.1589651035769,79.2652672923942,170.2677956687327,565.9865601998002,395.71876453106756,-0.6580293828618309,944.3859624625551,55.7490679962264,825.6250907536049,1101.5521094068329,275.92701865322795,-0.25093984627342586,141.20978855533306,26.201487106017755,84.49064004120683,195.8615865541654,111.37094651295857,0.29698942665422107,38.80742009619801,0.32652223681399245,37.88563908310052,39.49854572534886,1.6129066422483405,-0.0009461345836638378,14.146778860866343,3.0943265175263663,4.5448078936915035,20.50219652741811,15.957388633726607,-0.04583714756853444,1,1,1,1
368.0085310903163,81.89666028245823,218.65998087991838,528.4868623514761,309.8268814715577,0.24085297504790953,959.3293932719982,50.511512321587134,812.129369989111,1066.9653815560898,254.83601156697887,-0.7320698068250958,143.00335013017758,29.296767801110168,77.83506823439468,234.7574449613559,156.9223767269612,-0.07981489070691863,38.77040237307716,0.42255692143209994,37.8032251423537,39.68842488519599,1.885199742842289,-0.007708840250845725,13.890151714978465,3.207788997300367,6.341042409490224,22.09267048858851,15.751628079098285,-0.01551136392831952,1,1,1,1
384.199098674825,78.03704337339151,227.39164030122066,556.8329338164442,329.44129351522355,-0.5797480620568801,948.0734188906093,56.634313653856246,790.7188881070134,1059.2240625795393,268.50517447252594,-0.21228478596564246,139.6570613677999,27.89945142354386,79.0817203953798,200.33523084922103,121.25351045384123,-0.009855557021396809,38.70168748320913,0.41559367218032367,37.770152445629364,39.604555910233856,1.8344034646044918,0.002168574929352069,13.545307208775283,2.4936202322253145,7.192812812910489,20.34069020264654,13.147877389736053,-0.02719310517270562,1,1,1,1
367.94843372837676,79.07027726875509,217.75792233667704,606.7635028875214,389.0055805508444,0.5452284854221745,948.769063424924,55.7295395023233,853.9812005698928,1081.384818934981,227.40361836508816,0.9372797417088583,141.22122630259483,29.138260778708315,79.10479519507825,190.2750355997386,111.17024040466035,-0.4159102837005633,38.669262422268915,0.3814186937736935,37.874750165062224,39.54328737906416,1.6685372140019368,0.003725194453177643,13.530635211928855,2.969927280651654,5.42166308073325,19.115862861943093,13.694199781209843,-0.014100140922199134,1,1,1,1
381.3412615090699,75.42082650914642,248.10411875192074,561.9739229740223,313.8698042221016,1.0166803239234552,947.3840341084693,51.23273005261278,841.7481718813149,1058.434955320743,216.68678343942815,0.7649462608239326,140.84972727393256,27.576100798996293,76.11975368211489,196.93637068643142,120.81661700431653,-0.13897104147913894,38.77776171450142,0.4052925940962934,38.17460145707604,39.8315265166739,1.6569250595978602,0.009560700070159833,13.284366230545489,2.7127898059714743,7.180627134886381,18.557202459585096,11.376575324698715,0.0230971739891409,1,1,1,1
391.91161855842006,71.08269208328366,211.3735241411699,614.7720370510237,403.3985129098538,-0.9713202974485331,955.965227233957,51.912902621271115,853.9317388519283,1040.8133778112192,186.88163895929085,-0.13048428597771758,145.60536175172604,27.661785541208065,83.33493358417655,206.74763386922595,123.4127002850494,-0.11364102191724693,38.71769626203087,0.4033879252466318,37.88749746655441,39.87398772969818,1.9864902631437715,0.0029053048755105218,13.889585042030653,2.9142557807820824,5.837546270583088,20.011871626355564,14.174325355772476,-0.020935808567343287,1,1,1,1
395.021184565168,86.8589398136793,224.62141535305142,585.0572030121152,360.4357876590638,0.39676808921352,952.6433386318631,44.629162892080124,853.2593791857631,1041.9024878691555,188.64310868339237,0.4364935741134604,138.298666552839,27.918601310436653,63.020516180432736,192.16337203857935,129.14285585814662,-0.2910589758932401,38.828078097287964,0.42855254080960675,38.06957238241603,39.93751462860424,1.867942246188214,0.0053715432219743715,13.784566829803987,3.022902278612509,6.432433102241379,20.608447420955578,14.176014318714198,0.044071812561107634,1,1,1,1
392.1235524227393,85.25683323048857,211.41009347076803,603.8725108347077,392.4624173639396,0.5117618405456489,957.6763723714341,53.743954999282934,833.0225380705326,1110.7604739369503,277.73793586641773,-0.007774060674177644,139.80354866328594,34.78025636618064,71.99946366355003,214.03493918371748,142.03547552016744,-0.0511281575929729,38.81596891627933,0.39987580363470704,37.7531405299067,39.67069120172833,1.9175506718216297,0.0020365425442955137,14.610211912897675,2.8331060707975513,9.248759204382974,20.605304205782375,11.3565450013994,0.011816818078170185,1,1,1,1
391.121139824516,78.71892687842004,237.30265317253327,571.2134947805295,333.9108416079962,0.7689452242133726,941.5526629897984,52.29926554163863,811.8271823668625,1064.894319572124,253.06713720526147,-0.3846545067203812,141.3127883141461,32.783622058321725,75.81187476338941,233.09303223661715,157.28115747322772,-0.011844727915810324,38.833313273761725,0.30400255717867414,38.05688580067526,39.586997424509065,1.530111623833804,0.004424924252646711,13.516828738752327,3.103352279824311,4.335542768619463,20.648860445899047,16.313317677279585,-0.04582655150140612,1,1,1,1
389.47673164802893,87.61887941901159,172.47526086527458,568.2472165312516,395.7719556659771,0.2724593362677802,943.1032726647052,51.198812525993105,832.5490119428172,1044.8007654827602,212.25175353994302,0.6281578496717751,139.53773282629808,32.1520467350548,79.32105880048366,206.53795930041568,127.21690049993202,-0.1562187809566165,38.91853889341954,0.4530581207040543,37.85632446382329,39.77515893668931,1.918834472866017,-0.0009524836498955898,13.80421476348532,3.0583597718723516,7.426112893800691,19.194012138991948,11.767899245191256,-0.02054034522624737,1,1,1,1
370.94649335559336,77.29729579304482,182.6614497242608,602.8968276709716,420.23537794671074,-1.0185408901174415,955.4720918524748,60.636521473215446,825.7735466366804,1075.8508114407116,250.0772648040312,0.7984710666566214,132.3295729863971,31.00194891799882,80.1029721068069,202.23573898503133,122.13276687822443,-0.22991176887832268,38.77464104000187,0.41646431954421087,37.783754161956125,39.431365479693206,1.6476113177370806,-0.0019969731885137367,14.228340391874234,2.7930865273058987,8.766502812716908,20.52401115654537,11.757508343828462,0.026575630193888967,1,1,1,1
379.67833279535193,92.58594008041659,135.3487821469114,595.1966664942307,459.84788434731934,-0.24204377525749607,942.1679605692088,38.81904511698171,831.1689162026682,1039.091048831654,207.92213262898576,0.043833963640653534,140.27530170096108,25.82071437426239,89.29801360548727,199.84503692326405,110.54702331777678,0.3929535288278144,38.7408728393286,0.3677832304645678,37.82794170638374,39.5426354518144,1.7146937454306581,-0.002131595070818503,13.755810316602433,2.7086929100341846,7.989027282901196,19.77812155180182,11.789094268900625,-0.03898862067004694,1,1,1,1
378.5560467675238,73.889976348771,234.83411201746875,606.8873539140332,372.0532418965644,0.22156209003426894,939.618353357471,49.502577192006484,798.5026752409051,1043.8603333345661,245.35765809366103,0.01596296118543852,148.93638633419118,31.690643267138842,92.07962936137139,217.5687340181321,125.4891046567607,0.3206069031759606,38.75249310912042,0.3636255207390565,37.87335620418669,39.65080149555693,1.7774452913702348,-0.004322142873142884,14.867272543792946,1.896356540306937,10.56999744574783,18.95058996913654,8.38059252338871,0.009966634210428323,1,1,1,1
393.63868839422685,64.43999911840926,277.74232061829855,530.5195619740957,252.77724135579717,0.6696431020510254,958.6353107013517,48.715937975217976,827.2221472578428,1064.484690268557,237.26254301071413,-0.34455338904231225,135.45321085964883,30.106597071802913,79.67233470841151,189.62616845324268,109.95383374483117,0.2820310477071736,38.76387250314881,0.40015678324172055,38.004051053598666,39.56647917264511,1.5624281190464444,-0.003616372740325406,13.828536384133177,2.8646922515859647,6.662606370120736,22.60583411752892,15.943227747408185,0.030129826519192396,1,1,1,1
385.76249637045447,72.7453708167894,171.60819031104933,532.440032457773,360.83184214672366,0.26769614529813446,949.7153440874818,42.59603895057963,866.1362841295589,1035.1645671632405,169.02828303368153,0.36819939647056216,141.07317886314559,28.392335236987186,96.00930389145546,213.04435138747664,117.03504749602118,-0.016139688783220914,38.74957558271148,0.35841100757819433,38.082401258261015,39.51986987149412,1.4374686132331078,-0.003322834908757086,14.43320864363163,3.4974698684475536,4.760768891758564,21.193975143726824,16.433206251968258,0.05851747049875624,1,1,1,1
377.544833612392,93.48402580419561,145.12396235853086,561.852452087089,416.7284897285581,0.46850484415675286,948.7369138592909,55.57269355365243,843.4343263927929,1047.3294319961844,203.89510560339158,-0.003152070411441373,138.39990393338795,26.405959491862202,57.5154391152885,188.85751642989598,131.34207731460748,-0.22439843632803336,38.817578406996375,0.42292205762625595,37.79491007212101,39.73448620201254,1.9395761298915275,-3.106924267398227e-05,13.798484258698442,2.3871015449751356,7.047233238222972,18.954777107685494,11.907543869462522,-0.04231067463922718,1,1,1,1
375.5767346832475,70.79810692650943,192.71812114648907,533.6015641935148,340.88344304702576,0.02064731223293233,960.2034816987485,45.59236814159405,808.8358031202054,1067.04731394663,258.2115108264247,0.04450856623935767,141.96721636736314,30.228011155209835,79.28564126137461,216.77513345848172,137.4894921971071,-0.04746914268148491,38.82763527342662,0.41184334717705745,37.841918852338935,39.61085747110675,1.7689386187678124,-0.0063873014539968295,13.347392229507866,3.0974505591014436,7.846423398335204,19.48005748597018,11.633634087634974,-0.02246847480143965,1,1,1,1
369.2709798363469,76.42352268324282,187.28477744402298,496.5692317526649,309.2844543086419,0.8628677667584864,956.595785952416,55.99948024706406,818.7264515810347,1106.1430531837075,287.4166016026728,-0.28919511206208326,140.7932992906632,27.69171120555472,73.84883156070751,201.39369659167102,127.5448650309635,0.1681804185748956,38.86622088669636,0.4100822233140485,37.961927825026144,39.76301519351259,1.8010873684864421,-0.009107050761019473,14.433394452958938,3.101695256198809,8.428050828829626,21.628965953910008,13.200915125080382,0.012367966054631132,1,1,1,1
373.0740871783548,80.5694142108227,214.928373628543,557.1586498009683,342.2302761724253,-1.0261695630338308,936.770048921923,47.10396535718302,825.8394784064271,1036.8724824257306,211.03300401930346,0.05792570117159995,137.45259190892463,33.01071337227418,51.44574894381749,220.5112340775911,169.06548513377362,-0.19852636937118018,38.71593789022246,0.38148390441459773,38.0298429569136,39.54569825160037,1.515855294686773,-0.0036853334193958057,13.727759302419852,3.4962126384224588,6.696063276218343,21.21325012204485,14.517186845826508,0.017465555057954812,1,1,1,1
367.6689787056121,79.15272998416937,195.66588968142312,537.5732634750352,341.9073737936121,-0.3762206239296483,948.4924311719911,43.10230341088568,821.060322153393,1048.3568873307133,227.2965651773203,0.09547022026466484,142.7792759168741,30.587467124083084,78.1023119143502,211.45653084315782,133.35421892880763,-0.11378110889877739,38.80680747385117,0.39210174720034996,37.698405243717744,39.61599104518259,1.9175858014648455,-0.004837045050004195,14.423272298104816,2.78519261839425,7.907288714030626,19.506196949930327,11.598908235899701,0.0024532072020740673,1,1,1,1
381.6134788944505,72.19844443042955,246.1783186995686,555.5861814367806,309.40786273721204,0.8335507131321638,940.7647444426343,50.491179856053385,832.2327608976858,1050.4198736971414,218.18711279945558,0.03834127225695022,149.4599323664787,29.16256531304449,62.943945116864114,205.35678167537003,142.41283655850592,0.05676621916207377,38.672325946680765,0.45163730681009895,37.653614048456674,39.80642413729554,2.152810088838862,-0.0020476329128101484,13.330347454394875,3.121109157964561,5.527995534098306,20.79797105071355,15.269975516615244,-0.0077769519171229425,1,1,1,1
376.93364412999244,79.56578221045264,194.8360416036053,528.0892443958052,333.2532027921999,-1.3768604770449175,954.0051813663893,44.645143131537196,837.165934597498,1049.2110316213077,212.04509702380972,-0.34885661340367946,147.6163395753088,32.322277888904,65.45830532839618,211.7179758197994,146.2596704914032,-0.12365218849581718,38.771752218856484,0.36770531301243264,38.07901745672315,39.860473830548095,1.7814563738249447,-0.00011197487850849525,13.763557744497836,3.0731429990916617,6.373048517492279,21.114822746444357,14.741774228952078,0.030461946446563106,1,1,1,1
388.8036052800792,72.94282688337117,233.47391197187594,531.4379108506472,297.96399887877124,-0.06363131309624674,936.379584655808,47.40111199271244,845.6310262598683,1040.1827699235591,194.5517436636908,0.11322627706803114,143.71413109444407,30.35025600383835,67.53087182841509,195.92927610015812,128.39840427174303,-0.25189301505412803,38.68646858047792,0.40968567934980776,37.94157481163409,39.71211328657532,1.770538474941226,0.005087011473952971,13.843750595520387,2.4499526282564763,8.606426068437877,20.831061859586494,12.224635791148618,0.04620214416194388,1,1,1,1
368.67961952554435,84.30653176903562,124.99092365339527,546.846987800895,421.85606414749975,-0.8625984869585681,940.8378098951688,57.84605093101875,823.5258935407218,1064.7549742601166,241.2290807193948,-0.029431167550484045,138.06260256612356,26.830142641145788,90.94104101531093,206.85196913581228,115.91092812050135,-0.16012954886132463,38.94466006570482,0.4092534815516281,38.00663207317664,39.84333928552036,1.8367072123437183,-0.0056307798923558305,14.167790092926113,3.8717297794228025,5.074488253854362,21.921355818651417,16.846867564797055,-0.0292463730764502,1,1,1,1
386.6768814450271,70.51866924347912,259.1945235332927,573.7475547787494,314.55303124545674,-0.018927806185563396,957.5805517066524,46.083390101310194,844.1759850494955,1084.2626810486724,240.08669599917698,0.6941042936555097,137.80033195388987,26.48484261455488,76.30995261113526,220.73559956977346,144.4256469586382,-0.2479101688099876,38.744015299289536,0.3562430098007036,37.92084388619548,39.67705426608037,1.756210379884891,-0.0026953426833956863,13.93563513125269,3.831118622766937,5.46259834943195,23.92702202403176,18.46442367459981,-0.01631945998774843,1,1,1,1
387.34722754798537,79.675357572157,245.40423613060813,589.2360889336514,343.8318528030433,-0.4167341518877265,946.8838331395871,48.897719385944676,823.8188601994875,1059.1953466786745,235.37648647918695,-0.5023450829437965,139.10123712803326,28.645621023511698,70.12836318952479,192.06817014193953,121.93980695241474,0.1186284662337641,38.87469497633023,0.2997288829413668,38.17805036598721,39.67476920207236,1.4967188360851509,6.643096232979369e-05,13.550397534215488,3.700355376711074,7.456835929156401,23.833747390679644,16.376911461523243,-0.052137034688014804,1,1,1,1
373.6901366498573,84.58077334015898,221.46212235265386,554.3250372766001,332.8629149239463,0.7957754502021869,952.7151023249221,53.10785931602243,834.1367620331556,1085.8751821433584,251.7384201102028,0.6840512000567261,143.27004624198872,29.064633913481174,64.28718520142377,195.33889896117023,131.05171375974646,-0.49114773246851273,38.774641979943574,0.4021392398112404,37.99708396311435,39.801493194932824,1.8044092318184752,-0.0018980550996546372,13.769765641005211,3.4769420832286198,6.434733462991318,23.344872085481725,16.910138622490408,0.005975577959853484,1,1,1,1
376.31423363290645,83.14903374952725,215.22503014017565,638.4856811865153,423.26065104633966,0.009614362184456599,942.4496464674544,38.52813516781035,874.8838677782502,1066.1961830244584,191.3123152462082,0.46259187902224697,144.5782068247222,27.08189019425776,92.24498003928474,212.74064959053675,120.495669551252,-0.025848771806904966,38.8675354483087,0.3908917436266477,37.99172388544911,40.01312455795213,2.0214006725030202,-0.0007087641815362633,14.434845391485856,3.0148710337959828,8.125174177515085,21.519831017549066,13.394656840033981,-0.015744430528831656,1,1,1,1
378.243262970358,77.53137845196692,241.11071026867086,561.4685766812202,320.3578664125493,0.6913009081007531,950.2310290553853,47.59259343974747,870.9939900512306,1085.0519265848018,214.05793653357114,-0.1419414808066492,137.37367629592865,32.295596440044335,70.72528468500975,206.60209972319126,135.87681503818152,-0.05083980871147985,38.89072324636061,0.395953262949689,37.71902856379449,39.61445153382683,1.8954229700323424,0.0016932738918424997,14.31102574922034,3.250262182503864,7.626887764251028,22.435068900453288,14.808181136202261,0.0693397639909538,1,1,1,1
369.2940502640862,81.22007902460525,207.63966889213685,523.0613910880841,315.4217221959472,-0.19569022448436563,944.6216901512972,53.36003654078337,827.798718373014,1037.217506846033,209.41878847301905,-0.8452112151332009,136.35337517502018,26.415264771914533,76.69824682650358,204.16630770833916,127.46806088183558,0.11750919343266988,38.78405188626027,0.4013664893929832,37.607209575193004,40.06340518117792,2.4561956059849166,-0.0017650720236847463,14.566233108323932,3.6898964842264,6.0025644891179475,23.224040304875054,17.221475815757106,0.0014277435137178063,1,1,1,1
399.82442937838545,77.1785708976809,222.31518098204427,587.7589714640961,365.4437904820519,-0.34776965188653025,945.28134900933,43.876341045381665,816.6014591603182,1051.322888546283,234.7214293859647,-0.13158512421097565,138.0715469969639,26.602022757556103,75.35558305406137,198.26633073138927,122.9107476773279,-0.24846417359599088,38.79790301840498,0.40624948803105904,38.079704799325214,39.70996615527723,1.6302613559520154,0.0022686019103525987,14.221024663247983,2.6094019832906747,8.69636217681816,18.69731617930512,10.000954002486958,0.011171561621821192,1,1,1,1
373.8842937844179,78.00208144384965,226.22706049809625,525.7720494700584,299.54498897196214,0.27680906618367374,961.9200600936572,47.41088067558166,867.4741176035255,1080.3758805366817,212.9017629331562,-0.36089035272787845,132.3330157625311,29.6131475001837,62.77904786726472,192.35307874585638,129.57403087859166,0.3309730655029369,38.79537585858325,0.428737851049488,37.92526871565511,39.96283062057084,2.0375619049157336,-0.004473039457395887,14.978031546355435,2.895432112427948,7.441194717519661,20.87435869791895,13.43316398039929,0.02590174630055185,1,1,1,1
367.2641240370116,71.13679198985189,192.25230321260568,539.5404231486921,347.2881199360864,-1.2021830359664691,951.2464823123152,38.27374707524443,841.7725683869432,1033.340699747049,191.56813136010578,-0.3785695815293943,134.2891554749018,26.513178666890933,60.403666597281514,187.74667654190102,127.34300994461951,0.3385553497646975,38.8400618234161,0.47410180409344443,37.591136302390794,40.05888339223573,2.4677470898449343,-0.002602003983847659,13.000459598438773,2.600922172568647,5.779589002394273,20.472108648226104,14.692519645831831,0.00038439416918846237,1,1,1,1
397.15556171076713,68.08524931958063,235.66741249789195,536.0793647001974,300.41195220230543,-0.6854732380807345,939.1456927904031,47.705465063830545,849.977451107276,1039.214513538578,189.2370624313021,0.0434134717072604,141.38007651305895,30.642706085825733,79.75156923012223,228.3588958166605,148.60732658653825,-0.40534260627021257,38.715704655837136,0.4501469867774204,37.69466762826,39.54699168408709,1.85232405582709,-0.0008215336653421561,14.26561535956467,2.9265446135457585,7.540410576051784,20.289025855538764,12.74861527948698,0.024187995684129965,1,1,1,1
376.20177137166326,76.94635159948774,146.59354979246345,578.5036303156924,431.9100805232289,-0.33912039034965497,952.3767310821995,50.834325998657164,835.2018545743182,1103.2774621896313,268.07560761531306,0.6289466041478404,140.31763578249752,31.837989845192798,66.57432803091915,203.91914223220863,137.34481420128947,0.2856146202824336,38.812107941542465,0.38799829582918566,38.1654083315801,39.615288159755465,1.4498798281753622,-0.007858359092956908,14.298689255738784,2.9717447303364715,6.136525505720703,21.48435249530847,15.347826989587768,-0.023889036784843897,1,1,1,1
394.88355106170457,69.49216090108085,229.475156602032,528.7531346333614,299.2779780313293,-0.4597822039560497,944.0674202846362,45.472530260490075,822.3955365335926,1041.967523996762,219.57198746316953,1.0950213597250105,142.91757739274314,29.697689187034843,84.42180931335426,216.93465415923316,132.5128448458789,0.1920488703243023,38.83778268256176,0.3364573583403992,38.014371130048666,39.558165040421045,1.5437939103723792,0.00506997978069007,13.461382872410406,3.2942629756767388,5.033090223855192,19.562234248069093,14.5291440242139,0.02246607575270183,1,1,1,1
358.24609297991657,71.79672443356834,189.06319305161446,504.0686924112398,315.00549935962533,-0.14047878977023553,954.350503733369,50.43490725147136,810.2064405880645,1075.2010625977473,264.99462200968276,0.7946060634978919,133.67940222756172,26.75492509409124,68.66845129004389,196.70965655841093,128.04120526836704,-0.012165295707223503,38.85805573747731,0.4704989626663951,37.713594501078845,39.917955142810115,2.20436064173127,0.004242162556433622,14.39032110552776,2.816269524994863,7.3632938070640765,20.629628674092903,13.266334867028826,-0.009254750186624422,1,1,1,1
375.72681799318843,76.68421504685456,246.40872941978796,611.9543940588408,365.5456646390528,0.7592974765078647,945.254825706631,46.33359865084699,854.1030319784984,1026.5880019219644,172.484969943466,-0.7451778844433047,138.06666197679738,30.400850833533575,80.99884795389818,210.81309233382058,129.8142443799224,0.12817344327877891,38.76812415432947,0.40784476139464304,38.00008754734747,39.688310496042476,1.6882229486950067,0.0021794093593405367,14.095221183651185,3.537363361069183,6.3012030901915,23.196552176355368,16.89534908616387,0.009692755411295492,1,1,1,1
389.05747218236326,68.22003489691889,249.46676768033376,573.5033538370499,324.0365861567161,0.2252145519621878,945.2023543949377,44.4529428490751,864.9061831201817,1103.261606104084,238.35542298390226,-0.3640159916008981,133.83308972140895,33.59711856454419,48.93700653650431,210.47154217285748,161.53453563635316,-0.07966958933848918,38.85449100533053,0.3629372803173453,37.96649286628657,39.640153246965006,1.6736603806784345,-0.0022517665438651258,13.168974287359593,2.701029183181135,7.3950347832752925,18.714100842391698,11.319066059116405,0.05036838120697923,1,1,1,1
404.3925664247039,87.36657798301457,177.9388496276192,626.7964781838609,448.8576285562417,1.0037089402093933,960.5868251084747,54.4384880504142,857.95146758377,1124.495831612388,266.544364028618,0.07367880063685561,141.90936019058753,36.02063651079896,60.29048010515557,215.02756088908274,154.73708078392718,-0.7194132078780578,38.81216936650524,0.33502325538567873,37.82663720414151,39.55129684284426,1.7246596387027466,0.00039730527972837667,14.279262098481727,3.401775402164437,6.982373318096356,21.331305201507146,14.348931883410788,-0.011559989943776744,1,1,1,1
391.1232150798809,77.33384548976127,208.39355550612223,531.570161596814,323.17660609069185,-0.10346650250738096,945.8251758843746,47.78513211654629,852.2644479127581,1033.3557143453802,181.0912664326221,-0.5459683516044558,141.83221892177684,23.39127760273468,82.21418186305414,198.53179154082824,116.3176096777741,-0.2730303615368789,38.824722500199506,0.35765736725605396,38.07001078429368,39.63952247684559,1.569511692551913,-0.0024591573770432746,13.39772203878691,3.1225783579251534,7.094901879507535,21.378115483225166,14.28321360371763,-0.006333243841820491,1,1,1,1
394.47768411933396,82.79975500011362,214.3449726638956,620.2023989042389,405.8574262403433,0.8560077993540609,940.8692968419626,49.67021562140233,847.2990682377074,1066.560811254144,219.26174301643664,0.2361299895323426,140.5018923643016,34.48419724805879,62.844514613399,202.621774360416,139.777259747017,0.26861796279525946,38.93925443327818,0.39230809324653027,38.02350942275741,39.798674086603164,1.7751646638457572,0.005234371946040559,14.142936128888605,3.3812363320632453,6.898710526717055,20.721788465707146,13.82307793899009,-0.03358935618078817,1,1,1,1
368.90673187664834,84.35897851364977,151.74830430867743,521.3275744221633,369.5792701134858,-0.47919454772211684,953.7925517526342,41.32587037665549,861.2841293210697,1049.9920858090707,188.70795648800095,0.46677885133971236,143.63338909234696,31.862414945610194,67.87676138261004,204.28554413010824,136.4087827474982,-0.33730081273410495,38.803931937176436,0.45556970934808144,37.219844424657786,39.54103206093701,2.3211876362792268,-0.0028917722178230854,13.893575411906738,3.040762711546623,7.138146470082576,19.115902268101237,11.977755798018661,0.01468655153013876,1,1,1,1
394.153969482256,69.00921823861457,217.73969066002056,539.6711787976418,321.9314881376213,0.7867829759432567,954.0964539924519,46.20773755826922,811.7181433701102,1052.6635393448369,240.9453959747267,0.05805340778758976,145.72636191889697,23.89357613701125,88.18585596664357,200.91383122736056,112.72797526071699,0.2445765784151399,38.82940727290086,0.4412578945746796,37.66765738284886,39.595944274857416,1.9282868920085576,0.0033272605688700204,14.113168107805306,2.7348989652892555,7.794598463217657,19.81350760907172,12.018909145854064,0.0005027814214875379,1,1,1,1
372.9673399208914,75.28297096913816,200.87704023908407,534.9532476864621,334.076207447378,0.3794096671922649,933.5577035007976,46.9027922193874,821.9443201199085,1017.0133367556996,195.06901663579106,0.06654082274026699,141.6391561782809,35.027795873189405,76.97339100733015,255.73147892758098,178.75808792025083,0.7669052460565031,38.84725665525037,0.39252524917330356,37.82908341497259,39.700895316512614,1.8718119015400276,-0.0005149508716790711,14.598719971481605,2.9901973008550287,5.380382106099855,21.874791353169748,16.494409247069893,0.03772477126614169,1,1,1,1
368.9727566069859,74.44321057167026,180.5656829686066,545.600431329,365.0347483603934,-0.5650275714267589,962.165200041699,53.09812931927797,855.5707812646151,1090.5211190616455,234.95033779703044,-0.18860286703268783,142.02088439945345,25.364889324810562,94.74285568900751,206.99262513979875,112.24976945079123,-0.01309671770726238,38.78999803547685,0.39783176967468653,38.04654853000479,39.68147219133187,1.634923661327079,-0.0012130623387816653,13.970835442171243,3.2074400115809336,8.539950020156073,24.136608357669505,15.596658337513432,-0.00032552440719572733,1,1,1,1
373.9752378897384,85.03946877554509,107.30298270485991,581.9429344710031,474.6399517661432,0.42667795212529214,948.884765727297,46.058257180105805,836.5519116843938,1036.2065982981064,199.65468661371267,0.10160456574187064,136.19122719610078,25.361055460169023,78.91239404086082,180.6112829630205,101.69888892215968,0.13467503981873102,38.720168951182025,0.41634025188064494,37.7851773365975,39.56572977703412,1.7805524404366224,0.007478435767028886,13.641095441579305,2.5578322489519447,9.118210599634905,21.342870282617817,12.224659682982912,0.03185445626666672,1,1,1,1
393.74893229073365,79.87417044518413,210.11964287541093,597.9583454719545,387.8387025965436,-0.07277990116540818,950.9576499687396,53.151089204048695,843.5540566290238,1070.2328331431925,226.6787765141687,-0.04453822826564781,135.60260865897413,30.65340875160098,78.23696869125277,197.8352656757163,119.59829698446353,0.28061399294541817,38.83739111863365,0.44041938244965884,38.01448318051675,40.11617617460767,2.101692994090925,-0.0015074012096735997,13.765883717907048,2.7450642311487443,9.105308221154493,19.07194927368937,9.966641052534877,0.024004135691344845,1,1,1,1
361.4502644826991,80.67087205639945,206.65238441608216,509.5542556630261,302.9018712469439,-0.972472859971254,952.3878648090187,41.647094925704046,849.1568698145788,1038.0281848520667,188.87131503748788,0.1753658615382725,137.93939680930836,36.433648156088005,68.12398868296704,219.0167641320367,150.8927754490697,-0.948584402480876,38.80606268303873,0.3915739829399543,37.93489211783983,39.57540100317541,1.6405088853355778,-0.008748828983781314,14.189225648065143,2.7525146935064035,8.238043151789437,22.341839620949393,14.103796469159956,0.012762201792039983,1,1,1,1
360.36714045946644,71.58089573862355,187.30650244845373,497.22275635839605,309.9162539099423,-0.02705111145239206,956.4414510995427,52.56546264675377,864.3495208916274,1097.269675465548,232.92015457392063,-0.4966726096191759,143.7255465765063,32.70825699470877,63.23400064890508,208.61495980037014,145.38095915146505,0.301253656236665,38.80406404930898,0.43341375814850114,37.65578975479433,39.669439111556066,2.0136493567617393,-0.009080949160421575,13.910703204627914,2.773964515829913,7.490659341126697,19.692577878755884,12.201918537629187,-0.020393207075473138,1,1,1,1
367.1270444809348,81.33482000724733,187.69721049703253,594.5183807281826,406.82117023115006,-0.3212878026138613,958.2860024743012,46.549129474744205,839.5771815066244,1066.442509126343,226.86532761971876,0.6968064477958721,142.53172201420483,25.794280229041462,94.10101988091462,198.8212086647752,104.72018878386059,0.060378617819744636,38.918065608214164,0.4323978995485522,37.90435927247842,40.3695094002624,2.4651501277839785,-0.00219779576722747,14.258872356711942,2.9276857022286165,9.328577400319126,20.767150330739014,11.438572930419888,0.04554971181709271,1,1,1,1
393.5415328520342,71.71672245035823,231.94812611892533,540.7855882940495,308.8374621751242,0.00418272293703148,961.6704953146581,53.006481786360894,824.1769114890102,1111.24953203048,287.07262054146975,0.10114116152677731,136.64843819557584,26.65039318463031,65.37404141519094,189.65569925014495,124.281657834954,0.25550553690570604,38.801842778670355,0.4032105410490422,37.95801717697504,39.998654825071824,2.0406376480967836,0.0010049413377910825,14.605216467716627,2.95147114979273,9.463525833042768,22.610150189484052,13.146624356441285,0.03992953107201128,1,1,1,1
390.15837507216185,69.4974163836188,212.82780042123733,538.6137466395315,325.7859462182942,0.5507277123489491,953.0656107570228,46.766458170258986,865.4512149835491,1078.4732752268303,213.0220602432812,0.274659894997498,142.82483443959597,27.11366730411008,72.4129682131597,212.2733731368644,139.8604049237047,-0.48586355374332746,38.818752797429795,0.4026255081411603,37.94398400048613,39.639983895353375,1.6959998948672421,4.8726866611831566e-05,13.998771651884205,2.6935429476776185,6.903736007697806,19.32749655490708,12.423760547209273,-0.009760561120075286,1,1,1,1
385.81070576917926,82.3004544881837,237.8937859294199,519.7342312425577,281.8404453131378,0.30573482923360795,945.0875439013663,40.65937139658971,854.7718651462517,1035.2008507842766,180.42898563802487,-0.6816246573566415,148.58581067916586,33.838667233375155,76.91601939550202,214.9643118965232,138.0482925010212,-0.24800830576070085,38.79644599500774,0.4128032434079518,38.05346970206788,39.819391394142606,1.765921692074727,-0.0007017012545719582,13.919943498219073,2.597005693123645,7.640620254504759,19.532914145573365,11.892293891068606,-0.017780594377957194,1,1,1,1
390.0998401245663,87.45552301685215,160.9861145154922,573.6446089239212,412.65849440842896,1.1981870429702928,960.8099014962054,56.000196035018256,791.857798639291,1062.7793531832233,270.9215545439323,1.0245335080309177,141.29833113333186,30.72251663257429,67.50070921343915,208.58977398755098,141.08906477411182,-0.13538913256693758,38.760257816008874,0.38005685623927277,37.70754802744686,39.48957150566363,1.7820234782167717,0.0035484368568647366,13.766688926042411,3.041682927177659,5.77391394506542,20.186629881378796,14.412715936313376,-0.03381478303235416,1,1,1,1
387.700261533599,91.00745267764732,221.1072955115411,629.3339299578191,408.226634446278,-1.7936145083223285,955.0720882892118,55.68748268687639,825.5629169295846,1079.3522462389994,253.78932930941482,0.18380276074437912,139.1650061792023,26.584133338234132,84.71635445873525,192.9026352936988,108.18628083496355,-0.19284945019404845,38.830954687635284,0.4313706015391749,38.034491473749746,40.05298576613769,2.018494292387942,0.004058642839543384,13.559531190212647,3.28012603261081,6.700635394311082,20.884837745207204,14.184202350896122,-0.04006934480921867,1,1,1,1
379.87272581366153,72.02720662151505,234.7361406437435,567.8235874663119,333.0874468225684,-1.0155938364393469,955.8358343340343,49.71980594715823,858.8751309839998,1083.4458432567126,224.57071227271274,0.5857501743583219,141.26885942902692,27.371066619187463,89.20151231458601,198.74150372355558,109.53999140896957,0.31042521877521767,38.72267281556129,0.33566398762909216,38.01171606423206,39.575741725139814,1.5640256609077525,-0.0029919323981064815,13.980601396368343,2.9355695616066155,6.981993219479796,20.323111430658834,13.341118211179037,-0.029297259957992323,1,1,1,1
376.3164985289284,86.87674073275416,176.71868462981038,542.9735416728776,366.2548570430672,0.2994197790248705,957.9445317373178,43.76821802453249,841.6899003340396,1068.0156553198246,226.325754985785,0.10782671704028347,138.2074831473325,32.02022620664381,72.37996812105061,216.2128695219992,143.8329014009486,-0.3508606274243607,38.84272119706997,0.403929798326339,37.87579237501933,39.820910835165506,1.9451184601461762,-0.0018448658202624548,13.797412097655856,2.879672496939568,6.5484493782816475,20.114486958870764,13.566037580589116,-0.022660688444178668,1,1,1,1
392.15617822483125,77.68317716016381,240.89012544917398,563.9832977933368,323.0931723441628,-0.8378834216765156,945.4264456970345,48.85528286564926,839.1542549532111,1054.3348026289927,215.18054767578167,-0.6156395216493359,138.81955660532174,29.20221905980865,59.22282314736235,201.52890121110465,142.3060780637423,-0.35740471437604154,38.731354462444926,0.4532459318738247,37.76131265144581,39.63143984918976,1.8701271977439475,0.0021783387361057165,13.906215407874704,2.599985455723222,8.476827558713348,19.794146888716043,11.317319330002695,-0.037555455082484514,1,1,1,1
369.0263291979288,77.75143956888996,192.3939594937279,574.5015149872236,382.1075554934957,0.9326831306139306,967.0353245688502,48.670897714792154,862.6661032477987,1087.2108080116805,224.54470476388178,-0.07023536156956507,137.35858288844574,29.879205860349042,78.84058242140232,201.72632609989626,122.88574367849394,-0.15573316530611836,38.89146224279214,0.41431257466390475,38.01344429042278,39.80298414035088,1.7895398499280972,0.006020793513717603,14.088082061400122,3.3374115451333273,4.594869231106584,21.91744257591214,17.322573344805555,0.019023125870864882,1,1,1,1
383.6107364962048,82.78414507989044,246.61946571675782,563.8932704737888,317.273804757031,1.3338140566136132,954.0742226204751,39.086526682362575,869.6803100194636,1030.8572737973682,161.17696377790458,-0.38772666874050493,138.02542289506758,27.32295353285905,90.17302943612034,196.15702122180878,105.98399178568843,-0.14749983966483565,38.818511016601754,0.45141351302404464,38.009128119934815,39.842122964025485,1.8329948440906705,0.008102323944576308,13.924709402036058,2.5914463792308835,6.71988677084506,20.422948450260222,13.703061679415162,-0.033172774456807594,1,1,1,1
397.5529495784316,78.28701427828442,178.50455777058386,563.0388062050623,384.53424843447846,-1.3686568555678074,938.6083340971916,49.01566175915406,810.0531204451918,1029.1251252725817,219.07200482738995,0.25965344675230295,141.487527736739,30.023706637300233,60.58428663844714,214.24540438427942,153.66111774583229,0.6285290822714815,38.93584400545146,0.4185940344557628,37.97881508605566,40.04185936799938,2.063044281943718,0.0089857152272249,14.603661721823807,2.3187022553671928,9.242311991893313,20.954804015032614,11.712492023139301,-0.013595756832355364,1,1,1,1
387.5073045100426,71.08047204234661,213.01518930459238,528.7838598559744,315.768670551382,0.16854107204600657,953.0654944283684,49.15590319343421,837.1437170175672,1105.0219889039079,267.8782718863407,-0.4411674634553779,144.32920823025987,29.72819218264684,48.51999165258984,208.20871162536992,159.68871997278006,0.08508476715618522,38.837115045738535,0.37749103722838684,38.204309706904176,39.6072019302093,1.4028922233051233,0.00040195691865405146,13.164836994236117,3.024100425993832,6.749157989308588,21.252401960183718,14.503243970875129,0.04731104185138172,1,1,1,1
385.2531807133131,77.7974200520943,217.0169768088852,610.1809215903338,393.1639447814486,0.8050454154269915,961.2502282234011,48.90927355195291,851.2374727809631,1068.0299254640092,216.79245268304612,-0.3861526896687313,142.6276685873128,27.328376022940407,92.46570912059894,189.52503826603171,97.05932914543277,0.29447517858529726,38.80455136116966,0.37219502229603474,37.77902849023917,39.5124949496588,1.7334664594196312,-0.0018904360440620727,14.332588767959365,3.135171885259144,6.387796491462822,20.348803197520105,13.961006706057283,-0.03441753588324371,1,1,1,1
371.4180959599967,75.51774525742385,210.81892740449544,550.8233098473369,340.00438244284146,-1.7543125840872669,941.4384640690928,44.42119700990318,854.6768297640367,1055.2926429618456,200.61581319780885,-0.7345925745337918,141.58269804707618,29.167767746541198,66.91481866902103,210.65817681324089,143.74335814421985,0.49689280675433056,38.82083941250613,0.41753036364278906,38.17406590888147,39.86291439229896,1.6888484834174946,0.0020932708012785886,14.672031869003739,3.214542111847491,9.187760708251034,22.32416479436557,13.136404086114535,-0.012499858586974666,1,1,1,1
377.64800158536934,87.0217006459617,192.9270991618412,553.1739808192827,360.2468816574416,0.2243224332482971,945.9216714322719,50.87414569454841,841.7743836400638,1063.1327852025743,221.3584015625105,-0.1132562262662204,141.36082280112217,28.239401392094774,88.75309829032477,208.22664929597164,119.47355100564687,-0.532441200698116,38.860429565446815,0.3942043607969194,37.951115374826124,39.924496251069655,1.9733808762435316,-0.000365250512753128,14.367357320181549,2.7231685133286696,9.321569974746593,20.786363698674734,11.46479372392814,-0.009446365982409097,1,1,1,1
387.43337071643566,62.897098642534466,213.29459392195253,492.8063064585616,279.5117125366091,0.13887892439695299,947.2747006741126,45.47407982512983,858.1549371323375,1060.8232222493348,202.66828511699725,0.6478551755811821,138.12375495216577,30.388999084627393,80.53273570102385,204.63656595751732,124.10383025649347,0.019764887582868564,38.83408744359061,0.4206514406764698,37.75870531284669,39.75271616577755,1.994010852930856,-0.00261254399772339,14.174114256592572,3.1919727782958005,6.713650796463969,21.64006817333223,14.926417376868262,0.06586746652413632,1,1,1,1
365.02172491939854,80.89809098440527,197.4853657048426,497.65581242404625,300.17044671920365,0.35082512362133395,958.3514119975976,55.29072764222559,849.2839001171259,1093.7365651479709,244.45266503084497,0.4293015224795992,136.84792182790108,24.434829703566177,88.68049328494885,184.82448673877133,96.14399345382247,-0.25416546473645457,38.87157461574438,0.3493184851343811,38.2116850968185,39.6203656309311,1.408680534112598,0.002596527314467343,13.930077543398932,2.9862828547874636,8.375447963014857,20.72738102481666,12.351933061801802,-0.02092199113785525,1,1,1,1
384.46093436240545,93.16496832424684,197.23058335635363,552.4945256417266,355.26394228537293,-0.9596688725185462,940.3497514905403,41.990435346503894,853.936156824774,1060.7864413843001,206.85028455952613,-0.4753324841472987,141.68101475404163,29.86333343700479,73.74115170255047,206.4781000977502,132.73694839519973,-0.3466329114595753,38.835607695571795,0.3751580667169921,37.965328755072385,39.4659499153949,1.5006211603225168,0.003125649124931147,13.897341154631224,3.1497832592055297,6.8554999043624925,22.294868610433326,15.439368706070834,-0.024299054320008163,1,1,1,1
389.2267216790882,88.34261780731758,183.82807936082895,581.605953211418,397.777873850589,0.5951099814762393,946.9617252402039,48.742826482759575,858.7550590285728,1055.0158638133034,196.26080478473068,0.3838817496807661,144.33104046856405,31.58957384840723,68.05779154394288,223.07305356882986,155.01526202488697,-0.11952969402463465,38.847300719440966,0.43713587483882804,37.5936465004314,39.57226441267056,1.9786179122391658,-0.00682657030804019,13.76817453738025,2.476931333861517,9.696560046597128,19.93911300045188,10.242552953854752,0.02372452226758939,1,1,1,1
397.7574630310191,74.9328630197578,250.30477518669852,582.836997276488,332.53222208978946,0.37543330470645037,942.8500390157701,46.0719477065067,820.0010827461916,1024.6568138705215,204.65573112432992,-0.638262245416944,143.35658376582234,27.62585606469231,77.14737989586439,206.8574282913583,129.7100483954939,-0.06169060165494562,38.823044763628985,0.38359108304458817,37.98668183501022,39.79756732882826,1.8108854938180343,0.00019751561199931784,14.340435411169258,2.780136992987176,8.785486260634496,22.183207753185748,13.397721492551252,-0.043998239391869795,1,1,1,1
382.3058948116359,82.10735506721801,244.75428091828144,574.5844728853605,329.83019196707903,-0.3403011052608811,952.7002401508205,53.82268182360127,847.5017569213489,1098.7232023462855,251.22144542493652,-0.8657738634072372,142.52565480284926,29.756221922399597,90.71870821527264,208.5910650465452,117.87235683127255,-0.02562014463629565,38.75837188261464,0.41677427790516847,37.9944595672922,39.70569374896459,1.7112341816723884,4.3528059203755146e-05,13.794464276555418,2.9729463075726215,8.19843148867876,20.26729682769745,12.06886533901869,0.005671329716614043,1,1,1,1
385.8406612066821,68.24218552386034,266.7337093398062,569.3887379091258,302.6550285693196,-0.039721081053606534,944.9389466940692,48.251385445248964,827.6155829506179,1035.2783154282743,207.6627324776564,0.32668619689544215,138.166594086563,27.6462709807626,85.01301947715612,198.04132122289846,113.02830174574234,-0.5172366295112325,38.86383210389705,0.41136930380275194,38.038681909398505,39.93493982571514,1.8962579163166353,0.0023533133598543777,14.035860201477623,2.5946541700053287,8.647876810261767,20.587546200082947,11.93966938982118,-0.020130971631520795,1,1,1,1
371.66529001240923,73.03776652106247,266.2898131450793,520.696380774075,254.40656762899573,-0.409187743713834,955.637503074791,59.66848660923772,822.9787119540267,1079.577029258587,256.59831730456017,-0.8730183874113574,139.65769316971276,29.378427629869222,87.23487942976277,216.51583065949276,129.28095122973,0.14729035631368181,38.87489077287747,0.3926404653934669,37.6189292669194,39.625859303132316,2.006930036212914,0.007910802523763848,14.210811063628594,2.805315031445691,8.737020628217566,20.970678668726567,12.233658040509,0.004017849916430593,1,1,1,1
409.7212846869721,86.2424559797018,153.65607796975866,587.7828784469284,434.12680047716975,-0.05771183003493913,942.7648742026095,49.28652095292028,837.1307081743664,1042.8845011785638,205.7537930041974,0.08237279648755808,141.23269319141292,29.37590899103633,64.25797761482025,203.30646253151883,139.04848491669858,0.27880052041723996,38.75745524098663,0.4384658915772778,37.54880325793867,39.81392364513548,2.2651203871968093,-0.0011981589577258558,14.59063754367247,2.971150177266227,8.719219866760612,22.363789559569323,13.64456969280871,0.0007006340228401459,1,1,1,1
390.12362386619895,85.03377167616709,222.98488927567467,555.7175432870175,332.73265401134285,0.7365748728008429,955.6702051386186,44.85412294837963,860.6554845851554,1054.9909325831156,194.33544799796027,0.16531222751478689,137.92997183059111,25.999895531394785,70.89487047887424,196.18784937845737,125.29297889958313,-0.1225826501763406,38.749383543460496,0.4246853084746606,38.03594810184673,39.85565782952532,1.8197097276785925,-0.003237917732389794,13.89219835492785,2.949606676070525,6.155299006791363,21.557243600646153,15.40194459385479,-0.01150228237807004,1,1,1,1
380.4531166067082,79.7542052557595,188.69552752445497,540.7836367336936,352.0881092092386,0.28044585354624973,956.0287381204722,46.23776785706453,855.624635264237,1094.0165569284645,238.39192166422754,-0.15244595994624163,136.61059445385123,30.185131022617988,81.70711206325863,206.60322654133188,124.89611447807324,0.24346717266678441,38.882076958176576,0.42148037705165686,37.682882354256215,39.58560316088795,1.9027208066317343,-0.0009635136974681745,14.139208267926172,2.806805775138556,5.467172251817747,19.10781966399184,13.640647412174093,0.015400902772083145,1,1,1,1
393.1636983408122,74.93032228650631,204.74293924402753,552.9009285548779,348.1579893108503,-0.7950626895950037,957.6849068133353,43.81518967551132,866.7751077880124,1042.265536361735,175.49042857372262,0.2411840235142235,135.22274704048144,30.92464138896998,51.0265355765726,210.62366887151273,159.59713329494014,0.21794649106988223,38.81051999875452,0.416976526043613,37.984972218252985,39.6940687353788,1.7090965171258148,-0.003067259481465311,13.686527214278525,2.9837910218546044,7.268640150708488,21.404237874593477,14.135597723884988,0.013157410366629383,1,1,1,1
385.92669555218157,81.0577542371258,169.70034232966816,536.7095799233064,367.0092375936382,1.075672739932483,938.0071684936297,47.82650270161703,829.8254059839549,1038.2022652293372,208.37685924538232,0.049543449103867196,144.81891400477514,26.02261141592812,85.20045910252139,216.96888418334066,131.76842508081927,0.08077519524816659,38.74295740218519,0.39126452397516376,37.94660822463823,39.55662410328567,1.6100158786474381,-0.0061018933090126876,13.479871721756242,2.8403494049608544,8.43652926829935,20.537793958695907,12.101264690396558,0.005096487455188165,1,1,1,1
378.9795468263068,98.58722031457754,196.52781443878808,593.8952340781983,397.36741963941023,0.3458027210553754,956.4300112441821,30.854044911591703,872.0494302344429,1025.735604120276,153.68617388583323,-0.47042700952416416,141.70777621617842,26.55572235884135,84.14983945267775,193.68097857202224,109.53113911934449,-0.21095203983664385,38.81416076062886,0.5168648788215615,37.356667288242775,39.78478651771918,2.4281192294764082,0.004809041082416535,13.72235035666464,2.511472564054591,7.769500331722807,19.551970415603655,11.782470083880849,0.019237898118797177,1,1,1,1
380.8169964595134,85.72526429776102,187.98840348437864,633.2241999592624,445.2357964748837,-1.5758163213479925,953.2043022661476,53.327433766324994,826.6414151789174,1047.535561649366,220.8941464704485,0.31111468073840615,143.53891622366794,34.63843965122456,62.40167084265234,228.19006263196934,165.78839178931702,0.045749456877860105,38.83251891064318,0.3329206205634357,38.0086266389939,39.516555523298564,1.5079288843046612,-0.00322695219705105,15.694111906864649,3.013690744143838,8.720313194417567,20.774558095001176,12.054244900583608,-0.04256624944448284,1,1,1,1
386.7713222207296,80.05130117465444,241.69961552885113,581.6039548713995,339.9043393425484,-0.5482669958449067,946.973843136664,50.536513755626935,836.4623316959783,1054.3976712915908,217.9353395956125,0.4709818760494235,139.00793961457615,31.880278829600755,44.46819967332584,200.47371502150577,156.00551534817993,-0.05226046471906498,38.7544496995165,0.4135705118437551,37.94721659294858,39.71539197489663,1.7681753819480548,-0.0018529181646723143,13.861301875573636,2.9684054800313215,8.498038730707476,22.7467787452159,14.248740014508423,-0.038215021088047356,1,1,1,1
381.5395505137949,83.286792032983,201.62697172620176,585.6445818003608,384.01761007415905,-0.42943616233428133,953.8304887204796,48.02350841155175,866.845100758822,1039.0537754996153,172.2086747407933,0.8961369088717671,139.03469683270595,30.986341670694312,76.13757770118127,223.05949762333753,146.92191992215626,-0.3256296865617253,38.827896568662275,0.27073318085535586,38.18976747864545,39.48530720353402,1.2955397248885703,0.000268502082854608,13.515724287376813,3.241006759402717,6.244715410690263,19.907101426133202,13.662386015442939,-0.01642002658353313,1,1,1,1
396.5318298897294,81.01498123377357,227.71501586764603,615.370924394304,387.655908526658,-0.4968570096905256,958.6751859064627,44.3934259630481,891.5677990175082,1073.8503548529795,182.28255583547138,-0.7095516321290549,143.10595715878958,32.779670770006376,62.778189065419895,221.18376897685604,158.40557991143615,0.18303458336420866,38.77158300175354,0.39469720528780344,37.95997662415917,39.59176446798042,1.6317878438212503,0.002390801865239241,14.74034688102403,3.2043593679480837,7.399447694342263,21.658802981418866,14.259355287076602,-0.029940317032824088,1,1,1,1
401.7253540122858,89.72113766909268,205.15845761810255,582.5387050576335,377.38024743953093,1.3199491815270654,940.471871931519,51.779851213057526,809.3297237025654,1070.6066807722384,261.276957069673,-0.11935676127899947,142.7890949612044,26.855390198997558,84.96995065379875,198.94989551807672,113.97994486427797,0.44994887434320585,38.81232664980485,0.41618214164482226,37.89312534371666,39.816438513531565,1.9233131698149037,0.00367536114060446,14.256266758111844,2.939452483045717,4.564852828950322,20.006626132238505,15.441773303288183,0.005657847838837496,1,1,1,1
365.0543699848447,82.54253986460239,155.28495245821057,547.9363999306044,392.6514474723938,1.3481343217815165,953.806098012914,49.67172397034701,794.4333584937067,1082.2958809203762,287.86252242666956,-0.4439343075632779,144.46039868385967,31.403552581558927,59.66736862173374,202.41594233978407,142.74857371805032,0.40192989076765984,38.8004806600759,0.34931061576382477,37.95718700848735,39.469306495811736,1.5121194873243837,-0.0006787624914220389,13.237435235237594,2.8401300928845337,6.736973292295387,20.343525673753483,13.606552381458096,-0.034475950849899684,1,1,1,1
380.518722103905,84.73135959191337,161.42469028735107,534.6276945731815,373.2030042858305,-1.130207126590594,954.8907776698672,51.67602361427037,852.0802243251549,1063.064993796038,210.98476947088307,0.3609234148246235,139.53963261370924,23.812861409977103,57.48163611704976,182.3358562903967,124.85422017334693,-0.09594175414528582,38.82601626840701,0.3489776412506869,38.00773742878919,39.51610290164949,1.508365472860298,-0.002173734592875876,14.521600519327954,2.9885765442989243,7.877474318789469,22.238947170176715,14.361472851387246,0.005721291971434322,1,1,1,1
381.2431827126786,63.99314388819815,273.8383891904719,537.0781530469123,263.23976385644045,0.46960549087635345,963.5018200210559,46.11039129276281,860.6518463247686,1068.138521927066,207.4866756022974,0.7060922732232278,145.1074845237328,25.62298062381463,86.25273306220762,190.65488779849247,104.40215473628484,-0.04139610904725777,38.74556593802875,0.40079117546389065,37.823924348534824,39.584875716405485,1.7609513678706605,-0.001728580500555206,13.27198719569462,3.2392442564734645,7.200705593152029,21.284737129027867,14.084031535875837,0.021306464163404218,1,1,1,1
365.56586984492924,74.61693917372229,172.89698849828233,549.3485295588812,376.45154106059886,0.28670334740546394,946.1317841937199,48.03165928824133,792.5976315790153,1070.6503525633407,278.05272098432533,-1.0006889496303153,143.05658424988553,29.191975246633117,92.22138163222932,215.82824869480436,123.60686706257503,0.1848412814588052,38.95768479851031,0.33172801505128974,38.33047438439749,39.708727621685306,1.3782532372878151,-0.007424483909872318,12.940324643217753,2.924532330744911,6.73505436667365,19.899989829775137,13.164935463101486,0.05136047393571432,1,1,1,1
404.8856924113886,79.85398417583613,244.05432288774367,632.747006621132,388.6926837333883,-1.2966407845838832,953.8326747787906,45.91811901730839,848.9992921551301,1040.695305624172,191.696013469042,0.28511769203369697,138.26392263662922,26.578701778105557,58.90463116292207,194.3350964473708,135.43046528444873,0.06743475949797474,38.90165987085672,0.3327859276902575,38.3412929515809,39.868940346545315,1.5276473949644185,-0.0010877603870407366,13.434182015964966,2.62225975940729,6.343012838763146,19.677856297116048,13.334843458352902,-0.03846217978564898,1,1,1,1
379.13450867166983,94.49301972587617,170.70372301473455,625.5884810640757,454.88475804934114,-0.10461178999879965,946.203972576662,54.97192338829455,813.530017705265,1045.2801921678474,231.75017446258244,0.06247823134520829,147.00323115037955,23.621027816575605,92.16646104259908,205.66962061617454,113.50315957357546,0.02818425387607459,38.80178466029658,0.41351336421214957,37.85168045138787,39.80414770996504,1.9524672585771654,0.0020916100708761117,13.471970704737933,2.5430625114645187,8.243303703141217,21.977579721429592,13.734276018288375,0.03136633842784343,1,1,1,1
396.61055403411507,78.77340809706884,263.24490700365254,628.2539461514825,365.00903914783,-0.33531013567935414,956.2478978054678,43.6116927828323,871.5504927908775,1050.0786754670914,178.528182676214,0.13067401812984875,142.0800227721416,27.740129276980163,62.80676608970509,194.77124130879196,131.96447521908686,0.27659639612744824,38.80239181724645,0.36175016941478283,38.00196308080422,39.563565608787826,1.5616025279836094,-0.004884857593084826,14.219118211729349,2.3879966190022355,7.67087044835824,18.037657530383175,10.366787082024935,0.021074352943145618,1,1,1,1
374.73671913377007,82.30579608812674,196.3613866811801,579.2823717567319,382.9209850755518,-0.7295939037712029,941.9886442443157,50.12405118393375,853.6152059765323,1029.2259005326368,175.6106945561046,-0.5859797789165364,132.51015838773657,27.2661630948008,66.25079074389078,184.83593344732253,118.58514270343176,0.12049160498461307,38.82467906974391,0.41099776565817014,38.06353230516074,39.99314596695116,1.9296136617904196,0.003925191028568954,14.030745560709763,3.282094625062224,7.967417100108516,22.752373603279477,14.78495650317096,0.024126631741756586,1,1,1,1
383.64722520297977,80.35120412565219,207.2031614606955,589.9378453326691,382.73468387197363,-0.4864492117402346,958.0232027194196,49.025972566075176,863.9173971415088,1063.7287835778284,199.8113864363196,1.288088294317695,135.04142846895286,26.98610526458169,84.41369683271887,213.57874866846396,129.1650518357451,-0.1918167675154116,38.7630577233434,0.43881337455699654,37.882041410560156,39.911617664790384,2.0295762542302285,0.0006536258943122547,14.032912632141176,3.5458780347425,5.461709276229284,21.705301579543928,16.243592303314642,0.021957914587969717,1,1,1,1
378.2367614300586,69.00813572159227,224.87002203180705,544.9101006773384,320.04007864553137,1.2819520366641226,942.0931199143891,41.01959148302696,841.5276766735517,1050.8874243785608,209.3597477050091,0.1150127101377458,141.9246845599438,30.52874827254722,80.91019636101683,202.03019922106608,121.12000286004925,-0.2257003464182499,38.746268915634,0.3423240726829791,38.090516840868894,39.618995795873616,1.5284789550047222,-0.007165968618946191,14.2257403002308,2.574044738002361,8.396151741682656,22.178484325669828,13.782332583987172,-0.032540891348074585,1,1,1,1
376.72399383815144,69.83385660036794,209.61638469206068,551.5217985495538,341.90541385749304,-0.02088310531301423,946.8414271411806,39.559188190406225,875.5347622109563,1045.4836433279436,169.9488811169873,0.17400152772867064,133.25695543700002,34.2012608284914,56.18888458461775,210.14275557468,153.95387099006223,-0.39256205047309256,38.7478760826035,0.34562742707706334,38.06623097046962,39.49787002911466,1.4316390586450396,-0.00395646698077546,14.248828526947385,3.2530360786857084,6.455300097301079,20.736671617023884,14.281371519722805,0.002210329201620113,1,1,1,1
380.44339326125146,72.82909049544146,230.02673526863776,544.8260334200259,314.7992981513881,-1.8616097979675548,946.9184283523873,53.473108731666876,864.8221048135111,1074.9614559048673,210.13935109135616,0.7791036529821836,139.34832428795778,29.836381028959654,64.00666819794199,211.91373436933185,147.90706617138986,0.019152488914126135,38.89297609730629,0.3570576442211209,38.18007061321515,39.679986730752155,1.4999161175370048,0.005466102755531184,13.560139867100546,3.065737602202437,5.887390823994789,20.26590099971124,14.37851017571645,0.0031586624107487393,1,1,1,1
369.5833418735334,67.82183752695049,232.90153058783545,570.0274443056092,337.1259137177737,1.3275258782172816,958.7490817808914,42.15888097891652,872.9184288732692,1077.0361459951405,204.11771712187124,0.2931231140978273,140.4149039857765,27.53372583623461,84.68952804190535,207.92331035928888,123.23378231738353,0.26230666796485574,38.74634930208359,0.4434139026267116,37.766313592686686,39.629892081810944,1.863578489124258,-0.0003425300203664758,14.526700661156482,3.207698384701462,6.016060503015753,19.72563749791328,13.709576994897526,0.010368697750608946,1,1,1,1
361.21791737861685,75.13025747830079,139.5122999344156,572.5643991593391,433.0520992249235,0.6383824327595096,935.7499257999866,48.61831939139094,829.6303791552268,1043.7842638972518,214.15388474202496,0.4966619786590026,147.1710703837338,31.33386767139375,83.71892141076682,233.90273894780137,150.18381753703454,-0.21810114240695735,38.781004562261295,0.38264533972953146,37.83487697082083,39.57003392404316,1.7351569532223294,-0.002956764382501954,13.565225525409858,3.1080509225856736,6.588940489615206,20.718559242523234,14.129618752908028,-0.057218595290603615,1,1,1,1
390.405336269173,75.83512048371942,250.3757841621096,593.3651504148543,342.9893662527447,-0.5534085637787828,942.1237018697025,55.702563492943945,832.9134132272113,1047.6554444681003,214.742031240889,-0.6896793934192745,135.92017476251914,23.5259014006106,87.59057559204197,197.94118084523407,110.3506052531921,-0.06865847815572412,38.822340728035904,0.4234564374009705,37.95991364764148,39.67805470074123,1.7181410530997496,0.008668758505709907,14.34292199893039,2.8619773091035428,6.4095519195108555,20.188423431879347,13.778871512368491,0.03851280193463655,1,1,1,1
363.7436395522883,78.94749807349577,172.41989778850018,496.44319806526335,324.02330027676317,-0.69882802898771,955.9057081632477,44.36259232128868,839.7802668574413,1032.5975135494778,192.8172466920364,0.09790840134694256,137.997530202133,28.291500387048167,55.376572295304825,205.17251470990408,149.79594241459927,-0.44268243008984814,38.851324493558224,0.4262620859738716,37.150138681476925,39.67260751930014,2.5224688378232187,-0.0022644154316154466,13.94181358295847,2.993262173797195,6.4725213032930515,20.036181163356904,13.563659860063852,-0.03527308056997464,1,1,1,1
367.9976732532964,84.74402882805452,225.83393544267054,543.0338632442117,317.1999278015412,-0.45225383360610394,956.8832753911947,46.53413609175676,872.8487986998549,1052.1709446625684,179.32214596271353,-0.30135128992769694,141.74138654316604,28.684375738337817,64.63684722708236,222.1185016090201,157.48165438193774,0.10423290249337151,38.81933082255651,0.41202053305829894,37.46131109342615,39.89605978656352,2.4347486931373723,0.0013713458012144188,13.526306755385265,3.010424962903847,5.48118562922939,19.861233269652153,14.380047640422763,-0.05715931074918707,1,1,1,1
384.21343717035785,77.85679410994429,219.76999759571362,542.3731675241798,322.60316992846623,-0.7349026138668259,964.6851521937823,47.36929428747902,873.2359449279093,1053.7748192898102,180.53887436190098,0.7620432910798903,134.8727898803744,33.51516914552313,59.0739690290894,203.46614325807906,144.39217422898966,0.5506531711808269,38.77076842341913,0.32264898463846703,38.06544333613085,39.43239517607373,1.3669518399428853,-0.0022326088648515897,13.605923749179558,2.7527491623906015,3.690347473551313,19.043763592088993,15.35341611853768,0.025835550891126487,1,1,1,1
387.47749575313907,75.46450332096599,225.4654937358115,562.0704349969801,336.6049412611686,-0.4429757556693985,946.3305842001112,53.195030812651495,821.91294022108,1082.5319273190732,260.6189870979932,-0.1439770076020106,144.01025957198533,31.711254599454875,81.5687193929692,214.73092831686404,133.16220892389484,0.4368494961343265,38.85192124303653,0.3694363378099226,38.07005587549206,39.93378168347877,1.863725807986711,-0.001377927805858898,13.828671653692052,3.423737476071947,3.9612949118705227,19.943253852837223,15.9819589409667,-0.03797319576747888,1,1,1,1
395.55735076034006,68.957493500264,236.6095746225733,581.5923233026086,344.98274868003534,-0.4849742220033337,947.3482274787762,45.879621366239725,860.8742186395687,1071.635831778737,210.76161313916828,0.37999350325873377,138.83194863338085,28.0172524775404,74.48570906906622,197.75426779811136,123.26855872904514,-0.6345576614670129,38.777526974737114,0.3367824752109945,37.77780886176423,39.617620016952074,1.8398111551878458,0.0009638213535998567,13.905725089819061,3.353150826985439,3.088623678480916,20.20351108438898,17.114887405908064,-0.04216061298561076,1,1,1,1
387.5550530041471,77.0409151572348,230.53945950132936,571.6318958251404,341.09243632381106,-0.5151361477167349,953.9913275215546,57.58806557521481,783.7476306318274,1081.1199109942931,297.37228036246574,-0.13674071745069472,135.811302534602,30.587241811779084,61.28357642135485,214.31961042290496,153.0360340015501,-0.09989556559069855,38.814777043067004,0.43154955553378377,37.796138323278676,40.108695006725355,2.3125566834466795,0.0005948538884725003,14.326470051195104,2.5739847819111916,9.438798254101275,20.20073173552118,10.761933481419906,-0.0038909544611212617,1,1,1,1
384.6963941243771,84.21462432617948,229.43300909101805,525.9713286258865,296.53831953486844,-0.7877223833472525,954.2272680547129,41.43651704890671,848.3196704635815,1026.9099611917225,178.59029072814099,0.19516606965893837,139.56608977553952,30.608299704068244,69.54606674777993,194.81055670902555,125.26448996124562,0.5222220112311853,38.78664135278464,0.43892517458630614,37.73534651514193,39.6973124466639,1.9619659315219735,-0.0014187352772062087,13.64565483023954,3.0253465816484932,5.6663244263487265,19.32412356657924,13.657799140230512,-0.03066873423253906,1,1,1,1
402.8439746635239,86.20662954982136,199.05313850895914,577.2884726762444,378.23533416728526,0.8587241267695371,950.9113479236178,51.117115315005634,819.6106423207876,1054.092284353521,234.48164203273348,-0.5903622299986593,126.28909957651996,29.581038421974128,54.54488683421914,190.28309300812856,135.73820617390942,0.07571757184180981,38.803207076444295,0.4305137549097884,37.95613270284964,39.84475206970098,1.8886193668513442,0.008798013709799825,14.259670685903439,2.6384779440439043,8.507240705211686,20.067008094123832,11.559767388912146,-0.025913993050248968,1,1,1,1
385.9024018707407,78.65555417783695,232.87841628584744,617.042287765617,384.1638714797695,-1.2999344780298592,952.5458352902159,55.48621777333192,849.338200582372,1081.5963684348646,232.25816785249265,0.1229111929822701,129.54212442363578,28.350342100700146,72.91772148834231,194.56278750900805,121.64506602066574,-0.33750048525916454,38.761049138331074,0.363852440842815,38.05808477093123,39.48191057357734,1.4238258026461068,-0.00020671827913900374,14.196553143899907,2.534649000288003,9.371800028965936,19.910543456027185,10.538743427061249,0.0008706016920886808,1,1,1,1
376.47768133819363,77.171943344969,217.27538174694328,606.3429266642688,389.06754491732556,0.41289606381983923,968.2280062662662,53.59303399462657,859.6850130518376,1071.6453481412984,211.96033508946084,0.6091342777323712,143.4785007685458,30.53477620167181,88.8751561358373,223.4043535586618,134.5291974228245,-0.3504827096054038,38.70150788484789,0.4293642196875621,37.46164365664909,39.65748276787485,2.195839111225766,-0.002164617346009571,13.856548703064886,2.853902589887727,7.965711161109159,20.224515751986026,12.258804590876867,-0.0364429466582803,1,1,1,1
372.7369232719169,82.93248329141873,210.12848341869957,543.43260389168,333.30412047298034,0.6369617340181314,953.6018183813887,51.81457452584334,849.5017495259293,1074.2348075360671,224.73305801013782,0.6661780647994606,140.8863846095925,28.222808723036387,60.25271315504813,202.89761581844778,142.64490266339965,0.5269468197100338,38.83023004436865,0.3793406482572224,37.79552059287879,39.49561216753154,1.7000915746527525,0.0029130750182390975,14.388771596036147,3.366484957791442,5.165604448535367,19.150779606048822,13.985175157513455,-0.041361133199198305,1,1,1,1
408.21502784421426,83.75201746829866,254.5559144300408,568.8130102616642,314.2570958316234,-1.0923684498504482,951.3875613561192,45.816249368649466,843.5747372271261,1024.2392481609963,180.66451093387025,-0.10857205719447734,137.43275513236648,29.074472007290613,52.09720780771549,204.40532969668942,152.30812188897391,-0.1747005851137829,38.76227396448555,0.3541785755007054,38.044536646931505,39.60653464643251,1.5619979995010027,0.001645055024517084,14.121620891325069,2.804543673702686,5.434783971554545,20.052087104861414,14.61730313330687,-0.016847558186111698,1,1,1,1
393.4868901473568,74.16236984817868,231.6745401669222,530.2299652967814,298.5554251298592,-0.4343782111686876,951.383044437945,48.127094407616546,860.8903575242812,1066.031749155558,205.14139163127675,-0.018812909391127536,139.17853968273675,30.870341436989175,50.81673643959188,196.6669365537719,145.85020011418004,-0.5050183862496098,38.864580762052086,0.3992759371992034,37.87449699878204,39.825592007641745,1.9510950088597028,-0.004106479414144083,14.197384000376173,3.780742212021131,6.509984709093512,21.889225877728343,15.379241168634831,0.03454934752200898,1,1,1,1
377.0987578068172,68.78425482993241,213.47616972319187,563.583941797991,350.1077720747991,-0.7623594099911727,958.7597323943669,61.24332208305911,829.0741950748563,1122.3392976894154,293.26510261455905,-0.8178821497490875,146.74914455183617,23.713073242090175,100.31490935423056,212.60604449844817,112.2911351442176,-0.23156462102478587,38.73639471486611,0.372417077172144,37.89606398309185,39.55498887866675,1.6589248955748985,-0.003512372317078123,13.84991480438724,3.069331667659189,6.972556454779852,21.732907549952213,14.76035109517236,0.04635500938958834,1,1,1,1
375.09694618503374,69.63999044468291,200.08122517993513,515.2852706991937,315.20404551925856,1.5240131714979022,950.8592030823006,48.170845881729726,838.8284815013827,1040.9766440020267,202.14816250064393,0.11875391640550077,140.31128794273272,33.110554374960046,81.23414769023847,208.6171263084668,127.38297861822832,0.04003082037878421,38.73357580646453,0.3639951396687124,37.671804439793355,39.44637433443549,1.7745698946421342,0.0006510898526338926,14.626499851606509,2.8297410777582903,8.486136967261723,19.950441421036523,11.4643044537748,-0.008866891645276341,1,1,1,1
366.280729921077,72.7222053973419,214.4559713881785,493.1238434168273,278.6678720286488,0.15574885750503473,948.4613755502198,44.31696571376068,846.7243021794769,1059.5226783054159,212.79837612593894,0.47212958003722166,137.90462060758452,29.003605369593302,58.747709484492205,214.08897180083284,155.34126231634065,0.2113461499674639,38.83553836739471,0.4171792288315212,37.74796553937547,39.76627391792625,2.0183083785507776,0.0012700718130170552,14.760412399402727,2.2737432890441944,9.279311931669442,19.824498197924488,10.545186266255046,0.02017602204676898,1,1,1,1
370.4835808198724,89.01414899634881,145.2009950092463,574.7533232744667,429.55232826522035,0.3244902783419723,951.0887884696576,45.932231891467765,868.7112069987909,1056.1906980129047,187.47949101411382,-0.21452201103382487,137.39644936190624,28.084905770572192,74.73172655940925,206.21012408736453,131.47839752795528,0.005150236641447432,38.75535793377409,0.4128222964345592,37.98220822427183,39.69835730578483,1.7161490815130023,0.0011568213675268433,13.516584828989112,2.9484262859344534,6.184971774341923,21.18047795477751,14.995506180435585,-0.012734638460662093,1,1,1,1
382.4976596271067,90.67830729059183,176.19898155750826,570.0391093235552,393.8401277660469,0.5214669665001899,959.0141583475329,45.03471730610274,851.9602964726635,1046.282600172191,194.32230369952754,-0.12936202920275935,142.2634851899303,28.378055835561963,92.68683110561513,210.16244700560327,117.47561589998814,0.030069424357447975,38.824104078270885,0.4053566642721762,37.43627477241445,39.826181016762646,2.3899062443481967,-0.008193459123735139,13.643932599843474,3.4540726631023153,4.616796369623694,20.8613059248847,16.244509555261004,0.01972516529118536,1,1,1,1
381.81093160212293,83.74413498134629,232.68322601127602,647.5404765101913,414.8572504989153,-1.691806550222943,953.8688411667712,58.150392466623636,795.2750962981108,1085.8934447235579,290.61834842544704,0.08255218822691227,147.72028183522016,27.587562285844054,89.19144187847684,204.59660877367273,115.40516689519589,-0.03209048146798879,38.76995049587718,0.4782847174573438,37.625791256853475,39.85531148326944,2.229520226415964,-0.003445778846450472,13.682478769797088,2.886187234423844,8.037141644196174,20.708840339064725,12.671698694868551,-0.011169392111216273,1,1,1,1
388.6388780473697,73.43364439492235,214.75720184184613,590.4775671506911,375.720365308845,1.5014846150871743,951.4268592705647,43.867252963825855,858.3714217869857,1062.6631458281931,204.29172404120743,0.10968359643450973,140.62630028199064,23.928376491895474,89.89230442702578,192.9265663379491,103.03426191092333,-0.4716146931194704,38.82859308420673,0.33089208328886005,38.040027393606245,40.02912678431979,1.9890993907135481,0.0008169252908402022,13.715371313641889,3.026318529538131,7.110451047323178,19.564761108708034,12.454310061384856,-0.007196341922581174,1,1,1,1
384.55340514443816,72.39949199698115,214.89367728426112,579.8316847201575,364.93800743589634,0.5154927386230863,948.8131304316098,52.37381254836012,846.6617370888888,1061.7297343694652,215.06799728057638,0.08672799041135366,142.12328055858305,32.397438088327974,69.76210254021726,219.276653839073,149.51455129885574,0.21084068400986677,38.835397004408534,0.35123621264350374,38.00434477516069,39.723069213336885,1.7187244381761957,-0.0013724751805391667,13.284126144926699,3.078627864962795,4.661752221660947,18.479995317981256,13.818243096320309,0.00831608425213413,1,1,1,1
360.9409388842902,86.35786001343833,184.96745831764642,553.3150552982006,368.34759698055416,0.7905574191632115,960.75659922661,54.815386991976425,827.0355099046191,1063.7214648797574,236.68595497513832,0.556988225733211,140.81909773883086,31.95260801581177,76.88413848853321,205.5661399668137,128.68200147828048,-0.09547613551319194,38.69883848785391,0.400265640532989,38.0561540975646,39.55811438320947,1.50196028564487,0.0020904804652324234,13.426057868606765,3.069138923840746,5.859613706529769,23.652881816587204,17.793268110057433,0.06176166905849256,1,1,1,1
371.3060464115616,84.09984305356912,121.71363204831545,572.4842447088841,450.7706126605687,-0.32104095979625646,960.5302890529192,50.99915737867089,801.7551029128606,1057.4035491814648,255.64844626860418,0.5777785605066481,138.85862934183626,32.234995978912714,69.62405734557076,194.24414195937925,124.62008461380849,0.319361727570984,38.73885521981282,0.4769026639574444,37.605957230373114,39.54625127440075,1.9402940440276382,0.006737914935718608,13.991058444479384,3.06496089352056,7.251554549507093,21.77810248732368,14.526547937816586,0.02364502090774324,1,1,1,1
372.03275076045907,75.46672664783155,194.1796108669094,568.9598988580846,374.78028799117516,-0.474062247580552,947.9423365382883,43.80262413669,846.445208729104,1071.5310106320876,225.08580190298358,-0.21996332747722774,139.62547726265012,34.0814743683765,47.24457764595789,234.89775856814833,187.65318092219044,0.1824682532788993,38.77027191197667,0.4014675664345439,37.78184145534693,39.667560850658596,1.8857193953116678,0.0025349251410534744,13.46518053146694,3.292566683046691,6.234918852173881,23.13104097166458,16.8961221194907,0.01002404023740975,1,1,1,1
395.3968665478298,64.33695120606001,278.00922120765085,525.8834580056409,247.87423679799008,1.5808835583444882,941.5560261219756,43.43653361608109,825.4830285656644,1022.7932574706164,197.31022890495194,-0.22991047436767226,143.7022632528069,28.162226188800794,85.46298924762812,213.7154360128901,128.252446765262,-0.2544382985937412,38.703446785488886,0.44791058477131435,37.80611490456141,39.68741345277386,1.881298548212449,-0.003619633531364732,14.474410035032157,2.7270915521591355,7.769399331413528,21.353158968215602,13.583759636802075,-0.003969883258367687,1,1,1,1
371.00184317200865,82.2190878933016,203.05245729185503,571.3298757674735,368.27741847561845,0.5712517256928934,937.9157575763763,63.03842611439358,829.4505977950423,1084.9194616997374,255.46886390469513,-0.5276216368326813,138.2236337271289,29.98221271618956,70.31305909787234,207.4837590824044,137.17069998453206,-0.1853132133012504,38.77991787484741,0.41495000304599255,37.47920279515384,39.67400508083355,2.194802285679714,0.004000737329868989,14.228368625092052,2.8715251239715185,5.404729047920899,19.46983167722785,14.065102629306953,0.016183727030197447,1,1,1,1
396.15260908517195,76.28829650444067,260.31448857318026,571.120079384443,310.80559081126273,-0.13422982432385158,957.5252377652505,43.78064181530152,871.6985847177469,1051.975515148651,180.27693043090414,-0.43421606652519434,135.765313292004,28.57276555037316,54.04904540973888,194.82966151454613,140.78061610480725,-0.05172393553170591,38.84736976292987,0.40439282440894936,38.027292296289914,39.57318777973308,1.545895483443168,0.0009093551564020467,13.588619474326709,2.8669021683221314,7.51151081535331,18.11444628693937,10.60293547158606,0.014976443514005495,1,1,1,1
387.2548020443656,99.0604949558516,215.81894479707069,614.1371729346674,398.31822813759675,-0.24777057467290237,947.1989260428242,53.63023924989289,828.4708470850848,1073.7904013436032,245.31955425851845,0.8228355845421955,135.99735077319926,31.540637375405524,61.849511766837594,195.83233571180685,133.98282394496925,-0.09758551319565306,38.77771107877841,0.38613573414041186,38.00821382582075,39.760445144843935,1.7522313190231884,0.0058407921584887725,13.507826393042562,2.7313745941512377,7.508899474664632,21.238863204843458,13.729963730178827,0.0008803547004143799,1,1,1,1
379.03647847771254,77.21855197123908,160.4365319173543,529.1472712328211,368.71073931546687,-0.7812029625257042,951.8512378331534,52.868807329990844,825.0926603184241,1073.392798827755,248.30013850933096,1.0167513423998418,141.6853752854924,27.846113565631534,80.50107462604373,189.8388269655671,109.33775233952338,0.3055508786792516,38.820022555897935,0.4476516373546244,37.779828812263446,39.73418940400885,1.9543605917454059,0.0017242978986770174,13.686793598618264,2.7422202176884025,7.822876911897863,19.573287890096697,11.750410978198834,-0.09710277703796696,1,1,1,1
376.7398028189016,66.42024501146095,215.1238872345098,545.4144663732953,330.2905791387856,0.3180287163819993,941.4840492947603,49.67916303399853,801.8683832400159,1102.4090715777077,300.5406883376918,0.666828521521198,141.09481861567141,32.08018884361239,78.40553161978562,214.2620147917529,135.85648317196728,-0.07520668793900026,38.771261251540494,0.41293237966356766,37.72630892403584,39.54243277442344,1.8161238503875978,-0.001782934859790548,14.082131467199353,3.4519746240022138,6.681902646315688,22.297785558237322,15.615882911921634,0.019809949021264556,1,1,1,1
384.56050753692875,77.49329247635555,243.07657090710623,538.5681499522466,295.4915790451404,-0.21421062971272292,959.2899717883619,51.12407425479001,804.9740437036528,1046.6945451007498,241.720501397097,0.8248128420820151,136.47369248007314,23.997836370998872,66.5929329506942,178.84622077714764,112.25328782645343,-0.07116859132810013,38.76295268875523,0.35510393127989304,37.67154699485829,39.403223167883354,1.7316761730250647,-0.0011029110270241041,13.961009806288368,2.581486771048511,8.568167609102991,18.459799746973985,9.891632137870994,-0.007042664590444014,1,1,1,1
374.68610531103803,83.87096316446512,201.6885461960098,551.2443770288414,349.5558308328316,0.367471604205535,945.8510814093529,44.13329262374122,843.6965087119053,1081.108005907037,237.4114971951318,0.10111754821492126,141.71725682433774,33.39210280513378,58.094664358843204,208.45955365600537,150.36488929716216,-0.21673096063991693,38.71740795572966,0.40271438673923354,37.605831514323825,39.58490822081897,1.9790767064951424,-0.002613653038165813,13.585000710211187,2.7436800860344746,7.010925139085731,19.732211546086752,12.72128640700102,-0.003389361443420868,1,1,1,1
376.94777472258795,74.66121465368188,188.5900129137624,553.6980236143156,365.1080107005532,0.4093488611687639,952.5253744739192,49.79997871119924,842.171545929069,1064.7638669474095,222.5923210183405,-0.02745353686268774,139.73877258923005,32.82851794152822,74.30961187143507,204.32717196484805,130.01756009341298,0.1351287277388009,38.851981521576214,0.39450546653049734,38.09844995410197,39.664610332815734,1.5661603787137608,0.0026078422234448147,14.234841579387695,3.054491549769112,6.406358426874634,20.241089810459233,13.834731383584598,0.024600104881658615,1,1,1,1
377.51225915302064,68.97334957987553,156.93195937686647,552.6752129174542,395.7432535405878,-0.5391854739542231,963.7100647109238,49.465904741507856,843.217251724912,1102.4008579440624,259.1836062191504,-0.4281015612744331,141.92839130897949,31.2537837868811,66.97460306975736,215.74924095800014,148.77463788824278,0.10447130195607864,38.786634337283125,0.4282087410140371,37.89410659028421,39.846352489739616,1.9522458994554057,-0.004241674162435344,14.024936069435205,3.430587523319134,7.272537669230676,22.23800976003987,14.965472090809193,-0.01001786568429919,1,1,1,1
378.2624975564536,78.71677324858885,211.95689532932283,582.6213840378084,370.6644887084856,0.4971849558843621,953.2138792219987,58.155936179840964,839.355863227313,1104.393445111396,265.037581884083,-0.3201068099678132,139.0470318670598,31.555713364709273,68.38690135648469,213.03300227114792,144.64610091466324,0.08254487121457524,38.87278473413267,0.4558855107799752,37.79362602280557,40.00500455298463,2.2113785301790614,-7.238198092213506e-05,13.68842161156638,3.1323158541468765,4.35842586016147,20.906562383878246,16.548136523716778,-0.007952509388323642,1,1,1,1
392.542752786982,79.3032407596446,214.9558642837184,576.1988165074756,361.24295222375724,1.4980765394662277,941.2309677066598,57.08667319348725,766.1746240404856,1084.5064290980918,318.3318050576062,0.5836486411088373,141.87770145207193,25.45758332472162,72.65267646502738,192.19303397868816,119.54035751366078,0.15396897553218636,38.6832889428056,0.4907084840260961,37.53517346964719,39.91681061190023,2.381637142253041,-0.012323125237507735,13.470049532627431,2.971797066449754,6.472721181797132,18.633414049775233,12.160692867978101,0.005649463660780423,1,1,1,1
392.82791488356156,88.35432126604304,200.8321756283525,526.7320946381926,325.8999190098401,-0.8980303584402223,951.2926035540221,44.55495942842197,848.6399970637775,1075.1616696499739,226.52167258619636,-0.32516506960056396,137.3518145702738,31.239508163360497,77.38791748090433,229.98396040126192,152.5960429203576,-0.09876777086230924,38.84142723207553,0.3777652074573766,38.079682608469255,39.44440808692064,1.3647254784513834,0.0014812744915011662,14.921453165659889,3.2447359332157877,6.837840868995307,22.69735389567034,15.859513026675032,-0.05577199278738217,1,1,1,1
387.2179952405614,93.72218370623582,240.97162952317512,701.3325315462548,460.3609020230797,-1.3866176486299802,959.5063204082476,50.81394955668964,845.6736905415432,1064.344039274357,218.67034873281386,0.7558359111152428,136.4887590604436,31.636035853061593,57.512290250869796,211.52807544644264,154.01578519557285,0.49078030844280823,38.78194780279013,0.3404266440401595,37.84099643604702,39.508569169506124,1.667572733459103,-0.005080391940511367,13.955213551750179,2.7757734081691683,6.692963034043768,19.63646213787342,12.943499103829652,0.006335785236213306,1,1,1,1
393.0308255164562,87.01221252242748,181.07271397438882,621.4802500562349,440.4075360818461,0.15804817647166375,958.0751721101802,39.6460199499315,867.8981585666136,1073.354503827071,205.4563452604575,-0.22542897870800968,142.3524651446645,31.748692015107594,51.031219720211055,215.8865073605947,164.85528764038364,-0.605696263621935,38.81530736364311,0.370244049266363,37.64458187658017,39.940092581891896,2.2955107053117274,-0.0005301763515681324,13.983500374194492,3.047914819205133,7.298645129399153,20.43456874130503,13.135923611905875,0.014484531728327227,1,1,1,1
373.4709628433266,76.6402496522293,243.06100038711998,604.4183670770504,361.3573666899305,1.1640087528779024,950.9164432113673,54.4425594927611,832.019256421248,1049.5093613927936,217.49010497154563,-0.43808622265802877,133.8491665967532,26.05228276858459,55.35971126086061,173.2348185519602,117.87510729109958,0.10373977678246309,38.770950936265365,0.34311031908006956,37.764928393337904,39.46414779057709,1.6992193972391831,0.0026205307295436723,13.34217087069739,2.720034681691209,8.938981767645025,20.222244772529216,11.28326300488419,-0.05248868291278499,1,1,1,1
378.84711571046233,84.78210630384207,187.44053355152158,593.738592393428,406.2980588419064,-0.950338853804036,954.0140377238763,49.42839198740747,807.8762269793817,1041.4325263441458,233.55629936476407,0.19542095576164534,142.2005656049484,27.51602862173032,86.97756752959214,201.3059108182326,114.32834328864047,-0.24680576075035346,38.79319388703713,0.4063536454636116,37.8341761560399,39.57261198749763,1.7384358314577284,-0.002061507477917044,13.133928950581588,2.971032480565884,4.391512051525835,17.770957344959722,13.379445293433887,-0.039834530468123415,1,1,1,1
381.55082795722404,74.41384394421252,242.21715153581985,543.4910632148512,301.27391167903136,0.2668694587242624,953.8320679844659,52.49010147066205,811.7651034089008,1050.9581310710187,239.19302766211786,0.00578434381570104,146.43144480881872,30.906703595057373,73.43876425829431,219.38941536103715,145.95065110274282,-0.23722135878723064,38.870092230096354,0.44089956924996293,37.466045036439894,39.56438361981316,2.0983385833732626,6.808827270983245e-05,14.850516401084025,3.6428332324513333,8.091607104477823,23.460624938425894,15.369017833948071,0.01094546836917466,1,1,1,1
375.82599198569545,65.38245262605491,229.7056409295662,518.855828961237,289.1501880316708,0.24415582319755516,962.1836938272986,43.88070207581798,870.5760729134907,1057.8584468558631,187.28237394237237,0.5660697066989501,139.08997851532928,30.86672308367276,59.78093123309186,204.9893265890482,145.20839535595633,0.28283522776013803,38.88010546003648,0.3156982259979528,38.075756256560645,39.640467003087615,1.5647107465269698,0.0017334756115934197,13.85244157269008,2.846433644523491,7.058374219033691,18.870874356454333,11.812500137420642,-0.03304041031869813,1,1,1,1
387.11827524886604,75.43477790122259,207.30746313317928,565.4695357491313,358.162072615952,-0.18982375920752592,944.0205765797134,51.125717454667075,796.9079020837293,1093.1201128473588,296.2122107636295,0.6436480827279644,140.84610366088532,33.06361641470973,87.96626764034272,233.0811702315325,145.11490259118978,-0.5276426719923887,38.82478180848252,0.3658557319016009,37.989442339062414,39.445192080876446,1.4557497418140315,-0.0010288424970411087,13.919214315782215,3.236328062791271,6.183297184594624,19.294689491029235,13.111392306434611,-0.002114464005245782,1,1,1,1
404.7419818215187,77.30897079852147,168.16973602285998,539.3081750102665,371.1384389874065,-0.10231725297849714,956.0329160678748,47.49284868438582,867.6464232038143,1049.238561762131,181.59213855831672,-0.30726590700797224,136.00032732922634,27.32625710378617,71.64471944587044,205.77658783632552,134.13186839045508,0.11751981817868966,38.754159317567066,0.38604952793877323,37.92772151590425,39.44238540129284,1.514663885388586,0.0016984435836096912,14.724250814431889,3.1168395032668483,6.674846657975072,20.66759990128667,13.992753243311599,0.014996713525968191,1,1,1,1
365.4716962278474,68.50654806130851,195.44484553859547,507.70791133032117,312.2630657917257,-0.7594196683439687,957.9860322595277,55.52944666393721,838.4900008917172,1072.8315484337827,234.34154754206554,0.37398599442217584,138.05879925344624,25.01514937611584,82.3735613059714,187.47307902116765,105.09951771519624,0.24892137678551493,38.83395459949399,0.3930194068870041,38.12559540556273,39.80762478818194,1.6820293826192128,0.001298873137113585,13.595624288214827,2.4413991375119517,9.366086098102196,19.634144739643624,10.268058641541428,-0.014888819205060421,1,1,1,1
382.99727306086356,81.35782786399174,219.04993325323466,632.7786017282898,413.72866847505514,-1.1249765664787827,952.6344092098091,51.05649007311587,842.3610576107328,1077.9575097212373,235.59645211050452,-0.3179543715844938,140.85673268979525,30.264377194488933,73.42832079660862,233.48569327487135,160.05737247826272,0.11355490161938463,38.77372627384426,0.42642558008428716,37.83051706442621,39.660677305726,1.8301602412997866,-0.006683726455243237,13.206335173129235,2.388598323059207,8.36298197183207,17.681076041946778,9.318094070114707,0.01923030204571856,1,1,1,1
388.8900573909617,76.97596331456703,209.0179006850826,558.1331991988552,349.1152985137726,0.18784581163326158,948.9347920338406,46.662935049218106,840.7513781220979,1052.485275322968,211.73389720087005,-0.014326166731905975,147.73547134661513,31.709430933132953,76.1556178912126,216.02362006756186,139.86800217634925,-0.38910666307595515,38.891696414841086,0.4511467366319512,38.03267021162961,40.09372421462153,2.0610540029919235,-0.0024257408766895634,13.77987060180856,2.518329138794207,7.283706631053058,19.013352476391173,11.729645845338116,-0.015333441010099935,1,1,1,1
374.58258923863707,89.47323976450164,120.96375560645095,534.7731347582923,413.8093791518413,-0.6712944536552111,942.7174751832437,56.14600482024246,813.1371986731529,1054.5036932547616,241.36649458160878,0.08428919330339553,133.94020419557498,28.234455833795995,75.68748188361207,191.7766187498078,116.08913686619573,0.1513246684543997,38.75165649258115,0.4630813218855739,37.56340375292469,39.52628063096736,1.962876878042671,0.006350874201038333,14.379018400904137,2.755058315374221,8.762513388437247,20.353648356292553,11.591134967855306,0.01968666547727259,1,1,1,1
362.2037194438874,70.21965140044293,228.1809665207326,527.6017454289645,299.4207789082319,-0.5273267610505687,945.4669843890433,50.582077244719216,828.9026026436096,1066.3086510260746,237.40604838246497,-0.4467898839341441,138.48413251552876,28.919027376106275,86.99587158707328,217.8594459023072,130.8635743152339,-0.2185381494672259,38.804499135414346,0.33875218013763797,38.202453827285,40.152659289650934,1.9502054623659362,0.0043957393529789135,13.729213254206229,2.841496980442695,6.685548509477178,21.31572241019248,14.6301739007153,0.027016707618044245,1,1,1,1
391.1880033016384,84.47649456355731,184.90287752694104,609.8876888960283,424.98481136908725,-1.5483941031608224,946.6644945602976,46.55044734358671,826.3846217285641,1100.371704235741,273.98708250717686,-0.4615512344130696,141.85261084158248,31.947683786211893,56.26558265010409,209.45588276061204,153.19030011050796,0.09387459218148303,38.887731533535785,0.3954902647276438,38.013167106300955,39.721635502936955,1.7084683966360004,0.002630755137561449,13.98813462799091,3.0420250908453004,8.528653478059901,21.27318489904539,12.744531420985489,0.02761037636378327,1,1,1,1
371.7632169364917,90.49496973747884,65.429167613684,599.515816136699,534.0866485230149,-1.2624713000580756,945.023837796311,50.11719059131033,848.8250861797776,1085.2697680812835,236.44468190150587,-0.37716638398827235,137.62771704753936,23.96975788093707,83.49359003716856,195.2429100072242,111.74931997005564,0.15028966777269165,38.71139978281562,0.3368037782960146,37.918063386076675,39.58767449555007,1.6696111094733936,-0.003916778828732268,14.4966584555695,2.3892458009136286,8.191884799901747,18.415853803102678,10.223969003200931,0.033443321814095026,1,1,1,1
382.1236100938463,91.42546983316534,154.0449272298535,604.1535157167054,450.10858848685194,-0.5817123954739586,958.3744794217116,44.61676871285289,845.8694528908385,1043.2680146074026,197.39856171656413,-0.37785103000074105,145.16260919249476,35.236158020723074,70.52573480366281,236.72233729419554,166.1966024905327,0.12134483468388779,38.82402068709813,0.4292199012189549,37.5691629790617,39.69296608946486,2.123803110403159,-0.0025931177146923954,14.114785463818482,2.946349861638719,8.381860261325922,20.43964279209527,12.057782530769348,-0.003969738032480281,1,1,1,1
388.9129285801761,83.63202625917765,194.23347476361587,571.1024672090934,376.8689924454776,-0.6313938592866114,947.4606124881898,50.996448034078405,769.4103036502312,1049.5448680704733,280.1345644202421,-0.6171174755825524,139.62681180215898,32.46210069966989,67.8356725113347,210.91220927851194,143.07653676717723,0.1451146543373559,38.80870329202972,0.41032085334153545,37.87218236640068,39.81620961614417,1.9440272497434918,0.002196869975873274,14.568843764693593,3.2187080973124833,6.699632760677787,20.386974012526032,13.687341251848245,-0.0005341016101103811,1,1,1,1
394.56234697852057,72.66571009658253,243.7969534988779,543.2867743465154,299.4898208476375,0.37335332504935637,931.2936834005116,38.88255654017869,860.3363799771898,1016.2118865656968,155.87550658850694,-0.16787519757040198,138.62626126396532,30.088105075475234,79.92317376512831,198.6539232688097,118.7307495036814,0.014556830122179114,38.776040211244805,0.369570997005198,37.93476686951435,39.57513785396839,1.6403709844540444,0.004890476684299605,14.223401590986207,3.2748858205662206,6.45803358228282,22.55236020416568,16.09432662188286,0.011574525800209635,1,1,1,1
350.6764614642199,80.37197069742959,156.63734484559512,565.0176031389751,408.38025829338,-0.5368038244960104,961.8518199390352,54.20616744388838,847.896256981781,1067.6950852064194,219.79882822463844,0.9891859207458298,137.25110733455955,33.13759560826902,63.350149853194196,206.24209925523917,142.891949402045,0.22164736669587462,38.849256021014874,0.3113554867387693,38.14275844049597,39.582991992445585,1.4402335519496177,0.002573985330883572,14.075089426413548,2.8457413850708093,7.87980665099113,21.838082147947652,13.958275496956523,0.018071705689290465,1,1,1,1
368.8205365221695,70.04859955512391,210.37909813680457,559.9195265754013,349.5404284385967,-1.7103337645297791,949.189705001943,49.40441174062814,855.3487765977629,1048.2616700596964,192.91289346193344,0.45286135497187985,136.13157526542713,25.542019364650642,75.3102255110021,189.3134840051113,114.00325849410919,0.06395903603981214,38.79701883639539,0.41724059983961087,37.71027626897892,39.62459603698449,1.9143197680055692,0.002883517559703793,14.477210069411916,2.953566568574791,8.45310963283093,22.310650785774058,13.857541152943128,0.011299691502196346,1,1,1,1
362.66617792142716,83.97770473190931,168.24333149710208,565.3203922065456,397.0770607094436,-0.09837409550227275,939.3771250450284,54.68146297093826,855.171925375592,1095.9118567807982,240.73993140520622,-0.07282187772729908,141.25179690301823,25.824202522097302,84.5445751692279,213.655893595388,129.1113184261601,0.029246406333548036,38.787703191055265,0.4343154076722461,37.47195512681073,39.868328517528525,2.396373390717798,0.0014434922321983907,13.743565221789288,2.9663601923936462,4.169943430818771,21.127186572580193,16.957243141761424,-0.03315168616720971,1,1,1,1
393.3301037282651,74.62406952893821,254.46014302948203,573.0457975761337,318.5856545466517,0.12826194669130733,949.5031967614794,45.72027337824859,845.1321972237378,1087.3565668925387,242.22436966880093,0.05427691345834085,137.55401746535478,30.387083265843934,83.02983638361385,205.84033102980376,122.81049464618991,0.0009714514257923374,38.86349432852059,0.3934153493413529,38.17898548526455,39.78701989718364,1.6080344119190926,-0.0006557045152077785,13.947819743730761,3.0802259109659875,7.833434800286517,20.03033470759798,12.196899907311463,0.01218030434410748,1,1,1,1
380.61750817086033,78.6716745159987,184.26992241944015,555.4632238091554,371.1933013897152,1.8195931171658122,939.8565121761552,48.53163852089864,839.9658316014539,1078.9708561528732,239.0050245514193,0.7018612482557952,142.9375162332525,31.278551029032876,66.36974404431929,215.3921390391264,149.0223949948071,0.5377736300664386,38.84965364516307,0.4359504281068483,37.917100397191014,39.70021038446145,1.7831099872704357,-0.00890778365571338,13.402653155629757,2.825707669671414,6.717445824789886,20.928300458250632,14.210854633460746,-0.028963385214638745,1,1,1,1
381.91097740893076,91.68535982701555,111.09619887797135,592.1956844986921,481.09948562072077,-0.05933534389843843,943.1863021090384,53.65555287896676,820.9042392849985,1037.511724330375,216.6074850453765,-0.006406807295474393,142.09360934346583,30.33591897047321,97.03014014587029,222.95396870587578,125.92382856000549,-0.29020012291829367,38.78940474428082,0.47031886217901636,37.775009887653184,39.7802190919087,2.0052092042555145,-2.4741182010434396e-05,13.525697042664042,2.6122933186040966,7.632827249083854,20.503679838980663,12.87085258989681,0.011876034141491765,1,1,1,1
382.44309031151636,70.80508779173705,236.52716819298678,512.8345550995917,276.30738690660496,-0.5808384810568591,950.973418145979,49.03279446308417,836.363567323406,1083.2872313042874,246.92366398088143,-0.24948149947777748,146.74887228846762,22.482869705128603,93.07847218869088,187.5977410916757,94.5192689029848,0.38264893037547126,38.84015731808814,0.482870855850167,37.87943741169294,40.174376170536355,2.294938758843415,-0.0002226965597834873,13.851951917103893,2.99952605342943,7.06926562058518,22.378312184523907,15.309046563938725,-0.010294332106809252,1,1,1,1
380.5758068053299,90.7237013925066,193.95441427920164,623.7083654452864,429.7539511660848,1.5850663356102397,944.0062433863533,46.181461272098915,839.1095463539583,1028.1955782647883,189.08603191083,0.49326883462327076,141.56322752165522,34.275308490431456,54.41596024732554,207.90873407519416,153.49277382786863,0.5063698302557605,38.819397495909286,0.3750808502079417,38.05140233347765,39.67021807802659,1.6188157445489466,0.003264194279043391,14.485006666751833,3.1397875034390323,6.652941582885993,21.71900630893957,15.066064726053575,-0.006936496463119084,1,1,1,1
377.29854126510656,74.96053277291237,204.40043015686769,523.2411902362588,318.84076007939115,0.06240923699681177,948.5136300551441,52.199115043677736,799.521994253525,1071.5752240980771,272.0532298445521,-0.5114838155645357,139.60621441917755,29.90095242023193,73.7509295687416,191.08474190191748,117.33381233317589,-0.16813922342504017,38.791804263805005,0.45818371542301106,37.647120567090404,39.70274263976386,2.055622072673458,0.005708012754729163,12.739993372320951,2.7346809309797675,6.595254839305662,17.903445651541208,11.308190812235546,-0.002884235628859065,1,1,1,1
385.44416473424957,80.1005803295427,239.7974044909268,538.1607628583862,298.3633583674594,-0.2616984057558821,947.9398109445971,59.819052157113894,813.56561039857,1101.824640127489,288.2590297289189,0.7697874141902161,139.97208280315573,28.694134220710076,73.88082556731956,191.71554344053408,117.83471787321452,0.14879264630861574,38.83642706330327,0.3113204023658002,37.91958382023836,39.613722493249156,1.694138673010798,0.008887357747928893,13.441828231820036,2.9797901788560215,8.299817223417094,21.721395878281427,13.421578654864334,-0.026354355411209417,1,1,1,1
365.9892498198318,79.8305570131869,212.5509637890617,487.1622680117216,274.6113042226599,1.1662150728032632,950.2413556286924,49.9870503199745,833.8052866248905,1058.3859142655858,224.5806276406953,0.49181680434947056,135.40404987073347,31.33780346030789,70.90229921524748,193.97151935176043,123.06922013651295,-0.28215455940175155,38.742341505059265,0.5036540650685475,37.43095598445089,39.576489732726735,2.145533748275845,-0.0010553553596381491,13.969842358310903,2.6061524662810953,8.029898015510291,18.69825599747084,10.66835798196055,-0.020227613336530725,1,1,1,1
386.97165143950036,65.22820872385367,261.02131640038874,558.43425457188,297.4129381714913,0.3717818780848322,950.1485160609493,46.30718704510751,834.8561835070882,1070.341990406217,235.48580689912887,0.10303616508958842,136.26472410339463,27.309400974314645,74.39425660860553,189.27122570323584,114.87696909463031,0.42641306699784587,38.756339593212005,0.4048489635894717,37.86891162198666,39.59947001402744,1.730558392040777,-0.002662473272990978,14.471672347653959,3.090058797873207,8.377696119560245,20.947107771056054,12.569411651495809,-0.004784987179468525,1,1,1,1
377.2612592952795,76.75709617477949,227.29862134080457,582.1819650591444,354.88334371833986,0.4811669520250283,948.5476908758174,55.49393679478909,840.4354572650273,1084.6987509367764,244.26329367174912,0.39479070724191007,128.23066041334076,30.30419492343971,79.03718002915093,198.5787930444578,119.54161301530687,0.14004705254205713,38.813350233058316,0.4231143280585921,37.719223539192264,39.669487494851666,1.950263955659402,-0.00788615650802948,13.827065500826418,3.145451762828633,5.5498687620312595,20.256496968380326,14.706628206349066,-0.040312179580545636,1,1,1,1
386.38800189016854,82.35993509279909,182.3825422906518,513.3058595815844,330.9233172909326,-0.23990785133609746,943.7687574182404,54.519104532607415,839.4311704223221,1048.2281085735433,208.79693815122118,-0.8195245873119821,141.7949724814836,31.970481883195852,72.67228885561245,226.48151077267136,153.8092219170589,-0.30711487356943484,38.89505862536753,0.4297566997104475,37.85831054225342,40.04012903783327,2.181818495579847,-0.0008778974601116982,13.997286185327079,3.2175867142300354,5.230060561811332,21.05551959514343,15.825459033332098,-0.047787806013949774,1,1,1,1
400.3475410827469,74.47520416575898,202.48234267851305,571.7858995117126,369.30355683319954,-0.33417865698797894,945.2653197411455,45.226725976161546,853.6395856504793,1043.4429912891694,189.80340563869015,-0.31918146947830545,140.72300415712982,27.024314854705167,79.28521968219994,186.77172086466032,107.48650118246039,-0.1880529401605493,38.82189419255926,0.38943209980706783,37.93250714064776,39.59023522364603,1.6577280829982755,-0.0034256165929404643,14.652398611401134,3.0355361955804097,8.46438340712871,21.675760342640768,13.211376935512058,0.02461986116280508,1,1,1,1
385.5078238602954,66.34854492701379,230.88807533020142,514.6994808082485,283.81140547804705,0.1566159253123768,953.979281636714,50.36249922985137,850.7289032144507,1098.7720270473199,248.04312383286913,-0.5016299532087948,141.19960559061607,25.878950018960893,90.17114089559664,227.93984757108126,137.76870667548462,-0.2978888520553408,38.86599141232356,0.3689117287707879,38.011919424205175,39.62088833171957,1.6089689075143951,0.00036770255911015734,13.954306759559634,2.7784373411464216,7.442247974846893,18.84573756462896,11.403489589782065,-0.025408682741899297,1,1,1,1
382.1603812637087,73.08595285944959,239.20152507659762,549.3881537316017,310.18662865500414,-0.19246204091288963,955.3213507748384,47.894737628374976,851.9984595603107,1072.450972374638,220.4525128143273,-0.6910639916286002,142.03478266537678,31.331795260413067,67.02291534088106,219.10688458570957,152.0839692448285,0.37460631885805223,38.81774328154881,0.39335886346051735,37.89579767867371,39.59230178821844,1.6965041095447333,-0.0010128687690120995,13.97662485328013,2.582265093926442,8.0146405549043,20.39027300015729,12.37563244525299,0.015590249161470294,1,1,1,1
378.9311493433574,71.9482719076848,144.96144401543194,553.9249474350424,408.9635034196105,-0.9696978269338246,950.8720632238319,48.03974575429581,860.9614681459309,1089.5564328220926,228.59496467616168,0.4951884815863943,135.48053566656202,32.972617539563615,74.80162325633947,210.5974584804835,135.79583522414404,-0.583971029932556,38.75028825214049,0.3573998459740655,37.997609168440825,39.53761500862393,1.540005840183106,-0.0022613899853782386,13.969898485352962,2.6927959816708347,8.506222757121787,21.086915002940735,12.580692245818948,0.018402073812195722,1,1,1,1
404.2105678611244,77.43283108431869,223.87536023332845,545.1244576955831,321.24909746225467,0.8961791073887114,964.7538285590899,51.822000826542244,859.518072441578,1063.7500595016215,204.23198706004348,-0.4137372454392758,135.76575570771993,29.574682542143073,55.33681838242998,207.0934248286307,151.75660644620072,-0.04093429864196022,38.84282243972644,0.3429438543599474,38.11347119088171,39.645124300358965,1.5316531094772543,0.002539598954832407,13.479541782742192,3.1149201805314943,6.797153010097212,21.263185513671374,14.466032503574162,0.008389637168789977,1,1,1,1
400.41984258623046,67.16590721199698,254.79796567355973,568.8293400917411,314.0313744181814,0.1610963986482136,951.9812396383868,46.37619321844829,839.788664080173,1058.6074612421535,218.81879716198046,0.4251029067575618,141.84186793310684,30.85845771886462,67.21683938050263,222.43022135828767,155.21338197778505,-0.5738757312808452,38.74268744405963,0.37336833778267114,37.8650054542301,39.77541479784393,1.9104093436138285,0.0023747715343180936,13.667410025273252,3.1089836638354638,6.152691407716375,21.184099922672505,15.03140851495613,0.030566222347998148,1,1,1,1
379.9917971849963,68.93504582909044,214.97296926610036,519.3515237404206,304.37855447432025,-0.8109316081585217,938.2426634957087,50.00191201904665,797.7648983830201,1064.194770650891,266.429872267871,-1.0965581932075221,139.8994809275191,32.04627810102719,76.08374554609335,225.1996098336478,149.11586428755444,0.2507383788451584,38.83721935854911,0.37338947191299404,38.02243190061433,39.62172634012522,1.5992944395108921,0.005069263533294587,13.49633011584407,2.8750572127763827,6.226565725926649,21.08714029960558,14.86057457367893,-0.000247552457367493,1,1,1,1
372.7048357621524,93.11815221983196,166.87971112098523,645.448137755367,478.5684266343818,1.1537602254907822,951.5569541730422,49.513911898852754,814.9329213212241,1070.4799883827368,255.54706706151273,0.5278650546015361,132.75247881680096,29.89411725814429,68.27187264339352,202.03629960151713,133.7644269581236,-0.18533399352883934,38.79707495147136,0.35792065423688807,37.80259351972822,39.58348421548599,1.780890695757769,-0.0015699296454610527,14.421231672750682,3.5903427510822943,5.342025712127878,20.399024892722423,15.056999180594545,-0.06297073553336692,1,1,1,1
373.66765889604716,81.1532247457348,199.22832746156507,528.3484163424023,329.1200888808372,-0.5414192750587877,943.5548034256037,52.97663950189803,799.9079816435619,1081.6318769212776,281.72389527771566,-0.42650851208754614,142.6950333072501,29.081888646859056,94.04535290801128,231.68774077440565,137.64238786639436,-0.057723118471883106,38.867270685379815,0.3297473043390493,38.149319886575846,39.70627076539211,1.5569508788162665,0.001090624910205323,14.635171501954858,2.9586745040362814,7.271382365975646,20.11390321328951,12.842520847313864,0.003971263358701463,1,1,1,1
392.6168482855353,85.20942789496385,198.5770556574018,547.4990324634132,348.9219768060114,-0.5186427722564185,946.0315631305887,52.952442461489404,843.9565902443078,1047.6120995677275,203.65550932341966,0.6978927177185219,139.62022838537501,30.46072648867422,63.15701529160083,234.4465186825965,171.28950339099566,0.16602973686620515,38.788676310898964,0.4288910021228955,37.9433835765561,39.6975881096781,1.7542045331219995,-0.0005656573965029006,13.46551856157926,2.495158042201002,7.249581823212676,20.083282336322046,12.83370051310937,0.008474065172511014,1,1,1,1
378.42245901844655,83.78763503926812,171.100602047899,558.5247840073015,387.4241819594025,-0.2628476789852398,941.6041306994716,50.332596077210255,787.0247214348117,1061.9215997477609,274.8968783129492,-0.08573371966933817,137.413730979361,28.681313075747962,56.339528229937315,204.71837363730327,148.37884540736596,0.17124240975189833,38.82124716769258,0.4287882481160814,37.906708093905706,39.98977224539797,2.083064151492266,4.275087032678934e-05,14.625139853432989,3.216821501746097,9.03645571664497,21.80793298668045,12.77147727003548,0.052797291361309055,1,1,1,1
393.42916866472245,77.25006262758308,253.97012317868462,597.7926541292311,343.8225309505465,0.0828874423485085,955.8769685804256,50.22438610062644,821.9711224808228,1051.4614377110759,229.49031523025303,0.200587412560012,137.79524517590687,25.804737917154526,78.7544126441694,196.91869559568912,118.16428295151971,-0.018448678029573982,38.809663797372096,0.42992726516942825,37.79370073409562,39.97304570083592,2.1793449667402953,-0.0018621041441521159,14.609817130334777,3.1362955071019782,7.890338319893718,22.69156353520224,14.80122521530852,-0.013907152802075183,1,1,1,1
381.4444948686346,81.81272594770023,200.2862437731544,622.2093911227089,421.9231473495545,1.026260514427439,953.9075146826195,39.32087098977508,862.6374359310919,1071.4421733342454,208.80473740315347,-0.12291283884434902,132.42597109355293,26.901096116743837,57.74198020092028,185.0519769779486,127.30999677702833,-0.36504976490154406,38.75742827017136,0.43807617310696184,37.76022726500656,39.771932775722306,2.0117055107157427,0.0020805386223174916,14.271848763967444,3.0584849330175214,7.209139167547622,23.663484642211273,16.45434547466365,0.03701394907918621,1,1,1,1
392.779146988872,70.29127297643372,225.01466564393073,556.2996237665924,331.2849581226617,-0.38676312782481265,947.2004949541333,46.74219407105747,860.5024701449381,1075.9820915484675,215.47962140352934,-0.5511854769015424,140.8819802914566,33.469186388622376,65.60277446674618,241.76981593555544,176.16704146880926,0.32115986414181147,38.75013286880203,0.36116144126198235,38.04759534269339,39.7505194083859,1.7029240656925069,-0.005114786608129029,13.295222539566463,3.123112087012195,8.098454740230958,20.55400399385703,12.455549253626073,-0.02105693524574893,1,1,1,1
385.7225913468576,91.64271554637514,219.31300421678998,566.7287139331726,347.4157097163826,-1.7172430031617174,947.4633939305158,45.206026429691406,832.7440271984171,1034.9506079213693,202.20658072295214,-0.1513928482299898,141.79898019162988,28.936026696627778,71.98252963602111,203.60319948677716,131.62066985075603,-0.6707076843348063,38.858610906677725,0.41588266833083465,37.77718679974544,39.78896983134715,2.0117830316017162,-0.0038070875887124913,13.565350094060829,3.010382804600327,7.4813312143833945,19.56123270711306,12.079901492729665,-0.045716785036690036,1,1,1,1
387.8118514362335,72.01366421538144,248.97444691545164,573.1004433786023,324.1259964631507,0.3831178164812217,949.2943061537699,53.717429646266645,843.0670353122339,1105.6872127070048,262.62017739477096,-0.47989449248865845,144.84042299489002,31.36359113787382,64.3455852864945,205.3786537206912,141.0330684341967,0.14136361958858493,38.78968637481375,0.3678847944965829,38.02683350790741,39.62144758203508,1.5946140741276693,0.0032886125572315983,14.33179724789425,2.9550960731143645,7.6756039136546415,20.19317403672639,12.51757012307175,-0.056250472555331964,1,1,1,1
368.0978344576389,76.8214232819545,186.6529295802507,533.8173607140113,347.1644311337606,-1.2656893267724483,952.7810909635065,46.96744367028382,837.6984272781538,1068.016338506763,230.31791122860932,-0.13249486298559376,141.69804315138663,27.596800616904932,87.40825926597968,206.77421070643186,119.36595144045218,-0.26309400073826134,38.831722384495194,0.3861649690562569,38.10582508193757,39.682573557358644,1.576748475421077,0.004031081232552911,13.725428444556519,2.58488045839825,9.298200259268762,19.28689880141433,9.988698542145569,-0.018229135154416976,1,1,1,1
393.36049205874923,86.16510741009401,218.4681015099787,614.4236325890402,395.9555310790614,0.11741734939802727,953.2282301177511,53.40623540095917,851.9319300688852,1080.914815395098,228.9828853262128,0.4084342898387419,134.02750182189703,32.553541304574104,40.45784628443107,190.8515515970754,150.39370531264433,-0.15125700492845404,38.78383790813743,0.3561772630274702,38.058883401906016,39.69735702152973,1.638473619623717,0.001700010829608855,13.425131766260304,2.962361493462189,5.790072719590132,20.039262782820515,14.249190063230383,0.005453931668739892,1,1,1,1
405.0854867319286,73.36425279214026,237.292242459821,616.5179566625186,379.2257142026976,-0.3910587082470106,944.2278412027314,49.85375647322178,832.8789783469576,1038.1971658481982,205.31818750124057,1.0480075859980236,135.58454475689786,31.855002435181547,84.87175780720388,225.34018566025043,140.46842785304653,-0.3167406548603167,38.73364740718702,0.28715316505622424,38.18015063530007,39.429250196926034,1.249099561625961,0.004142817016198305,14.351853479512226,3.366260220143262,7.559516121196987,21.762784400786778,14.20326827958979,0.0036312436638830077,1,1,1,1
381.14253212452496,66.7330140594329,229.4036670355904,532.9780741060295,303.57440707043907,-0.5298314276725777,950.7261800299435,51.538980406885436,828.9405116239444,1058.3025042678046,229.36199264386016,-0.15804639899473027,134.94384621659702,31.66233657208996,43.45533111157006,210.6202296005482,167.16489848897817,0.06267378337004718,38.79886060465174,0.43319682415922606,37.69572265804696,39.82668102062822,2.1309583625812607,0.0006299426975996809,14.192447060396354,3.1557039847351636,8.931397508696177,22.286806498595165,13.355408989898988,-0.004851106116243586,1,1,1,1
389.1892357673293,69.4147788220432,256.5853648292741,549.2927173286827,292.70735249940856,0.9424789553440966,950.3119330489985,52.42757261703172,855.8963214027019,1081.95647775676,226.0601563540581,0.1548259331502922,132.0672045337624,31.22674245642995,71.94697649327028,215.4326436884523,143.485667195182,-0.1383042685957777,38.6869970123234,0.4121506736134729,37.96401551835832,39.64611238687164,1.6820968685133195,0.0014202226562668213,13.831671096938619,3.0614651974648073,6.979841420593293,20.338491652685057,13.358650232091765,0.000998103021690117,1,1,1,1
373.5786403285711,79.59272398765893,192.05853685156941,558.273607846104,366.2150709945346,0.6960270637483524,953.5621093655125,40.66155763870859,848.4651000757084,1024.4157960859282,175.95069601021976,0.5362932810847945,144.5667193729052,32.298632933924246,89.1527902252047,204.98170798443215,115.82891775922745,-0.6864530784376596,38.707842239900195,0.4137916093104872,37.3148922714564,39.370938661501185,2.0560463900447843,0.006389608581922761,14.252826288664467,2.710144334226723,8.809046114249064,18.66618551034195,9.857139396092887,0.013767239258495281,1,1,1,1
383.49066566837064,77.41612911206246,209.0955450086456,536.8659307407404,327.77038573209484,-0.7163784695454581,936.8854667417878,49.13242073785919,846.1500967181514,1090.1650519225045,244.0149552043531,-0.10608016603494436,144.63716476567063,28.280227496785585,69.0581318931006,193.62010598537185,124.56197409227126,0.046093425375502164,38.792094260180946,0.32597998740827455,38.11101064769188,39.49538664281175,1.3843759951198749,-0.00526424749065955,14.188516931585216,3.267819561784982,8.021169192129365,20.150480854900408,12.129311662771043,0.006321310489217908,1,1,1,1
374.4205438350075,69.69197978571309,252.01087391663646,561.3839558650426,309.37308194840614,0.013467508889819547,948.3409323081626,49.23586286042044,791.2585272192886,1035.2771819800696,244.01865476078103,-0.1188429259617829,137.24004231754475,29.157163739541545,83.62986304656391,220.68774533535336,137.05788228878944,0.40463696789160775,38.751104175458934,0.38009595492213294,37.73359103234834,39.58692178404386,1.8533307516955162,-0.0009712937053154457,13.642419204228098,3.207373075832024,6.895663879825861,19.688264834335158,12.792600954509297,-0.035398106235511866,1,1,1,1
367.7651356790424,62.88517695246503,214.67377121619904,491.6638288711348,276.99005765493575,0.8128169243417227,951.4192938204824,47.820668257380255,843.1170896630052,1072.7949821461289,229.67789248312363,1.5592473776893745,132.95224340335344,30.06455405908646,75.7268374685038,203.9668170223821,128.2399795538783,-0.3835979478993121,38.779797535325294,0.4085974992114512,37.650981387298714,39.91178930291682,2.260807915618109,-0.0034178760697282542,13.79572106422381,2.9654681833458416,8.105640547603478,20.253694121045996,12.148053573442517,-0.022857313133821597,1,1,1,1
378.2746119762519,95.59690527654442,145.2136169361076,549.3109922305365,404.0973752944289,1.5684455399663104,953.9612893350427,46.908559841558855,844.9817476616084,1059.563416334908,214.58166867329953,0.06459358114707592,140.80059603584579,30.881791254029217,48.51174609943348,196.1891605756923,147.67741447625883,-0.10867890574167433,38.6771261804166,0.3157774965864247,38.10791289939597,39.306520616858734,1.1986077174627638,-0.0013039956903358315,14.590288190534801,2.3634289180044843,9.735220991320888,20.923977705077952,11.188756713757064,0.0258880733123849,1,1,1,1
375.49963786392675,57.63040637673064,269.3764293239221,502.1728779370162,232.79644861309413,0.25566552713126683,946.8601774404713,54.62175527655221,828.9062751854765,1104.812990132542,275.90671494706544,-0.11291729502854905,135.44219241164618,25.14679242845945,68.08158347071713,200.17264967848743,132.0910662077703,-0.134099443303484,38.707267430635355,0.3863139420225695,37.908899029763944,39.42794961374176,1.5190505839778154,0.0044936333700894,14.461075645785174,2.6228446743388356,9.345612629140868,19.408506499390043,10.062893870249175,-0.010389596220279651,1,1,1,1
364.1219739088659,86.38617701392272,155.91912345698577,551.9331854270604,396.01406197007464,0.0735204389115925,954.7316401923293,41.66312062022566,839.985202953388,1029.5642269979433,189.57902404455524,0.167037574737915,138.09379999080295,30.354821137870395,46.62800387796875,229.06297282124717,182.43496894327842,-0.30475598786609326,38.70245385225766,0.40343373575517827,37.80084357156788,39.66153397012654,1.8606903985586598,0.0022493626345445614,13.64519486063198,3.2093149534066856,7.3119542414023755,21.318657653905717,14.006703412503342,-0.02223713448551621,1,1,1,1
380.88523119487,88.65895008187593,171.82938301885014,560.3169489492536,388.4875659304035,-0.7134422106376244,961.9952164857407,50.2948042071099,864.0191534929429,1076.7585787749742,212.73942528203133,-0.34945939212028343,141.01636430562334,27.401890786256466,64.07660908772172,206.84318405072577,142.76657496300405,0.04134262458067187,38.836453495506824,0.41159483687982024,37.938175274028396,40.04674403135154,2.108568757323141,-0.003604791947691316,13.972126914926061,3.1886983284880253,6.5164181340265355,22.347089556560785,15.83067142253425,0.0026357902585155807,1,1,1,1
355.2461602669393,75.0853266649541,176.8689031872769,495.95144648959,319.08254330231307,0.6368197023432998,946.4896921842741,49.54324746337552,836.6356190585409,1110.6247513845246,273.98913232598375,-0.12453393359694923,144.56737671542044,28.742753107160315,47.57957528104767,210.511175784844,162.93160050379635,0.13641613475585554,38.796084048596164,0.3768989846562699,37.873926988714196,39.73609968664087,1.862172697926674,-0.00013049312282164215,14.429596641435875,3.023201265014044,6.632407120798263,19.628878456945245,12.996471336146982,-0.012828558195121593,1,1,1,1
388.3860339495028,74.88173696988702,246.6397671275718,533.1410747993557,286.50130767178393,-0.5496475320149364,945.7326120257488,49.52228699911534,827.572336069001,1037.765647844383,210.19331177538197,-0.547297320109368,142.320128848605,28.18022649364471,84.81471515875066,201.50104555867352,116.68633039992287,0.3440198910794697,38.7972166496561,0.3962213630067438,37.755744395695686,39.57451761782286,1.8187732221271773,-0.002181478561279529,14.451976077029787,2.650543004678047,8.765430846495626,20.67819598604975,11.912765139554125,0.02361092971236314,1,1,1,1
407.3204592734378,79.19989108571744,218.4446941706749,579.3048334424091,360.86013927173417,-0.5339115380424158,961.6063443895708,49.24520940900464,863.5941085552053,1068.1997309753651,204.60562242015988,-0.08887645927797211,136.45975431266083,26.79681641028987,74.28759259830719,186.37430177520235,112.08670917689517,0.16408677106144343,38.8753342514279,0.3432639275088529,37.97498508058492,39.707084642193806,1.7320995616088837,-0.001898347607306562,14.18542079320794,3.2776345468205172,6.697621617328953,21.978704806409763,15.28108318908081,-0.026545547190319922,1,1,1,1
375.9635160535108,89.73164976414853,173.89327474509685,588.2192833978089,414.32600865271206,0.6602894374868546,940.376636876735,43.537466311817695,849.8294164213414,1026.7446493395264,176.91523291818498,0.6048251206410938,144.54364229459355,31.23213079377471,53.521244257763755,225.98686555478437,172.46562129702062,0.3958389187043399,38.82666189723755,0.3283038991189629,38.22604727668047,39.64618317395435,1.4201358972738802,-0.002861084755709391,14.152315990811815,3.4961062584770346,5.017971807737574,22.085838622329433,17.06786681459186,0.05390907988895987,1,1,1,1
380.6329819158172,75.45716366418495,182.46628112832144,538.7050665783304,356.23878545000895,0.7766494747865947,937.6175494417529,53.049943264313654,793.3829987227923,1057.7906402958506,264.4076415730583,-0.7296145427404932,138.1073685759251,31.17999440004485,69.56789980680298,229.78038019055361,160.21248038375063,0.00769929121906609,38.76703914951988,0.42938176643638826,37.58634035807141,39.68925351519634,2.102913157124931,0.004997322142044133,14.108493141780352,2.8666935235819904,7.37991525538315,21.215424242557308,13.835508987174158,0.04594040516227694,1,1,1,1
402.60144034100006,73.54281453863923,275.6863813273568,594.5269351008094,318.8405537734526,-0.00714566191249437,954.4169312005215,48.06665583628329,813.5415808344817,1040.731354424398,227.18977358991629,-0.10394599385633008,130.0821212803161,33.85406849968989,65.70852049297683,223.60135583645516,157.89283534347834,1.0606276310712328,38.70327691455685,0.34471710255022314,37.86373443532504,39.406308121776426,1.5425736864513837,0.003746536078472589,13.180184982624567,2.503433946601051,8.552952115961402,18.41424959366853,9.861297477707128,0.01833838539515904,1,1,1,1
356.14250387966507,86.77075100332661,196.75143511767436,540.2361609372571,343.4847258195827,-0.2214992364870642,948.8013850409366,51.78083226207383,814.5833896970502,1084.488376512228,269.9049868151777,0.9972814404560442,132.69512882287188,27.23482761342591,75.15602722913886,191.88023520660676,116.7242079774679,-0.14952964288559145,38.78800134148692,0.392857523433796,37.82850312900013,39.747502109770004,1.9189989807698709,-0.00030065421173045925,13.797017009743708,3.3952971178597853,4.908559440018314,23.090495659831703,18.181936219813387,0.010956816563263189,1,1,1,1
373.3713582482155,90.31388376634928,181.54943705524312,616.0706549874076,434.52121793216446,1.008257470521425,958.4784534064197,56.38223703803823,823.637860825816,1113.6213672751473,289.98350644933134,1.3932961819106964,141.07208997978262,25.061057344046517,89.11115806501562,198.7659081713852,109.65475010636959,-0.3095236698306173,38.821038652327346,0.39753362803402886,37.94971443077565,39.64143823484404,1.6917238040683884,-0.0007002898304447523,14.271082651516899,2.724708279698735,8.531401052711555,20.107453220804214,11.576052168092659,0.02302951068674234,1,1,1,1
383.7249337513437,75.14613469087611,244.3047749818573,526.6524675544781,282.3476925726208,0.7153432631637091,948.3564175982049,40.24250544470566,883.6820521165473,1066.6482440770096,182.9661919604623,0.06175064953380784,145.66743156174056,27.92651170477381,84.94497307254909,220.98691908224396,136.04194600969487,0.14848650787810283,38.881306591676235,0.3543377805038358,38.02099412533079,39.883709411134284,1.862715285803496,-0.001917417922254767,13.959929693119943,2.802389432821918,6.012139743908598,20.003179612434373,13.991039868525775,-0.03565862585455667,1,1,1,1
370.5960432832493,75.74835066383191,212.48487727261502,549.4087841964533,336.92390692383833,0.38267167979402134,951.9356037925556,48.384185106313474,853.2863267840428,1067.3467695019617,214.06044271791893,-0.15801201520973068,136.77630315388436,25.638812050875025,68.3844958393332,183.7092976946132,115.32480185528001,0.00303008084134783,38.712842442346705,0.4465691166078685,37.69069566897524,39.70802291313599,2.0173272441607537,-0.006880752343671896,14.01572392228248,2.936972854815808,6.2711456822794345,21.0905996704883,14.819453988208863,0.03307585648840262,1,1,1,1
382.31993765760234,75.18649699243184,200.39965552956875,551.8846041304886,351.48494860091984,-0.36105394361005544,955.858603251532,44.91377271074886,857.5896981438364,1061.810555972136,204.2208578282996,-0.38857042547131315,141.0026477763203,31.55558956160023,56.0835464063703,197.05123857525356,140.96769216888327,0.09683332224075533,38.77664917610763,0.3865792489594069,38.08258893403947,39.57786875948713,1.4952798254476605,0.00012666789568310165,13.658633054449222,3.5079120857168165,6.059620344560695,21.726853757383253,15.667233412822558,0.05799426921773407,1,1,1,1
373.3002614712713,81.6795790073391,186.18563232404148,534.7126306006221,348.5269982765806,-0.09204125064334086,933.0804043787658,55.509191854074245,797.516912287565,1039.8011968871438,242.28428459957877,0.3006653128878806,145.393131754236,29.548513566775743,73.93332327420366,197.68184937498162,123.74852610077797,-0.645512676441216,38.73745905507824,0.35581267781500614,37.99672237546796,39.37906180289726,1.3823394274293008,0.0018029063902287772,14.479701363106722,2.609937937073697,8.44707767826086,19.537700102648706,11.090622424387847,-0.02010703444834968,1,1,1,1
376.58205209346823,75.01879997302869,242.84545834739896,540.4192228299106,297.57376448251165,-1.606601038440559,940.3030255172017,50.90848296809547,860.8112819767382,1071.4690240474004,210.65774207066215,0.12195682215538074,136.7593526145435,32.16742270772042,72.31619465555028,210.917405619081,138.60121096353072,-0.5769789069165125,38.759099620416976,0.44553678145466125,37.86399414946257,39.7929033355319,1.9289091860693333,0.007009912917044311,14.487032801115369,2.6689944114867856,7.371916197350332,19.12310605108466,11.75118985373433,-0.005009755153884377,1,1,1,1
385.50117658466763,87.3778539245995,180.91733787945006,596.8771181582014,415.9597802787513,1.0723825636901287,939.7508622665188,53.003059318115405,813.1794221721012,1082.5312191506205,269.35179697851925,0.36923369316265514,141.67877184594533,34.81937304117358,22.172879597954662,218.8955867865576,196.72270718860295,-0.018545537725685204,38.86456262517166,0.3782156552687291,38.09132758837236,39.70327282533343,1.6119452369610698,-0.0025009997500754933,14.286865680861956,2.9995884411411198,8.261268468372174,21.709421264879396,13.448152796507221,-0.02030615488631621,1,1,1,1
393.2989670314307,82.41821866711386,257.31730997935074,593.5039953473791,336.1866853680284,1.031703999100076,948.6932852037024,45.72465744504773,842.4845602350445,1048.7013563174985,206.21679608245404,-0.2351466488944702,138.60643038858586,27.836318325337942,92.78753282450081,208.89222336903237,116.10469054453155,0.31857057521844323,38.83472382427953,0.43410308122906754,38.01589898079518,39.665361945047884,1.6494629642527059,0.0043266887662531455,14.338741961195927,2.8855335436810114,8.367365780552255,22.187136851825866,13.81977107127361,0.008024419678420708,1,1,1,1
390.55357292697386,70.13476890543932,241.47941905296062,585.1634743900034,343.6840553370428,-0.2376380494253198,945.6674081883258,48.68832703723742,853.27152592147,1090.028193595278,236.756667673808,0.41487651034997314,143.34126395164589,32.81421870278726,55.07520477694172,215.77803522006081,160.7028304431191,-0.5897155919717803,38.75826409701505,0.43163201545914337,37.85888054294088,39.52304889017768,1.6641683472367959,-0.0005845162101390767,13.684268940708177,2.2401762772132106,9.249039560503585,20.569067482995052,11.320027922491468,0.04581696503276784,1,1,1,1
375.868060059561,73.28377541586246,192.3507283550266,543.3952614175973,351.04453306257074,-0.037351174458869825,945.1339619612244,44.138246741798376,851.6255403458188,1024.233973869783,172.60843352396432,-0.22270785915840746,140.3017437467968,35.018618944764825,62.916121136868256,217.00531730932974,154.08919617246147,0.35314228510806284,38.83268929339103,0.3416346073048417,38.15742561752719,39.93529223981934,1.7778666222921515,0.0049503080491191745,14.268811610882407,2.4499906176202435,8.760861773889719,18.905149456381938,10.14428768249222,0.00909944232077021,1,1,1,1
389.18424684826823,75.2199434107563,212.71095400159425,572.9335733764765,360.22261937488224,-0.4456230866278159,946.74092710958,49.19398433424732,839.2206853703138,1045.854612177119,206.6339268068051,-0.3684231126877912,140.57364692922576,30.43598429251157,45.199037777373846,222.27954686011404,177.0805090827402,-0.5003322470593957,38.81670670390877,0.3460372725829123,38.06367890617396,39.540344481229226,1.4766655750552644,-0.001819253745071948,14.142124790268012,3.2868848953592122,5.5040784850735776,21.588353591664557,16.08427510659098,0.052594545317870216,1,1,1,1
389.13795123343516,74.90312009204307,238.74566740410077,568.545580651326,329.79991324722516,-0.43409251078906735,930.5502931445039,55.95207054788061,813.671370232668,1088.3182933043552,274.6469230716872,-0.5793181386470286,139.33959208410002,25.4749725877164,81.64026096774928,196.4607626620458,114.82050169429651,-0.32868131087910324,38.77475600692586,0.34114006270182295,37.709290478801485,39.41582733434973,1.7065368555482436,-0.005762449892973294,13.875618092404983,3.4362976104381326,7.901665989215736,21.1831443473333,13.281478358117564,-0.05249466866663082,1,1,1,1
365.26684209435734,89.22438393312898,163.0059874200791,569.9013389601377,406.8953515400585,0.7026377285098887,951.7831180458898,44.66735203262652,851.9470047756137,1072.2801708549787,220.33316607936501,-0.12304866674297583,132.3015039752195,30.083349358981042,68.3159049355314,189.91888682905437,121.60298189352297,0.5394225923494305,38.78095909222302,0.4013259563322562,38.07188670311964,39.91012657075289,1.8382398676332485,0.0024443542376750005,13.52268176961371,3.2496701233858984,7.100801223602367,20.47755635834728,13.376755134744911,-0.003376355562352468,1,1,1,1
368.7539443113833,73.37867816174075,180.624566874222,490.60273472150897,309.97816784728695,0.4056794021119143,939.6146795949586,46.574030351779406,845.3722917061834,1025.6916429009605,180.31935119477703,0.1783453489358575,135.56960651273022,31.724367303111475,66.34944457995562,230.4182327897916,164.068788209836,-0.15852274642333955,38.72697895596591,0.3827787658064406,37.823034882940846,39.37255551100117,1.5495206280603213,-0.0006818706187276927,14.325996649690232,2.9003439416535066,8.765963789209057,21.774728003877055,13.008764214667998,-0.015700800903796122,1,1,1,1
389.953937195591,85.7804207080531,214.819313510266,573.2835814150569,358.4642679047909,-0.14613654348526778,941.9306256212913,42.073139273800564,855.7733867767547,1058.376330904428,202.60294412767325,0.8484149619535306,143.69040857297705,36.56831795195874,53.82318395701601,214.2014144338933,160.37823047687726,-0.40308175293533394,38.888905689459065,0.4362807260553957,38.0791936319574,39.88179587082352,1.8026022388661147,-0.0015403204906216485,13.378292074901232,2.4631097326594604,7.380498166550467,18.901834267038353,11.521336100487886,0.03679390291462553,1,1,1,1
364.2217102183905,80.23710105709179,157.2833248732414,540.0716273996052,382.78830252636374,-0.48645506336312505,953.34450278295,56.25571563819526,844.7456699999243,1068.1782097673895,223.4325397674652,-0.36011164469626067,134.7991455967275,29.88788746334117,50.708417316003846,192.15130564391808,141.44288832791423,-0.03545535796707186,38.8955746886017,0.38209336588938314,37.866845816463425,39.72852649831017,1.8616806818467424,0.002547956213964449,13.86533045613264,3.2687735359066052,7.335778157001878,21.03003175363734,13.69425359663546,-0.019840915454823818,1,1,1,1
366.33510564370255,86.70589606539978,99.11852860448664,542.7604657470397,443.64193714255305,1.408233919098398,943.6372786024814,40.604658457184236,866.2071269450023,1008.6418590929937,142.43473214799144,-0.431320469779396,143.30951412265736,26.541210359042584,63.13929774917146,218.2201866435181,155.08088889434663,-0.002953287408119098,38.73833256128643,0.4793555770454397,37.690634639715604,39.79031443781313,2.099679798097526,0.0002446240806397222,13.926925217104628,3.019784142059455,7.015726629313095,22.918480246555735,15.90275361724264,-0.002756579242579017,1,1,1,1
375.2543539533552,74.21611905008454,215.21696982728616,572.7284609637929,357.5114911365068,-0.5218797483755152,953.268538116622,51.736278799238164,819.1651461571303,1081.9879627344542,262.8228165773239,-0.35352274754371543,141.0096865160781,30.21618360299647,71.1509679293909,190.65808019956322,119.50711227017231,-0.30109833881002324,38.66067553726947,0.41503722148495636,37.668566278957215,39.90704525148787,2.2384789725306575,0.006728978281343719,14.326337710292155,3.117557197501516,5.4626290049930635,19.30393779554176,13.841308790548696,0.01281965357263128,1,1,1,1
386.8169435109106,71.19214604260898,166.91009296182474,508.74292557085823,341.8328326090335,-0.12228702483268628,955.9765971440897,52.677514374548664,852.2724796802877,1050.828978921965,198.55649924167733,-0.05685827841362095,137.82987055104672,24.94251083952256,76.79462322413517,182.2001447514869,105.40552152735174,-0.22176748204287117,38.81555890571978,0.323223045829714,38.02505604960534,39.5361055845324,1.5110495349270607,0.0017110524923893305,13.595726809337666,3.466628154556026,7.623997557545957,19.827284225630144,12.203286668084187,0.006709666225498054,1,1,1,1
377.642724003047,84.07564724930258,177.9165593551922,612.996590803938,435.08003144874584,0.14749397888029966,943.8417067073757,45.414741344724874,822.2979517467145,1037.6062556034049,215.30830385669037,0.3369567940901282,137.91876005821987,30.508895330189993,70.02719091738533,242.75623825528658,172.72904733790125,-0.17208848299805438,38.68096789579924,0.442191255761753,37.42714310996661,39.55858302009057,2.131439910123966,0.002224413115325803,14.735253675069806,3.2183300633034375,9.098658185100387,22.220296067198227,13.12163788209784,0.018346909894832602,1,1,1,1
364.3964174263163,91.00199657181678,141.09498572203074,540.9111085222303,399.81612280019954,0.6631087040248113,946.0141459836434,50.67708316015997,790.2179762551912,1014.350445689091,224.13246943389981,-0.34156177551526307,138.8215975952788,32.30462960527181,48.321594764912234,208.04233393433373,159.7207391694215,0.29990675701602215,38.83503358481913,0.37393454782855257,37.93432353914999,39.708348966670364,1.774025427520371,-0.0019745077913446672,14.711287903988627,2.643951839406365,10.007497308689354,20.158407311881632,10.150910003192278,0.05279804013351016,1,1,1,1
370.08024159194173,87.82061701573753,177.1671421743689,635.9859506797529,458.818808505384,-0.3127513574079396,948.3743943294122,52.93149454655748,792.0398363157169,1071.6298044952393,279.58996817952243,-0.24808313240029284,146.25194264879872,28.82109649271314,84.62787126660953,211.09464809510158,126.46677682849204,0.14083880920112077,38.79136637928062,0.35069434086051454,38.162319293393075,39.587703469944614,1.425384176551539,0.0037470607119309864,13.676109360436174,2.637089624028497,7.7599899971036965,19.49779670000788,11.737806702904182,-0.01080936429567224,1,1,1,1
372.2004338286866,72.23517837994157,177.23193119549518,520.1884629021171,342.9565317066219,-0.33362012397065527,939.7277456266929,47.137857412945706,823.327324619658,1052.160599792455,228.83327517279702,-0.07128572703110295,142.2826556054275,31.762961513921866,91.15925514666759,209.92655939236028,118.76730424569269,-0.10512807586233433,38.78740426299592,0.4082128977846242,37.917114881024645,39.60050224402939,1.6833873630047478,-0.005073140284637695,13.987181940584811,2.890384164057523,7.4710875154142755,18.774025301885626,11.30293778647135,-0.025619761213888145,1,1,1,1
378.5037389741473,77.3853186660667,259.2421700771967,522.6674909013192,263.4253208241225,-0.18132922344683997,946.4005369071915,47.83702558270617,845.1304029417468,1068.2108979882669,223.08049504652013,0.7631672691324292,127.67454383090563,36.58130194028503,54.155418124175455,216.6340761313586,162.47865800718313,-0.6141297298417385,38.79043386782461,0.39008632487101563,38.085150593032544,39.562163191419366,1.4770125983868212,0.002037746471999699,13.970295028497729,3.161446237611228,8.027780272862632,20.37020667878682,12.342426405924186,-0.012934071914287497,1,1,1,1
385.36732548010747,87.38261803601135,147.0472808275596,604.8166364286658,457.7693556011062,-0.7031893275011534,950.2650600094679,45.928167027901175,842.1990800921051,1066.5832398202558,224.38415972815073,0.042497643997529,132.45496147732618,28.375525703484637,65.2942141423964,195.2382144300898,129.94400028769343,0.2215861068324879,38.71617112583206,0.35322107626635146,38.0723276635713,39.93833778806314,1.8660101244918366,0.0012025781019692856,13.459379501698425,2.384450383065027,7.342760670726859,17.791324505395,10.44856383466814,-0.004883840378464724,1,1,1,1
384.23155066252343,95.27935188033419,152.14004946485892,576.3628655257942,424.22281606093526,-0.7196449674473039,955.01478990803,58.23450601560969,856.1399781313804,1076.5495269284743,220.40954879709386,-0.03603971924017709,134.46372070553488,27.82122915760836,76.64368748829115,199.3022214634701,122.65853397517894,0.23051799325622196,38.796359777362056,0.47502988872787844,37.792644703033204,40.021716185058665,2.2290714820254607,-0.0024720317267448695,13.865204424843595,2.938949125022829,6.298990048725106,20.243869346549836,13.94487929782473,0.0023224175439784723,1,1,1,1
384.04671508503304,75.67150119586813,180.51451182774687,521.4830175406496,340.9685057129027,0.2826451245897944,945.1858254519373,41.5734276386053,841.642309808363,1056.8899348798277,215.24762507146465,0.7820534848438577,139.78043711640524,29.64774307600394,74.11268926744928,208.0776877003094,133.9649984328601,-0.12418452189254041,38.78853835923715,0.390938160013523,37.671769365926366,39.633625068569,1.9618557026426373,-0.004915882243572347,13.900710834815747,2.70593752780742,5.994763733115104,19.37999360925824,13.385229876143136,0.013308981153676984,1,1,1,1
376.2046636068748,81.31505357367745,202.4534419336626,579.1653867341747,376.71194480051213,-0.5445222533946552,955.4861026271147,50.770339302277094,830.8318622377116,1108.2508515956501,277.4189893579386,0.00133556651746369,136.78803911900724,33.40880402048896,41.36503294058859,198.22783537757078,156.86280243698218,-0.4771812762713014,38.75057978912193,0.355431243363328,38.078316797274915,39.57580300254741,1.4974862052724944,-0.0003049714298742434,13.403031498183784,3.25604383198837,4.951982137261396,18.827734650992692,13.875752513731296,-0.04926742598429078,1,1,1,1
371.6334707060643,90.44421172709765,202.20585938825838,628.8469478978432,426.6410885095848,-0.4216610943036272,954.1538553956882,48.33209716038477,857.8832707152014,1059.5053185932945,201.6220478780931,0.31359631974741875,144.0700116248073,28.84100074110606,59.99577734910358,205.80934962834596,145.81357227924238,0.23675757342672785,38.766792920660556,0.475173493173133,37.867862784285926,39.84832365206931,1.9804608677833855,-0.001818880631070796,14.295776731828333,3.039123925684804,6.661771217531908,20.535435418937972,13.873664201406065,-0.013386002761151733,1,1,1,1
382.4024964604643,73.52730160632254,234.59359345706568,562.2343891472792,327.6407956902135,0.9470785282864259,943.5455385268598,44.67888519782379,856.05512295631,1019.9302928569871,163.87516990067707,-0.027051623784623568,139.7193071763513,27.944963982989528,83.0293377425728,197.02008595196685,113.99074820939404,-0.280561166981073,38.85423015267484,0.3689514225402525,37.83559962313594,39.52222100855689,1.686621385420949,0.003689600140177708,13.802778003112104,2.9821249617800056,6.1350381054312155,20.214105692259974,14.079067586828758,0.005188547259490207,1,1,1,1
369.6334194657902,85.86608624831737,121.99352901823221,570.3025150441707,448.3089860259385,-0.2275115132224231,943.0956264239956,50.85636800820747,808.6209622414538,1035.3220912362272,226.7011289947734,-0.7232279503708566,136.5765401883104,25.612081662106046,88.50983163399114,197.1706930739147,108.66086143992355,-0.07967192432993356,38.768163702270286,0.372239364639291,37.67247892351308,39.47783216388529,1.805353240372206,0.0017724649887145652,14.002318239572984,2.8547819665786744,7.838888021843202,19.879953478198246,12.041065456355044,-0.04496457556357366,1,1,1,1
373.3351121285437,87.3652880088383,171.03843651355288,575.0534451796011,404.01500866604823,-1.669218832007195,943.7308738460108,49.01009221410856,838.6784290858068,1053.1910494490198,214.51262036321305,0.037601337040435265,137.63141275028923,33.009772407952774,49.35011898999892,206.2067972912286,156.8566783012297,0.11898926462830671,38.76644141385148,0.34806021744674964,38.13440928609792,39.41700699857006,1.282597712472139,0.0037716284845842954,14.927670069547489,2.9814815087756528,6.82587985723821,22.01621640807617,15.190336550837959,-0.019461068786751023,1,1,1,1
380.85052944583435,72.66383347926484,198.1254923182687,520.4147344374992,322.2892421192305,0.26988050268694513,948.3783081430106,59.77185020857221,795.0191477880106,1072.422936878586,277.4037890905753,-0.11982648126348572,149.554652390496,32.4511243854628,87.68969487946309,225.12377599179274,137.43408111232964,0.02547960839057094,38.89806640088236,0.41624741232544615,38.06318396042154,39.59361451352885,1.5304305531073084,0.001600027201322719,13.755739873831999,3.014603347708759,8.476158189757122,21.42970598321826,12.953547793461137,0.020807317420327577,1,1,1,1
392.42288758157747,67.8293679804067,274.7262832379568,554.2952031004199,279.56891986246313,-0.9067608580239627,966.0611169984021,48.053881085014936,855.4928052314416,1107.801028928882,252.30822369744044,-0.05369432251825322,131.6177052582993,30.107079570555484,57.21988789584387,196.94500561329056,139.7251177174467,0.14427500402264762,38.77701537442429,0.43711401159348745,37.75723293520842,39.844653758500336,2.0874208232919145,0.00011698231482753873,14.583084095090513,2.8052427421072132,6.322726360557276,21.141454408328265,14.818728047770989,-0.05454522187659917,1,1,1,1
359.06598727509663,78.9560284775889,111.25446685033853,537.8213267165789,426.5668598662404,0.531592421008175,958.6100447429319,51.00142034604496,880.8691497308594,1094.1964636987498,213.3273139678904,-0.0037211526486716656,137.9238951167278,29.96019968442592,68.43399253495528,186.21237181735313,117.77837928239785,0.027141699991734693,38.74226902957606,0.38283088851195746,37.88594352332002,39.76412609436457,1.8781825710445474,0.0011314681499757686,13.671951968137405,2.7847225274543708,6.556891634149009,19.27789218424432,12.72100055009531,-0.02331721485576674,1,1,1,1
373.47282428301986,60.91705322670559,225.3490888481773,534.1902567578769,308.8411679096996,0.04604826524498808,952.3876719399309,53.009893801377096,848.2566733470187,1041.0476394664508,192.79096611943214,0.19100582060028357,139.32365358777955,23.22477205005301,86.95668212415214,192.667648220242,105.71096609608986,0.1717271602738539,38.74141374856094,0.3618366532600556,37.96715658028797,39.57198113652098,1.6048245562330123,-0.0026357032938462703,13.670658816421234,2.5065863977366476,7.636807235520125,18.88700533986038,11.250198104340255,0.012834173472485916,1,1,1,1
380.88054677519955,78.89751675314412,203.42113667479893,598.9045230145377,395.4833863397388,-1.2348275126027324,954.2531094534263,43.455662276553205,856.090369387374,1062.1764317779005,206.08606239052642,0.2439931015033082,137.08042158833425,29.28388477929039,56.6606632447819,216.03402989673063,159.37336665194874,-0.04615196429942392,38.80639404478945,0.33422099835588237,38.23960852720136,39.47130774629014,1.2316992190887746,0.0037174233258678406,14.952335904273646,2.7942728135016903,9.533097216221986,20.739298127363575,11.20620091114159,-0.002034293650886491,1,1,1,1
395.96204289426385,84.20572932375721,138.26723620244368,576.858005113392,438.5907689109483,1.049597900549618,963.4405737760572,53.39852163497153,846.5209319101405,1076.1212404564312,229.60030854629076,0.48962948629209757,134.99051638233044,31.861908158388133,79.34963124884982,203.00115918128031,123.6515279324305,-0.2384276217978685,38.889337523780135,0.3663125055272022,38.20738726130554,39.783914144083006,1.5765268827774648,-0.0022140435535130884,13.940528071726987,3.387522845341892,7.63751062777485,20.49231443468222,12.854803806907372,-0.04805543933334783,1,1,1,1
373.0857359890468,81.62120060306763,180.51040435251142,552.8975284481687,372.3871240956573,0.5259052792486053,949.1160532295688,40.57756806070762,868.403577765976,1070.928242878615,202.524665112639,-0.49358883608051507,136.2537098881951,28.44592852756183,38.7477050894468,189.65277320369393,150.90506811424711,-0.043573848576790836,38.725943981076945,0.4275498330841039,37.63633368272957,40.04854974630376,2.412216063574192,0.0006732438838660899,13.548780145321409,2.52987557245798,8.576993712130747,19.981232368981154,11.404238656850406,0.05906590208454897,1,1,1,1
376.20426618045747,78.71315072101568,217.218214812383,579.7482703578783,362.53005554549526,-0.2206614121780342,948.4696088106294,50.100698462722896,844.496374564236,1047.8473635733012,203.3509890090652,-0.37161057767087635,145.52618869654106,25.32626801470918,88.23448496745917,194.33337154270427,106.0988865752451,0.1597391400090001,38.80788494677216,0.35192401218325314,38.0035254845022,39.61780812594552,1.6142826414433245,-0.0012872024386518825,14.307129280557808,2.974117408636218,8.62669326122052,21.370134438620394,12.743441177399873,0.037362622825205555,1,1,1,1
372.7267403576709,63.930080269922286,223.68110607296393,495.715143041292,272.03403696832805,-0.2691025665218379,945.3752376772353,57.62434599707788,816.1345338729309,1117.9267979226624,301.79226404973156,-0.7213799710180175,144.03405500416233,28.057562847178914,80.89963020421132,197.36183920558713,116.46220900137581,0.03706044486567235,38.74635736229442,0.41330790761310554,37.92175218454056,39.843977608795484,1.9222254242549255,-0.0018997395142667662,13.737392301931795,2.8533135433116867,8.087279335491715,19.44644995058477,11.359170615093056,0.014155214375282903,1,1,1,1
387.6815884625708,78.46986088945332,197.88987110210496,583.164310550645,385.2744394485401,0.5186137582288766,959.2201159572403,51.59167064904705,800.9220175475388,1073.9490860071412,273.02706845960245,0.7932044177418154,140.35574880973343,30.536123651394185,71.23161464631389,246.99258212437417,175.76096747806028,0.019702530817870007,38.85560653602885,0.35719352220395956,38.21982831414934,39.70392799743562,1.4840996832862814,-0.004178511473353522,13.570425950087802,2.736059778392261,8.163304427306954,18.961920521246938,10.798616093939984,0.00100390258780407,1,1,1,1
376.58341356075164,71.58397228244148,235.41819171968424,527.7786274799834,292.3604357602991,0.028551640511156315,948.4597885123344,40.83173377109242,859.9407482879649,1044.4180166337733,184.4772683458084,-0.37939736742074537,143.97349251580613,30.70421569366487,84.72178309613778,215.8847681748855,131.1629850787477,0.0413336885061221,38.86363208810023,0.37113034521292154,38.207365622497754,40.0056028708831,1.7982372483853482,-0.0075239650617694035,13.616128615243245,2.7882273457801747,8.967976497537695,22.85578895591491,13.887812458377216,-0.02855926747174606,1,1,1,1
374.1346455357832,81.12319163201289,226.59301437577255,583.7818290815967,357.18881470582414,0.7381312646508575,951.3655039659805,48.75200685362594,864.1963212489858,1086.7079050505022,222.5115838015164,-0.002930796930685528,138.48232754020754,32.54591908714649,80.62094833665176,210.26544088073308,129.64449254408132,0.34365044997554695,38.86179477221889,0.3634652385250639,38.18050250917311,39.53621973534971,1.3557172261766013,-0.002592712587394952,13.739951671117757,3.000311159552877,5.799724589817995,21.17474940326689,15.375024813448896,0.022070215498075814,1,1,1,1
373.94068079365576,77.26198494176957,209.50567266870746,559.2513282577542,349.7456555890467,-0.6698658169380777,938.9150210647041,53.80786472548786,839.5610204305691,1087.424796200277,247.8637757697078,0.11772670474233006,136.25410959617653,27.81031816388009,63.43731480488273,179.86042851253438,116.42311370765165,-0.0970413566664555,38.75618934531582,0.3997857114607101,37.86668407244397,39.69704030551849,1.830356233074525,-0.0005144908580281353,13.971797390719837,3.001410431978299,5.939895446893699,20.617842996213554,14.677947549319855,-0.017067556735291856,1,1,1,1
375.1322466602654,82.9437276976341,225.38145936878345,550.061264492681,324.6798051238975,0.25363422828308063,948.7610787274881,53.30209468123926,846.0843925164387,1067.9819838145497,221.89759129811102,-0.46050456693934744,142.97535138306074,33.681738305100126,73.01756268001017,215.53193070271476,142.5143680227046,-0.2086674510333008,38.84944194458063,0.41231870378915875,37.96268454551741,39.90535577812334,1.9426712326059246,0.005819705695802751,14.17706194051486,3.0807767863402207,7.623751823215525,21.973440205422754,14.34968838220723,-0.017200308390480208,1,1,1,1
386.3901210980176,76.72607002770292,219.44043421819632,583.4954357022283,364.055001484032,0.43034458674143145,942.511049754242,49.736570365655574,790.1696743781706,1031.7356443620838,241.5659699839132,1.2489529988982893,137.71042227033035,31.760024074009042,52.72384723687124,210.79162503534042,158.0677777984692,-0.20171470893111637,38.830074431392774,0.4058633865450669,37.51199590434197,39.70158033367547,2.1895844293335003,-0.008125311968739505,13.731896428869844,2.744655401957269,8.143783127613617,19.191226303370037,11.04744317575642,-0.031192656898309738,1,1,1,1
384.85159658061554,94.34453037618214,229.18136070790996,568.6320280306409,339.4506673227309,1.321591736596687,953.7989914561485,44.44866721678841,858.664982420233,1036.5189862394889,177.85400381925592,0.3801294113156285,143.1436237124116,25.579668897371484,71.72910936147822,206.77244413728187,135.04333477580366,0.12178255110244814,38.91563506059414,0.3792174674400506,38.0645601563463,39.758021538552605,1.6934613822063014,-0.0021792214350941576,13.684971131550055,3.032198915275042,7.068468762205115,21.15509021071672,14.086621448511604,0.000466252901812269,1,1,1,1
383.8863599479267,68.21654879133565,225.77747604955889,557.4860105911143,331.7085345415554,1.0760730370142904,951.0050107805354,48.914482969101144,861.3510555827536,1028.4032292682327,167.05217368547915,0.38794048435892775,135.86690633499163,24.833171216799098,63.296776131792626,189.1766547875102,125.87987865571756,-0.2643514409967066,38.87728368955249,0.36567255464960835,38.17389864698617,39.62687368858317,1.452975041597,0.0030025657035667114,13.930747752546601,3.2381650290847483,8.371280979503844,22.714428325895923,14.34314734639208,0.02318639054275428,1,1,1,1
377.96751201267614,76.43665372259584,197.01565094713408,536.615156183165,339.59950523603095,1.0755549368727555,947.99447043544,55.24959232183993,791.2878381504567,1071.1983229787793,279.91048482832264,-0.08054323034182172,138.3999200621122,35.279869015732835,60.552384330609755,205.2434234289878,144.69103909837804,-0.2005875358897088,38.826156340322726,0.42940881857500374,38.063091305253884,39.78498550928149,1.7218942040276062,0.0038242725112600483,14.291834706562486,2.59981699994876,9.720658003043953,20.879649380813085,11.158991377769132,0.013613680707551735,1,1,1,1
373.35456035789525,77.95958178146888,221.98568126549515,607.2726349793527,385.28695371385754,-0.8280721980041917,955.8226891861123,56.410413346752705,832.7142830559494,1098.8213198867343,266.10703683078486,0.45574918107390594,133.48228950047647,30.861230380239437,56.346828927397496,184.32086242448804,127.97403349709055,-0.14926579597807435,38.76290095411227,0.40849143019723205,37.97332229036222,39.602800646750254,1.6294783563880344,0.006403683979949276,13.38309554999299,3.056161248800836,7.504712809114093,19.480000700128183,11.97528789101409,0.01984761348068968,1,1,1,1
356.95807053261194,82.23925890931588,210.45226520903077,573.4706420022924,363.0183767932616,0.7514291509747869,949.0829013041089,51.26777945019552,845.0767906132576,1078.3065232293693,233.22973261611173,-0.11958430609158242,133.81332498851543,24.83445386608322,81.02562613501811,198.4862322428275,117.46060610780938,0.14322011233077722,38.87010112057408,0.37173423733778893,37.65633118907719,39.78777681197728,2.131445622900088,0.006492161594803222,14.250436156868941,2.629270647919413,8.625974412057303,18.89819251803129,10.272218105973987,0.009123503854230544,1,1,1,1
353.6872965319155,69.55301796512735,219.93026695506333,512.2772419227426,292.34697496767933,0.2381362437847531,940.9123284263312,52.75793202908106,794.090077730113,1048.4929555673411,254.40287783722817,1.425564357242548,143.38738075235412,26.78872193454101,83.95993819940936,221.08148684756662,137.12154864815727,-0.09249934082309114,38.83948665036647,0.4010073948064113,37.55569419186802,39.652252702021194,2.096558510153173,-0.005367721166831388,14.023673970841077,2.7991868469745445,9.027444743871163,20.710748412571014,11.683303668699851,-0.027658702034668536,1,1,1,1
382.4403275157819,77.83102273532474,241.88824965925565,589.1237628466386,347.23551318738294,-0.17709376782662062,950.0493452419339,50.60948216545928,836.1680076870896,1063.6192679976916,227.45126031060204,0.08569725659510526,145.45904882763952,29.462449777335234,77.51586257911976,208.75052799880632,131.23466541968656,-0.3963787660122388,38.83331406041381,0.4182556903380492,37.77233976473985,39.79253486875127,2.020195104011421,-0.002780576281796703,14.619664274787784,3.727548979308676,4.263061629909931,21.0994655904072,16.836403960497268,-0.018207174491399553,1,1,1,1
395.261206101235,74.36078290021739,212.7882322740426,572.3316247964124,359.5433925223698,1.3562905733886876,950.6876541534616,51.55780893534402,794.9114286194529,1058.4348954861234,263.52346686667056,-0.004307750189868041,133.87566595684683,26.504305533052484,77.50937738580083,184.6488902631475,107.13951287734668,0.4153301645802714,38.673560477934394,0.3827281707709384,37.78461035460977,39.531719531684836,1.7471091770750675,-0.0028677643797463646,13.638503636734452,3.212495543095926,7.316818273499485,20.468111582919384,13.151293309419898,0.03378410991935155,1,1,1,1
368.5502908388002,71.67699719119042,182.1630410478383,530.670183314676,348.5071422668377,-0.5725184829197543,949.2639378917415,50.172810086571594,845.1214358898577,1090.8748603120127,245.75342442215504,0.24585306803447196,139.63293398550206,32.26043051668149,54.42423127908603,243.77859439537283,189.3543631162868,-0.7642412389721059,38.775048293267325,0.3590220464223996,37.90454791645644,39.60660508607828,1.7020571696218454,-0.00050167196465902,14.136644798899203,2.6301086151268143,8.849391956337744,19.188995350994713,10.339603394656969,0.015085181831434723,1,1,1,1
379.19741576621186,69.11434760229928,208.67398433513856,527.894106039369,319.22012170423045,-0.46701790456960957,941.4346296786902,47.383777049085914,848.1413599148655,1029.7205208166347,181.57916090176923,-0.22333385705549308,136.2642430401258,30.664884491628953,51.451343536956,204.62767179534106,153.17632825838507,-0.44463374870452704,38.762251391204074,0.3962302386825409,37.997861630417965,39.611339259182685,1.61347762876472,0.00416334516591889,14.30840846672184,2.6817960067320903,8.810635787843305,23.735242728726785,14.92460694088348,0.00938138278135947,1,1,1,1
369.2116886814854,95.33271576595897,167.2107559905583,601.2475094434158,434.03675345285745,0.3377004220469739,937.9201905614912,53.22361510681613,814.1138913200211,1051.7276220479425,237.6137307279214,-0.45010986106337403,143.0235523118234,27.501274823833004,85.90838962374062,201.20949699133774,115.30110736759713,-0.2744787104300247,38.885332194078245,0.4579694042671778,37.728861230459835,39.784393425503396,2.055532195043561,0.0033621299054676012,13.905669605619021,3.166077973486772,6.749211205209096,20.855981189887657,14.10676998467856,0.009176231342514204,1,1,1,1
370.5561272479072,84.90344373221028,207.82731043437136,652.877259909526,445.04994947515456,0.6354318072202207,949.295512063739,47.248240882398264,832.1463769782113,1049.17903334473,217.03265636651872,-0.3303790260618172,142.60117079236082,22.322567497688134,99.52557904334714,192.4769646332181,92.95138558987097,-0.01387027070064499,38.7311712406878,0.3544438111537159,37.75862991390169,39.90109446007744,2.142464546175745,0.00548342717850619,14.238485059020704,3.056507531084629,8.51938272233356,20.359143686735123,11.839760964401563,0.02372603999529318,1,1,1,1
375.9143256417529,76.62673031926235,232.14465881311983,583.0857288928017,350.94107007968194,0.044237125168960584,941.3884966447533,48.433316333868135,827.1052782641431,1053.4381450148521,226.33286675070906,0.6019350391170567,142.68931782891949,29.66827921760962,69.84401257026528,193.49070013540532,123.64668756514004,-0.3626269314335179,38.83882411230391,0.3944409405116823,37.85348532562232,39.57871136646096,1.7252260408386348,-0.005054504212635524,14.519229710744613,3.2540194107371505,7.203930549985914,20.869722534479035,13.66579198449312,-0.003446058513565376,1,1,1,1
372.1650938612425,71.6317930844157,149.8345907632647,489.66362131694643,339.8290305536817,-0.2534636494883295,945.6531441056338,53.10389918580143,858.5909354284281,1058.43420737137,199.84327194294178,-0.053591306634900616,130.93213105898246,31.638715647660867,62.52704272420846,194.30277622997264,131.77573350576418,-0.38358717728110736,38.988798095385846,0.37958519915747424,38.28817986484289,39.82276707006166,1.5345872052187701,-0.0031346039031638798,13.839809229188845,2.7215050882726683,8.744468055270588,20.935908703361235,12.191440648090648,0.03170402815289882,1,1,1,1
385.2906698323856,84.65394199992956,210.34413139583248,592.0437387633083,381.6996073674758,0.7930256433378059,938.8268251125224,55.8113181129262,803.3038048579851,1096.6750769287835,293.37127207079834,0.6924953426844236,140.0256434517,30.068149369433453,83.53531294268203,243.27355683444748,159.73824389176545,-0.4434685268335875,38.706545923907726,0.42178457688250476,37.71564386302459,39.6299827752434,1.9143389122188097,-0.003450117523645768,14.432162496622517,2.791789136589798,7.324603758269281,19.418819413715863,12.094215655446583,-0.025693320690956645,1,1,1,1
373.4369513803572,89.53997870149732,144.88643271058066,586.8832361482264,441.9968034376457,-0.03174755877420141,939.7758165647945,50.23834006969979,838.7804603757265,1075.9065869022727,237.12612652654616,-0.6417122058599017,132.58667965243325,30.051514407410053,66.44490361110924,201.1819186542132,134.73701504310395,-0.04185921668605535,38.84561434339773,0.4282551186737233,37.6473891494054,39.69796684090005,2.0505776914946523,-0.004249904940027165,14.03117848684144,2.7002429223750917,9.282047265940061,20.273835489444274,10.991788223504212,-0.026365333292329773,1,1,1,1
383.31578331965386,83.09471165040537,215.5854130683411,601.4594004711945,385.8739874028534,0.37743084965958346,953.0634172507922,49.28166638860255,849.7368781835961,1065.3063883036762,215.56951012008005,0.5282390375934126,137.54354490813975,31.265835910394173,66.77763338283778,209.47679514736438,142.6991617645266,0.270263936040042,38.764755812466326,0.42609986678158057,38.022912112801,39.637690434764366,1.6147783219633638,0.0012219383559309703,13.580664133542875,2.6747749224611574,7.708611749846913,20.489012629862348,12.780400880015435,0.04884022659294519,1,1,1,1
382.7103867641918,71.85931791939389,250.93868967029974,583.5280702601275,332.5893805898278,-0.041005271896784136,943.3986287626744,41.98651154107087,869.6005698683861,1025.3228215948416,155.7222517264555,-0.10792726239132042,141.26220620312867,23.92623319156703,81.55019123028734,206.8513046450338,125.30111341474645,-0.013560090204349107,38.76916785684672,0.44671881091380994,37.81641663844327,39.704122929967895,1.8877062915246228,-0.005394705746931431,13.816320294541118,2.7805962311994614,6.072818005380378,19.169555696282636,13.096737690902259,0.02155915796063484,1,1,1,1
365.06820093290145,76.84905368876511,217.65647396830818,563.8236492259392,346.167175257631,-1.306963579332975,936.1390611351299,45.31640879771346,841.855514405588,1043.0243721958059,201.16885779021788,-0.09902184105790887,147.102726243074,31.14798303588134,69.67975528538607,222.01089881295414,152.3311435275681,0.128056800443713,38.898115547999595,0.38774334632015617,38.116125355676935,39.96550362618768,1.8493782705107478,0.0010131726767338973,14.159811500478966,2.6262239156444247,7.171629897876074,20.309560541317385,13.137930643441312,-0.0034903165317161935,1,1,1,1
377.88273012500366,69.97700472743246,166.2067995201376,508.36924337346807,342.1624438533305,0.13324833139168918,945.2561612153951,60.586092688534755,840.0227717080706,1102.0265337978462,262.0037620897756,-0.24538047876826768,137.5422928016828,27.787750939255574,81.34322717662526,206.81946621947202,125.47623904284676,-0.33263639497344155,38.74256405869866,0.49268160926093246,37.79069207999356,39.99167385341555,2.2009817734219865,-0.01164753078700056,13.063660516550817,3.1579425180905027,5.594233093721735,19.78957796027397,14.195344866552235,-0.010848629422995429,1,1,1,1
380.06981285688994,79.1246268386136,152.72134025488816,562.7077770298188,409.9864367749306,-2.091382810379885,950.0505181940404,43.14032173255741,860.0987498878576,1050.1031725396222,190.00442265176457,0.33922039697289463,141.25109681637926,26.95831538661024,64.38454474961992,189.88466446418337,125.50011971456345,6.1548782054316266e-06,38.87857258904228,0.3866157366740669,38.19132489009138,39.655957284199204,1.4646323941078236,-0.0068385432546155915,13.87597989255393,3.2443984925960945,6.252981377912592,20.88132693583322,14.628345557920627,-0.0382932033490424,1,1,1,1
360.22891617198957,98.9365329220859,133.44212959916297,672.0505235061692,538.6083939070062,0.9247208286245228,954.306027965381,44.97718037681783,858.5805097486574,1089.2769698499212,230.69646010126382,-0.46571460460142666,147.23341321198683,29.99148666006121,90.52940729197714,223.9628209065544,133.43341361457726,0.013521212483963502,38.809439159893365,0.38395856167079945,37.66135735445467,39.46676120762707,1.8054038531724004,-0.007941229591648107,13.97244556219823,3.205158018369729,7.634999650847883,22.998955052480643,15.36395540163276,0.022793894835306305,1,1,1,1
385.11234486414617,77.92411063371186,198.4082002966443,592.7005485588622,394.29234826221796,0.5587974462599533,945.1109882598533,54.42299896353406,821.5981286283522,1067.1014412343775,245.50331260602525,-0.8625572549194477,134.69441082758493,27.18365977383345,70.04944411598343,187.53204743608234,117.4826033200989,0.0054312321215671125,38.82104547352316,0.4195231031932989,37.9752641220549,39.75927636058473,1.7840122385298258,-0.0005901953819280756,13.82338810823817,2.8730550654140607,7.612906766271106,20.55833662442091,12.945429858149804,-0.05312672894632078,1,1,1,1
388.2375126709179,75.54069630443746,251.56759485908265,586.0462551258564,334.4786602667738,0.15578472361096135,952.56850876986,48.300920987204,846.340044798052,1057.3895913876017,211.04954658954978,0.04206873752933636,134.54800495147515,26.59910755197451,76.07313017084445,188.34358694969407,112.27045677884962,-0.041315373688782894,38.74482554098882,0.4226557838164742,37.59165062103209,39.770805607874884,2.1791549868427964,-0.0034522311609870237,13.798678559850334,3.005053051202868,8.737892358027386,19.73406476889052,10.996172410863133,0.00017819766630545135,1,1,1,1
354.4024199918804,87.12992789106313,154.10447053083516,534.161469022169,380.0569984913338,-1.0079417007155187,946.7663937084363,55.956875647580176,833.5354614199981,1106.301173773144,272.7657123531459,0.24529001700623249,138.81430683909306,30.184681002528137,84.74230428200315,215.38555128376066,130.64324700175752,-0.02311985235701579,38.70095037714484,0.42428085411363375,37.53153241620697,39.54319651833201,2.0116641021250388,-0.000934502874846899,13.497355717936411,2.877085300439085,7.000454152813395,21.038182733552016,14.037728580738621,-0.0010859573010785532,1,1,1,1
378.75149361573034,77.3907295357782,236.2373338681801,589.3001072245596,353.0627733563795,0.8188364332262432,955.7848954126124,57.52079808192021,858.3734276462076,1087.2417921607955,228.86836451458794,-0.25590427463715937,144.06501994937275,25.16978848671284,88.67963927449287,195.09095189551488,106.411312621022,-0.3206360327254171,38.75584999502341,0.46820935611459424,37.50109365715359,39.82621095289803,2.325117295744441,0.0025147959670777853,14.919144489128593,2.985326897929128,7.80394830408059,21.440542193401306,13.636593889320716,-0.0444259495961347,1,1,1,1
352.7884187388177,80.4833853884131,208.9751787290368,568.7397106171237,359.76453188808694,0.42495644547613487,960.2180980708976,44.374599979193185,847.4177395571734,1059.0416490917846,211.62390953461124,0.448988388220862,139.2019008862523,33.86233589758211,78.29953092785928,226.81614243535057,148.5166115074913,-0.01684638568660513,38.831827681597815,0.3884203422210384,38.006869661917996,39.56341183529583,1.556542173377835,-0.003030003242514619,14.644365341827584,3.326017519546656,4.202689419420388,26.195797501809103,21.993108082388716,0.06543491832377242,1,1,1,1
376.7276622828433,72.45066578486266,255.36767604067265,593.7291083010088,338.3614322603361,-0.1874505009442186,947.8893029229823,52.675222433932205,824.9889345164454,1029.7656059257138,204.77667140926837,0.9657896493159098,143.93412537653555,27.89313942812116,71.02185005172404,203.83056954117117,132.80871948944713,0.17357697770569558,38.78962347845024,0.4063457976428195,37.859500262499424,39.63820467481791,1.7787044123184899,-0.0033002369281709514,14.393869413381175,3.221552171789786,6.169167851091515,23.15968878913072,16.990520938039204,-0.029784712493204,1,1,1,1
380.01781357522464,81.84590771623516,201.6082385216696,598.1075854468558,396.49934692518616,-0.8428485404087647,948.2706111787196,56.309391564709294,759.8850513857462,1083.261345130226,323.37629374447965,-0.019452054725991614,143.09252600177305,33.784066402803504,77.40888165857315,239.34312146330961,161.93423980473648,0.3197675372748439,38.79372417659267,0.3790043032337179,37.89554362866138,39.578310435881605,1.6827668072202258,0.0011869444486119838,12.716947617145788,2.946957385782096,5.592685698546601,21.736732809160387,16.144047110613784,0.013551191223045565,1,1,1,1
375.6935398170338,88.44149253789764,207.29789217686005,591.9965137043853,384.69862152752523,-1.58674908072332,947.5791782825327,55.478316913325536,857.2464193048577,1067.7811110198948,210.53469171503707,-0.17588688636539296,145.5812998587577,28.908508369950322,43.35919863887666,204.53707615610654,161.1778775172299,0.6905807536152648,38.76379279030042,0.46942979247706823,37.62621862462198,39.904198036297814,2.2779794116758367,-0.004496934617964386,13.940468849329159,2.536212335182105,8.32458462205103,20.62619119463324,12.30160657258221,-0.04225453496699933,1,1,1,1
374.1942474144321,80.52356652966817,225.06229798568307,568.8847912301121,343.82249324442904,-1.0808545689546365,940.6263218770292,48.84185107245655,833.6211500513466,1074.634269515932,241.01311946458532,-0.279964839087828,141.79488605934637,35.96104920318628,68.16466719828789,216.291324131875,148.12665693358713,-0.17377019881395872,38.788547252907364,0.3680016566324152,38.07573408844488,39.581328195434565,1.5055941069896832,-0.0032221658900587137,14.832406222380454,2.721136794247074,7.7013073314714875,21.932927544852717,14.23162021338123,0.027548967144778197,1,1,1,1
366.3315360894911,96.63391562314283,175.70367525413786,530.6218509671718,354.9181757130339,-1.202301700702181,954.3502520209971,49.32717898173459,875.7181935517275,1070.0863615920828,194.36816804035527,1.4081023155423968,133.45613720299815,30.367610520524657,69.39140821183693,191.43395425188362,122.04254604004669,-0.3843565126247216,38.789343571476465,0.43813093475131065,37.91571848717469,39.61274017528511,1.6970216881104179,0.0010389538864764506,13.863816251791027,2.8498022055094796,8.342325671412905,22.37966283334877,14.037337161935866,-0.003950200576051978,1,1,1,1
370.86487090362243,77.96266355298738,186.65661019845555,563.8672369987689,377.2106268003134,1.2594022116555712,943.3879131084223,46.651447242467704,845.4015038238704,1057.606340741726,212.20483691785557,-0.2820876958401656,141.0699338501925,27.3251768651298,84.04052646900912,203.38372395342807,119.34319748441895,0.021839261252983105,38.77628951067458,0.32728176692315303,38.00549189981146,39.40324782730607,1.3977559274946074,0.004264958496502495,13.874135743285626,2.9750328593212045,6.8922391634180045,20.528280687182267,13.636041523764263,-0.014923325806241191,1,1,1,1
407.7642864017638,75.63604629925428,249.7309864038443,609.792119577996,360.0611331741517,-0.859839568210278,955.5681912452062,56.597707581334355,813.6036467648566,1081.9253339671318,268.32168720227514,-0.9670463102005818,140.56549806267853,31.317584280730262,76.95990088614326,202.30107654932084,125.34117566317758,-0.0842495561220228,38.89955954108734,0.3068217239653281,38.1871417179966,39.609885807435376,1.4227440894387726,0.00244608319055818,14.131415938823116,3.365975574787929,4.765282508981034,21.309031278908442,16.543748769927408,-0.0013440352597952159,1,1,1,1
367.8379790104338,70.07775948727341,163.30943331997486,485.88851370760636,322.5790803876315,0.10589548150241423,951.8993696610844,45.97827783074255,850.3771776625395,1065.1591093499817,214.78193168744224,-0.037020698273219334,142.20909899877893,28.840584050643198,68.24384862191718,197.1854299643449,128.94158134242772,0.162400263874001,38.85099582276877,0.33661387313267954,38.167436888784934,39.929522071847884,1.7620851830629505,-0.002255894743843853,14.070267545139641,2.8164217027217573,8.650543132930114,21.41941032752333,12.768867194593216,-0.006200186150029201,1,1,1,1
376.6222102162319,82.98835577952042,195.4760720216201,531.2181167922934,335.74204477067326,-0.19097400995836797,951.683392121483,48.294707184250456,840.9577573889478,1056.2432521521218,215.28549476317403,0.15098583188227652,133.68973610132497,30.118572468828106,70.2917719040967,202.99918487977536,132.70741297567866,0.11344362139277656,38.78679829725325,0.37021987780151855,37.92052086704406,39.66983516534867,1.7493142983046113,-0.0030521640501344626,13.998268413366937,2.586348293685055,7.503551530423287,20.60899248641377,13.105440955990481,-0.009797278491160246,1,1,1,1
372.6425463483967,93.07185053660876,126.71093942193696,575.5025586151492,448.7916191932122,-0.474386742829236,951.3898960754792,49.49823114160133,851.4013352099555,1081.2589951890754,229.85765997911994,-0.3741718648366541,144.90613742982404,30.36067736129517,84.19608268840012,228.73811773258356,144.54203504418342,-0.07219912730598303,38.748386626057815,0.3482700790324369,37.763389480622706,39.62898531009691,1.865595829474202,0.0002632392728046953,13.09757394929234,2.7731682252407333,8.839774628563235,18.44420532915573,9.604430700592493,0.04070965883638872,1,1,1,1
371.95296217564976,65.40858913343844,210.0217937152347,519.8420822059679,309.8202884907332,0.5768282732107497,955.364428704457,47.662862221918,854.392149266238,1077.2172451040108,222.82509583777278,0.07861759806743003,134.47112826443146,27.231477397645225,87.11756944900517,207.02054860416825,119.90297915516308,0.21781341010638383,38.87377311555947,0.4153339954149762,38.04577215786812,39.898598708819875,1.8528265509517539,-0.003798533488312953,13.670747930730494,2.708037870607906,8.075770203135693,19.666549995026728,11.590779791891034,-0.015067144854586255,1,1,1,1
393.95234720222703,77.4022164735691,171.02253498194733,525.243231488433,354.2206965064857,0.29224088155371086,940.523666937261,54.30502762782379,822.4301890490548,1078.5954076512344,256.1652186021796,-0.03201099057334436,139.62753137681182,29.630747112346253,68.04460825912747,208.92665990390316,140.8820516447757,-0.12075218998541463,38.70999541883687,0.4090009428133094,37.949190505661576,39.6422461121248,1.6930556064632256,0.0008630978925123411,13.492661999847837,2.635191624283381,7.318993113634011,18.764694039634016,11.445700926000004,-0.028965313860486,1,1,1,1
389.504759894711,78.06034652120789,237.211690464231,557.1913993245018,319.9797088602709,0.06272379964623252,957.0061329528894,45.554066910674386,844.6537214727846,1044.6638329467658,200.01011147398117,-0.12344375957180415,134.50952983495216,33.079288052210536,62.64887834876352,196.62158204157953,133.97270369281603,0.19582206386305623,38.80154946268924,0.40918822168612495,37.86817678774539,40.52061840069657,2.652441612951179,0.002316830703025016,14.729268027296646,3.099244831678869,9.152225547216496,22.157040714343502,13.004815167127006,0.023670366954273426,1,1,1,1
375.9864741731833,77.99541529859721,224.52403509273654,537.6476901666101,313.1236550738736,-0.5295245423636635,942.4802563304193,54.68160936767743,817.1877484271008,1053.9142718176704,236.72652339056958,-0.4647971619714168,132.56705372785032,28.105668241498805,64.09109795525723,199.09581070354216,135.00471274828493,-0.3052960811891625,38.80358791533575,0.33476459169358935,38.13418629294956,39.70233051444633,1.5681442214967731,-0.0027241847529531136,14.092745894370669,2.3961879788452882,8.551020135076701,18.92685711567684,10.375836980600138,-0.03299303482617353,1,1,1,1
392.846309569384,84.18463483867764,203.51586946667751,547.2668498136409,343.7509803469634,-0.02494846450427242,951.5755611214373,49.73367897615396,779.217993638302,1063.4078501100066,284.1898564717046,0.021867021895767176,141.97999393378848,24.033828425199744,96.3602115657595,192.86455441186177,96.50434284610228,0.3087587096699055,38.79249165376971,0.385417231862345,38.09253881266953,39.98984283473262,1.8973040220630892,0.0005364620970673585,13.878378807735542,3.0902052636126176,7.550409929598164,19.06247499259503,11.512065062996864,-0.017509165288145466,1,1,1,1
401.6613929421604,78.89774237659331,227.05421926214584,582.6125184084411,355.5582991462953,0.14051703517078235,941.7365269946496,47.880222225559926,840.7732040416046,1047.1624589990327,206.38925495742808,0.34498041259166023,140.33063969209053,29.29324231369157,82.35546456811596,210.59467083154436,128.2392062634284,-0.38977778317171297,38.69750513234837,0.4626556520064621,37.823080989595425,39.73605201495936,1.9129710253639374,0.002209451281109809,13.841742273276218,3.19881371607244,7.180001513749554,21.424359694692278,14.244358180942724,0.01732416327165039,1,1,1,1
379.72505746709373,73.67591817785488,149.29349853451322,526.4062048868767,377.1127063523635,0.12206381113070057,956.6766219320466,44.93093477717779,834.12038345135,1060.8057430371052,226.68535958575524,0.25617652040106587,137.11141233488397,30.222127951032,68.2498588841867,197.27522407681005,129.02536519262335,0.20935994660055016,38.80313112497061,0.3831575961253889,38.11106319410678,39.68593293804144,1.5748697439346628,-0.0005520933602213435,14.119232979418397,3.1088647998518995,7.177917609433198,23.053053930881788,15.87513632144859,0.03608147448682391,1,1,1,1
368.36188116186213,72.43513876708374,152.75956473079535,544.6015911929576,391.84202646216227,-1.8621324242679103,947.7640280085069,48.46006988353442,826.3056223853056,1039.5592829038087,213.25366051850312,0.6662285966184041,140.41114337954212,32.800797144045035,54.59653639141483,210.38260959222552,155.78607320081068,-0.3946707334031585,38.82344771093139,0.42017188490373725,37.70952733978251,39.90503292087964,2.1955055810971302,2.8412659379513838e-05,14.769337601174374,3.19767740419362,9.480150041994147,23.332246560872296,13.852096518878149,0.02935504142180351,1,1,1,1
370.0335536838849,61.08349347095076,192.69758065976148,493.33759916543727,300.6400185056758,0.16406795583383665,955.780560336363,52.61753988498466,818.9624545879118,1058.2905593354033,239.32810474749147,-0.4345977920436588,139.85197009974272,26.42207504472739,68.71424750168009,198.88541406044635,130.17116655876626,-0.0936244631127887,38.90403151439645,0.3655451586787385,38.12825941424816,39.510536711033375,1.3822772967852117,0.002302574382962651,14.58591610740273,2.6723520830796437,6.984505320488289,20.20804319532101,13.223537874832722,0.04818720591198918,1,1,1,1
380.385236054407,73.1324971058505,230.82799605516408,530.7030209973707,299.8750249422066,-0.38157648214480405,954.2595902051326,43.96384006386421,837.4713836596936,1029.715681724703,192.2442980650094,-0.4671020078874348,139.0873777200304,32.26637498902271,73.9774779047411,195.64148622446967,121.66400831972858,0.14989156571808526,38.78898884466349,0.4181054941704866,37.7875871215283,39.90954767666841,2.121960555140113,-0.0015768577336736315,13.99065911913046,3.045405106436105,8.695665375242523,21.0408539436618,12.345188568419278,-0.013257765235276525,1,1,1,1
371.9480274854679,74.92361295166218,229.26547463577865,529.5744968636211,300.30902222784243,0.091492958100212,955.1387272454456,42.531024525113914,871.9397507863852,1030.198558847455,158.25880806106977,0.4508976918622716,135.96038027282623,24.471030504431855,75.9504557511249,195.72259335188295,119.77213760075804,0.3305607572615752,38.8707061271174,0.35791576883764653,38.12885647093466,39.62791523283455,1.4990587618998958,-0.00016423337438394215,14.127475035573045,2.7662363685071045,7.332135933375708,19.485194212327265,12.153058278951557,-0.010059136565351904,1,1,1,1
389.2609824517581,81.90059572774872,193.455592543535,562.7809395279722,369.32534698443726,1.4509517145465576,959.762495833109,41.29391115990254,869.1315330933842,1055.2900192760276,186.1584861826434,0.22034419302291483,133.7883950053941,22.995156631793943,82.5432309177088,182.5312493256891,99.98801840798029,-0.009894393350046033,38.794066108330355,0.4722863724071572,37.640983606796034,39.98706410033462,2.3460804935385866,0.004059724560553196,13.998098377387214,3.018918573507683,7.342353352326024,20.511350840417073,13.16899748809105,-0.05105613143278366,1,1,1,1
373.4064208407152,68.72028682640959,182.76381284665266,514.0717749743308,331.30796212767814,0.1307848784907242,954.384348916155,53.67961971653306,835.4298768499708,1096.9908701217664,261.5609932717956,0.5847766546862884,133.0511651482001,34.39220473916382,38.38698524983711,217.01514873213347,178.62816348229637,-0.07503045751792903,38.85081620711018,0.39955763413588313,37.82618540885723,39.674522002314674,1.8483365934574465,-0.001962387915951617,14.196865588428238,2.609472627037823,7.411883407846098,22.0950241941953,14.683140786349203,-0.0044442794913248235,1,1,1,1
373.2908536975301,84.68402271263112,142.76414117764028,563.7987728355859,421.03463165794557,1.2739310114576192,957.1679623996288,45.45568104772156,853.1385105180786,1025.4778215345152,172.33931101643657,0.3614214604080023,141.90193171200434,24.737376561303375,97.1994939341547,207.32659106307523,110.12709712892052,0.35729114474412155,38.73978044094111,0.3579453874006245,38.0041784426964,39.459459126508854,1.455280683812454,0.00276535067215966,13.954109899208813,3.287308986983477,3.90489667502278,22.134247851433862,18.229351176411082,0.018859971250963923,1,1,1,1
371.52845355208467,73.83633033461902,182.2741861424204,526.2951183084097,344.0209321659893,1.8603810490550323,953.7536343670221,47.398344898514466,852.639588920916,1059.6862861567442,207.04669723582822,-0.001844511905074718,142.01861421243788,27.881161716414084,78.63010152904977,194.10884472073678,115.47874319168702,-0.3626270958794724,38.8446660748929,0.46385844611476523,37.87445949223944,39.91848745656645,2.0440279643270145,-0.0011125444576999652,14.319256821971743,2.8570650781716243,8.169504753428924,21.273133886633403,13.103629133204478,0.0557862900278624,1,1,1,1
379.45312197892594,62.94675219402815,238.48878705721808,552.6994534453949,314.2106663881768,0.01580580028638372,950.5794211324126,52.692162011815384,843.7451519670786,1059.452066323753,215.70691435667425,-0.8076731608334184,149.51321514186418,29.43718545429184,87.48083548295236,205.6625852194703,118.18174973651793,0.28266389440075945,38.82833463501083,0.38234385396981474,38.074702383832566,39.77857538058911,1.7038729967565445,-0.004341186115184301,13.796476389146996,2.943417101201165,6.0282388701336025,18.85985878388015,12.831619913746547,-0.014088197402752158,1,1,1,1
381.90924615207086,81.39722332954219,183.73153678957297,524.284287674612,340.552750885039,-0.9156018669063801,947.1384089574374,48.6570109590903,853.216736829979,1055.0053398354016,201.7886030054226,0.13157401012623066,139.54053348356226,30.585606971842672,46.665417152494314,221.60678864375376,174.94137149125945,0.007166493262363605,38.80606775796765,0.3589610817071644,37.63058312603689,39.39584190580864,1.7652587797717487,-0.0009530987131166913,14.421550526509474,2.9287954496451922,4.993061145524516,20.251918126495827,15.258856980971311,0.02193207974290175,1,1,1,1
385.0495584973711,85.87413703085689,174.1208189499631,598.9035532950063,424.7827343450432,-0.26641367200308047,932.6051267343153,51.947250427120814,820.9206936948354,1039.7461325216443,218.82543882680886,-0.11536676327615479,138.70509806245573,30.204038313482535,64.69234890320496,219.40844912265993,154.71610021945497,0.3758806965444623,38.70233067343802,0.44992696058137005,37.535891164287015,39.60588574694532,2.0699945826583033,-0.0019015794098400777,14.54140852790948,3.1451496200474582,7.4495492393973795,23.61292300148134,16.163373762083964,0.004926590174758315,1,1,1,1
402.30788188407723,81.07894997084166,239.01264735942837,623.222783369676,384.21013601024765,-0.9290567649988408,958.1851662770135,50.055652302315,812.5052947626104,1076.4136542266376,263.90835946402717,-0.43884498248182313,137.24199967091195,33.08851363460185,57.717249010204796,222.45428348961397,164.73703447940917,-0.08693986492204771,38.705317134479074,0.41276134130632275,37.6092813266266,39.45936346704971,1.8500821404231118,0.00028246165851289706,13.772863196820659,2.752637396934694,8.317750753460492,20.372849321830564,12.055098568370072,-0.032684343587585894,1,1,1,1
381.9831549795212,83.11257883532323,173.02047100001693,523.0745522469053,350.0540812468884,0.13891826708598023,945.1658409039027,43.46247989024301,813.5392627038593,1086.101111933978,272.5618492301187,-0.02498852789914117,142.20993408726247,33.28692756002891,82.48181766530224,224.31481112870227,141.83299346340004,-0.08627686831892846,38.85787308728341,0.3931045865192033,37.901104044707154,39.68113487800294,1.7800308332957897,-0.0006509738238965396,13.32506574014977,2.433358274645846,9.523263851432517,19.196241463163116,9.672977611730598,-0.007762300083579765,1,1,1,1
364.5191806812277,88.39804965747129,132.64937579601107,548.2154098041495,415.56603400813844,-0.6479594230935496,952.2674722739233,49.474764997696624,858.8209166776123,1075.2854578841284,216.46454120651606,0.2838731003642051,139.10875131543997,25.30477739777805,97.07100246710999,207.64777983882271,110.57677737171272,0.06401141767932454,38.84316045122443,0.44361109891260464,37.87366038689906,40.02508727831003,2.1514268914109707,-0.006539337294426664,13.449751988415432,3.1631525255092052,5.542919551370279,23.694819655182002,18.151900103811723,0.007562701768183027,1,1,1,1
378.9198150185042,84.89741062567222,189.3733692669133,540.5118999511722,351.13853068425885,-0.025970655448862522,949.2038836792406,51.96646502571722,816.7530701603488,1081.352300207601,264.59923004725226,-0.25052608659507036,144.24315509515148,28.528738145161554,81.26795731756914,205.8128678493914,124.54491053182227,-0.4776687842652325,38.806978308974315,0.39885508084302734,38.070788345719485,39.85254819517938,1.7817598494598954,-0.0036111821746230557,13.829512102776231,3.2218226901421017,8.539050173884231,20.151561360967367,11.612511187083136,0.057539329620217364,1,1,1,1
371.1667886655368,86.64643726945921,143.53998044925928,578.7214719620548,435.18149151279556,0.5148151639262097,943.5565322248638,48.57348848522204,832.2346267719753,1038.7113017982256,206.4766750262503,0.17644078622138532,138.01943114250082,30.738702702159305,47.765039194583366,194.0796718621534,146.31463266757004,-0.25177354246855865,38.82871036641123,0.38512192123619865,37.82554443368993,39.694726598371574,1.8691821646816464,0.002088187666512517,13.91745521490278,2.910620123518353,5.764924580654947,22.103266060615447,16.338341479960498,-0.0333132650516527,1,1,1,1
383.385313655254,79.63297130200307,224.7623521593019,561.7502409128249,336.98788875352295,0.8167354550666762,949.5167517007181,47.86401732236361,853.9227897216421,1057.0643411219417,203.1415514002996,-0.22057482453678579,139.77178584408165,31.14224518225628,81.73970712073546,257.1620735300329,175.42236640929744,0.1662442112354616,38.798860670464826,0.41216468344173457,37.90500243707627,39.86510444966376,1.960102012587491,0.00496164136728161,13.413188491710885,3.100966847646427,5.915339223119123,19.662567675839046,13.747228452719924,0.016967876123642724,1,1,1,1
382.77232773807845,74.79332614874198,228.04863522962273,602.161629078535,374.1129938489123,0.08181254487662099,953.6281088460809,49.8273065705992,832.0659559336079,1078.3059376743652,246.23998174075723,-0.6727364470173349,135.85357263739184,24.378467949269066,72.95247412846336,172.72450560264195,99.77203147417859,-0.4269969867577928,38.82782294256008,0.37952325756843347,37.92567984216529,39.83489152094672,1.909211678781432,-0.002286556237647949,14.749530699963927,2.898779346884593,7.161461907623234,21.241836383872965,14.08037447624973,-0.014387372909829426,1,1,1,1
377.7470830565501,72.36405287502359,224.5806213737479,515.3677314201136,290.7871100463657,0.259470453894503,949.1764412246052,51.192515176242914,845.4796662772188,1051.387582303925,205.90791602670618,0.14184996837818653,129.69810809238342,32.269851920577146,65.80005464467054,224.36481994902687,158.56476530435634,-0.26020088315826073,38.72857810168165,0.37615167246581116,37.93172090020432,39.799985437616265,1.868264537411946,-0.0034309438896243695,14.629329416870998,3.0086012997194276,5.592159897337671,19.355379565516643,13.763219668178971,-0.028018801922356847,1,1,1,1
373.0283591209177,81.6405357185556,214.21691295124063,595.0005358840644,380.78362293282385,0.7708089958093124,946.3009395283603,49.977329309762574,857.4655046571719,1042.210658338996,184.74515368182404,-0.9070280347022078,134.26537203576427,31.761717413785,66.9118993576735,203.0866674563439,136.17476809867037,-0.0105935690707995,38.91383624957073,0.44740828167310404,38.00545621479564,39.91892939546702,1.9134731806713745,0.0028525138091456646,14.168512057127918,2.8151790760879116,9.53223328106461,21.46513747564099,11.93290419457638,-0.02371639893812866,1,1,1,1
387.5269820019661,67.08786424934988,234.77134373276388,526.4984457699826,291.72710203721874,0.6652577654435027,948.9969834249574,47.61131714360716,862.4523340321842,1072.6889652934083,210.23663126122403,-0.5978721394164273,142.75134675669472,31.00818484640172,81.9387276040036,205.36535032070492,123.42662271670132,0.3232458475736732,38.81279398518252,0.36261697052300285,37.95936352723886,39.71975906271796,1.7603955354791054,-0.0067804216220052746,13.428954921722077,3.2978713031576365,6.551955422403365,20.354833585396282,13.802878162992917,-0.008213248500519427,1,1,1,1
371.4915823313167,62.731253450700144,202.8128090970384,488.2520713524277,285.4392622553893,0.07394229323665777,958.5044228554877,56.83066008506084,800.8151515590262,1077.5895549569696,276.7744033979434,0.6117702060895549,141.0293900102187,29.66984108286762,75.7434809120923,209.35785797993458,133.61437706784227,-0.16071579059003271,38.832047669064714,0.3405844802600049,37.994569862963175,39.58873345152747,1.5941635885642924,-0.007798320091631293,14.148668277252284,2.904738188226664,7.575703796788233,20.78374570328981,13.208041906501578,0.008484533173402434,1,1,1,1
378.21630377672557,75.20528191704507,235.67925215561144,548.5246108221245,312.84535866651305,-0.05036916280248912,947.3023495534756,49.57855065745359,833.0612740197939,1052.420061671926,219.35878765213215,0.36058961383637667,138.0153361701072,27.866170342608903,84.15739768717248,204.29099471900506,120.13359703183258,-0.16613297046094952,38.851209890342595,0.42736281141696075,37.865252359196006,39.949887534783706,2.0846351755876995,-0.0061897746794063084,14.540821654464542,2.8882854568566,8.229851834247881,20.38558323523606,12.155731400988177,0.011542077272579429,1,1,1,1
382.09868598407235,78.64114272704448,189.97906255854662,592.1912781185989,402.2122155600523,-0.8868136250969306,955.3439138882959,54.625278416190184,809.4175223597501,1064.471225966504,255.05370360675397,0.02574213448132277,138.42072636717367,37.53695530614646,46.21530043929586,251.22319163065032,205.00789119135447,0.5641330282557353,38.86008303371653,0.315140574760356,38.12381112725736,39.44814339690011,1.3243322696427455,0.00392476994921389,13.799582503081378,3.3654771838650124,8.028116171782232,24.498506843809945,16.470390672027712,0.020084664206177837,1,1,1,1
376.89096617924196,61.42002831670745,223.32075764037694,511.51800971411967,288.19725207374273,0.3138932174168421,966.7529027391381,52.172760344264134,860.7687474610487,1085.3824960889515,224.61374862790274,0.7676572596817303,141.37657835655418,29.167253510241867,64.30451877060983,208.8742684042466,144.56974963363677,0.2233650637256383,38.69010261707351,0.3593554726039525,37.998128250425886,39.56035303227328,1.5622247818473909,0.005285717520223202,13.818142063926318,2.775740515849761,5.7203454772708415,19.410770969239678,13.690425491968837,0.01937556090013403,1,1,1,1
389.23485759580694,72.8476699836593,248.46205049405773,582.8757785880155,334.41372809395773,0.4885869489978834,929.6447210922182,48.94484475745112,822.1114953119497,1033.660699158332,211.54920384638217,0.10339253219492563,143.71786087606938,29.753093987879176,71.573755572298,211.79555452245452,140.22179895015654,0.2463526571690887,38.85207527595154,0.39696581761228233,38.07502692463878,39.68770098973121,1.6126740650924347,0.0045180906725884,13.140169150136028,3.112684648176159,5.454631789514185,18.252574800894863,12.797943011380678,0.03881005714304919,1,1,1,1
384.2600069102576,73.12903775929158,204.2599867811117,542.9432268783512,338.6832400972395,0.9827141967042866,959.0361881172877,41.603015274670454,872.6150752024445,1066.082566724565,193.46749152212044,0.5804186218072482,137.61619775963706,27.659255165184042,71.35941070772512,195.206675129756,123.84726442203089,-0.01705486779222289,38.806074675345684,0.3950260598206817,37.65971856987342,39.58765886816211,1.9279402982886893,-0.004852241349791808,13.466007820753507,3.71282249589646,6.109962630986779,23.169913904745428,17.05995127375865,-0.061153512096175214,1,1,1,1
395.29911201992843,95.90054183851392,195.00091318449225,610.9548668475013,415.9539536630091,0.4760850301614308,949.5697942310854,47.129104445324614,801.8062148721887,1053.1174438226128,251.31122895042415,-0.047716433349922524,139.5716554682729,25.561581310592555,91.44597803092108,202.8297977092396,111.38381967831853,0.19539768827544163,38.89587026636555,0.34938316309166056,38.21746698516105,39.63862139510099,1.4211544099399376,0.001909625487627951,13.781797532612952,2.881059200771236,8.383991962840772,21.714106040435627,13.330114077594855,0.016429496444642214,1,1,1,1
375.4116575577235,84.93376520025248,205.6853129041641,569.8810778443442,364.1957649401801,-0.029534760653319274,943.7492987872882,47.756316627203226,853.3783562650864,1050.6485154371353,197.27015917204892,-0.2722182328453959,142.09671830317157,32.635264198997426,65.03871727450988,230.1485419753264,165.10982470081652,-0.32691481328532185,38.79770769655951,0.4323574979099803,37.696270860060686,39.8176998564804,2.1214289964197164,-0.004514283328580373,13.863370093078252,2.6522509355783868,8.786012713697943,20.047532219744447,11.261519506046504,-0.0024114602631796008,1,1,1,1
406.16094128539464,83.03513866527781,231.51042148036325,572.2468059051662,340.73638442480296,-0.6885360334799411,945.7458280724194,48.365721450449634,842.5165394860124,1048.964297601564,206.44775811555166,-0.23977254724895442,139.3573998639424,32.22691210849654,80.34372164582665,222.91812835254134,142.57440670671468,-0.20845610651508817,38.79243418615691,0.3700964497731878,37.66319454574631,39.512049405939045,1.8488548601927377,0.0011733856710137796,13.790253783476706,2.781167676584377,8.514162095628347,19.94397797616868,11.429815880540332,0.047624999834829485,1,1,1,1
381.05994256003083,79.33131318029271,214.27215026902797,588.5876479932953,374.3154977242673,0.9810684812576209,954.5780594128295,49.624209820993215,843.8362045362088,1086.777370105226,242.94116556901724,0.1729087694998033,146.04462530552638,31.91137908919207,66.10385044904297,212.1314471394551,146.02759669041214,-0.2634690289752444,38.80459920108007,0.4100745815115827,37.54612139981512,39.69459977857303,2.1484783787579076,-0.0013495265958595537,14.422928199591208,2.5096328059360773,8.079041870285046,20.100339538306272,12.021297668021226,-0.01770945932206043,1,1,1,1
372.8867577957068,86.81909873232229,189.8335523894464,549.3698951227187,359.53634273327236,-1.2457735910148704,943.8022107355024,51.90368105131674,842.2751020514519,1042.846059920246,200.57095786879415,-0.42121662537729554,142.60344068382673,29.440901634987164,82.0446648008845,226.8413043067564,144.7966395058719,-0.37738811141202033,38.78217707397976,0.38426604427025773,38.149174503231556,39.52814657253526,1.3789720693037069,0.0016237337195044272,13.612248197314774,2.931211286242555,7.6429358489157,19.85960625290444,12.216670403988742,-0.02005843867781852,1,1,1,1
381.8323685822745,80.64115133485686,218.46010546804104,662.8837471800186,444.4236417119776,-0.47230278924522345,968.8143570193854,52.93367102362073,841.7701574897299,1100.1256528503795,258.3554953606497,-0.3801545150469949,136.09314601352762,32.79481018666389,58.997381269146246,187.086859173575,128.08947790442875,0.15531671785701756,38.7341254788693,0.35606617610844254,37.61140229271472,39.39994046415946,1.7885381714447348,0.0014473737533344593,14.057129097175245,2.8514953657676827,7.050532178302516,23.068204250174,16.01767207187148,-0.0141724782770863,1,1,1,1
365.3624316027359,71.90508277166091,229.13381604510053,529.7181897720989,300.58437372699836,0.07962396823726649,936.695020457556,40.94348356719808,859.6769522438076,1032.8677785237264,173.19082627991884,0.3748791462023661,147.62185578590635,28.37142143603799,93.28679968151079,214.1106101583619,120.82381047685112,0.025397169254461206,38.85749428489984,0.3844516858709011,38.24271199426271,39.7755255251901,1.5328135309273847,0.0039566162208070285,13.32262247029754,2.891696862948402,6.038879792938147,19.569590985466384,13.530711192528237,-0.018852818638628026,1,1,1,1
381.3475393395552,84.17407685102414,233.58366960011716,597.4508478710434,363.8671782709262,0.053354709705330274,953.1485486242641,54.602765488972715,867.250063785849,1065.980368335192,198.73030454934303,-0.19285003102868353,133.74867961394958,28.12175263596223,63.77685236237754,201.43132428459262,137.65447192221507,0.009495958902135938,38.759670805877924,0.3698751384657757,37.871473761136535,39.441045377923615,1.56957161678708,0.0003111277120775705,14.215908604664477,2.631966881431489,7.951037824656048,18.42405003826917,10.47301221361312,0.009210364862928153,1,1,1,1
375.0285859060656,75.81377442885291,212.06525501423738,516.2985462422623,304.23329122802494,-0.8985514123233884,943.6452165991644,39.27141427785018,849.7014702772797,1008.052134558724,158.35066428144432,0.12264401449057169,139.9286364302042,30.700733733870152,59.50519982933788,218.325699023065,158.82049919372713,-0.830401740256593,38.811195943686315,0.362753162591202,38.16368635617791,39.637340713832295,1.4736543576543824,0.002120210955758821,14.051982641538999,2.835770760234231,6.721857159570137,20.06423677304078,13.342379613470642,-0.010321871855657609,1,1,1,1
372.4958181368132,88.7627712615226,191.8946963390893,543.0091930727525,351.1144967336632,-0.8127910290144258,952.0196981915273,44.65312124961689,853.6346143559333,1054.7649907687833,201.13037641284996,-0.1814677270809881,137.8344117264987,29.033913032150025,80.28649070463388,209.56111290256536,129.27462219793148,0.15419907860979104,38.97196744715667,0.43578065575968694,38.104658976383284,40.2422407935497,2.1375818171664136,-0.003922371796777911,13.701649880418245,2.9836430182571334,7.082947832846987,23.646516116978525,16.563568284131538,-0.013191133262169563,1,1,1,1
355.82920791715975,74.90796565928895,172.2493870917749,504.5301622223517,332.2807751305768,-0.5374097874788307,956.4359057278955,45.02662681657207,845.0383661176627,1086.3749872778476,241.3366211601849,-0.2627455676216755,141.0670345703225,23.311433444394073,74.26835128048836,183.86091486406636,109.592563583578,-0.10233279569367772,38.89664577963825,0.41440275965271844,38.02983961155468,39.84400628747022,1.8141666759155441,0.002469548196393454,13.723158505664156,3.431660284546676,7.106645841621476,21.93750394685672,14.830858105235244,-0.029036621189189066,1,1,1,1
382.3441061383012,83.44699645034711,228.22276925013333,539.2947714580657,311.0720022079324,-1.5399700615883793,953.9713268577111,57.37971296443581,851.2686531316849,1148.0654528462073,296.7967997145224,0.6397865834428518,137.35450543595547,30.15068691601748,80.58713998801773,217.2495848804941,136.66244489247637,-0.015248467453104118,38.764946554943215,0.36527864021335604,37.76763149046193,39.66376769552173,1.896136205059797,0.0016578240436874922,13.799550068448127,3.519736054818379,3.623820190553623,20.7094631970605,17.085643006506878,-0.03826716981239771,1,1,1,1
391.50899398341824,69.28840491254672,242.0418038014864,569.1691203928146,327.1273165913283,1.1387172367299034,951.6021792221452,51.08882674812174,841.012490802552,1052.830186785197,211.81769598264498,-0.03310476379515413,142.98010782806512,32.81624529284116,63.11964935321694,200.55050189781974,137.4308525446028,-0.26507661426860074,38.81796005538474,0.33427709044703013,38.111219905237505,39.554249011078745,1.4430291058412408,-0.0013357997364384737,14.071438519971345,2.6398930253028725,8.31259854491474,20.035074896402634,11.722476351487893,0.02405528043726215,1,1,1,1
377.4418866534572,79.4662266233135,181.00246648939546,558.988420192579,377.98595370318355,-0.5003875210460004,955.9590706808619,58.13403244189279,874.1688834823044,1108.235674694029,234.06679121172465,-0.08990619499731406,143.04340025552,27.33036775524693,82.23822566579226,219.5399991109091,137.30177344511685,0.004165836100394287,38.991267732923035,0.4321229844466848,38.05806401518421,40.15061080288762,2.0925467877034123,-0.010037353272375862,13.753657634598474,2.9776223198138423,7.0358053598744394,20.41624657268322,13.380441212808782,-0.04289228905067962,1,1,1,1
389.9046688253002,81.15726614961984,183.52912922366085,584.6491037715583,401.11997454789747,-0.9556937718523769,956.2869401523676,50.59880004077604,859.0714952802053,1085.7703463319426,226.69885105173728,-0.5759008217781391,138.6978423133361,27.31893788508854,55.52029908655791,186.70342737656125,131.18312829000334,-0.44191857570018794,38.665649645385194,0.37678956152334153,37.8214725613061,39.73480533643277,1.913332775126669,-0.006892943239164181,13.07862584125385,2.9207140391701882,5.158194053484705,20.122534030939008,14.964339977454303,0.010713616738344853,1,1,1,1
352.84560793040146,83.19856044995517,152.1524942554172,501.00930914305593,348.85681488763873,-0.2366706403937037,939.3867706300164,50.956541481124496,815.1328767035045,1055.8510602110912,240.71818350758667,-0.38251707466142754,133.21821540035685,25.6374810399545,77.0589878633523,192.39231134847284,115.33332348512054,0.18688531300198233,38.73444740564302,0.3903389739624177,37.91720624907899,39.51066679590248,1.5934605468234935,0.004517603940681978,13.261568807765638,3.0199621200229023,6.542687759022848,20.25761653652005,13.714928777497203,-0.012517781917761345,1,1,1,1
390.48528980175587,77.98553850578527,213.9865207973437,590.0650262548356,376.07850545749193,-1.0383871091644798,957.5079568633073,52.10453638174773,816.6326360368546,1068.8780254042865,252.24538936743193,-0.0698102340846075,140.3776079809537,32.6067066310646,68.19852446718726,214.01477061957561,145.81624615238837,0.0114255863651072,38.76196090917202,0.42544374869253326,37.88817237727088,39.49062355874619,1.6024511814753097,0.0030224841938621856,13.182686870801962,3.1899019838231357,3.258407545323095,18.935393300505794,15.676985755182699,-0.021569585633174914,1,1,1,1
364.356549023219,83.55383335374971,186.10400960265451,544.9785851693175,358.874575566663,0.641230171078289,964.4043151552132,50.407273429494964,866.398993421689,1079.356367912609,212.95737449091985,-0.1661404372527538,141.43427433742954,30.477485907791472,68.43815870033275,208.5704850885508,140.13232638821808,-0.18624108761282887,38.89415929415291,0.4491795219207723,37.77981931937281,40.333615246272316,2.553795926899504,0.0015857821237227586,13.744758566087503,2.72338633422122,9.071669437322734,20.535634175375776,11.463964738053042,-0.03324726713683094,1,1,1,1
375.3668140024006,89.14232411755879,115.99352621396184,563.076970009268,447.0834437953062,0.5133790466247085,957.4630042720189,52.5988262050551,837.7185850179453,1057.2483729089386,219.52978789099325,-0.17292337231325158,146.68641267913878,29.840030405292257,84.9133088049054,224.95783406853678,140.04452526363139,-0.20681637938868716,38.72115270812161,0.43064411774368255,37.717712136945856,39.64027891803629,1.9225667810904312,0.002937758076872054,14.00787415448706,2.5328611099931067,9.127387688337732,19.403925398542782,10.27653771020505,0.009274011197691522,1,1,1,1
391.70257816477357,63.793774291170834,256.7104714200449,537.2160552347445,280.50558381469966,-0.07694824854503719,963.4089511350211,54.06529842530726,854.7318794419936,1074.9431828540962,220.21130341210267,0.37356403954607276,139.2257066979454,26.811793281259025,90.88025368991819,201.61248433449535,110.73223064457716,-0.004537963362771324,38.83241797738124,0.3724595781465154,38.00492880603877,39.47132511524795,1.4663963092091805,0.002011415914246106,13.782539110801531,2.968561276746742,6.269620985036109,21.255204748443717,14.985583763407607,0.007313295910775189,1,1,1,1
385.7474778700513,100.50086822467439,144.66958219699927,570.2012082688868,425.53162607188756,-0.17585188724940656,950.6292702889299,53.80825623143007,819.0710103239385,1064.457515067886,245.38650474394763,0.9449393959190729,142.48445075340211,31.855347639300636,59.32017737607295,215.92362916957973,156.6034517935068,-0.3096181499631308,38.82015171756936,0.44462468378318326,37.91915449368009,40.134335322876794,2.2151808291967043,-0.0028002236900720972,13.707865638600149,2.7661639120829853,4.65291630644524,20.425247112391947,15.772330805946707,0.012696636556618948,1,1,1,1
380.13891690127014,74.13370732638356,168.85451535335432,524.9873658535997,356.1328505002454,0.22380603686759548,945.3634533507425,46.676042002190634,836.0698924110302,1035.1677594487398,199.09786703770965,0.1819267200226592,139.33369832710957,25.38801589995601,71.46333123592254,192.65497239982608,121.19164116390354,0.26191367714454733,38.76524609319646,0.4462913454103096,38.010006505712866,39.989254340876016,1.9792478351631502,-0.0016501221345825619,14.409047983300049,2.9585592168778643,7.21047699121205,21.33117581355328,14.120698822341229,0.030124405701589734,1,1,1,1
374.6448236448645,82.50170009167611,94.54698571894352,537.2088243048292,442.66183858588573,-0.7809530734186717,942.4192720636257,52.9932339694775,857.0215829454241,1072.2109683337212,215.18938538829707,0.018773949117726563,135.75281335985,25.82069761161698,87.7364383668932,200.7808986730987,113.04446030620551,0.016649814806230644,38.82439051193345,0.4693465321995347,37.90145572031578,39.762987354586556,1.8615316342707757,0.006860202639541628,14.530122605549588,2.9411086002983633,8.792837740150702,21.417831400157798,12.624993660007096,0.03585496258263839,1,1,1,1
392.01690492959466,84.92087420375069,133.07760656372727,590.6432070873825,457.56560052365523,-0.7723064988262767,950.4670969872905,51.488907085560875,848.3230005240747,1075.8047955477052,227.48179502363053,0.13320751086152727,138.62191530807254,29.270869531768945,84.19467354653925,200.81110025978074,116.6164267132415,0.19736703152108143,38.75606321441153,0.46778960383309093,37.87332088431646,40.32739976223349,2.454078877917027,-0.004709890429745246,13.126232364939108,2.881987314948028,7.845550974802691,17.8516627282132,10.006111753410508,-0.02564514857185873,1,1,1,1
386.6796814078218,60.86997675180597,251.3211191566276,507.30790780834394,255.98678865171635,0.25106017579833234,946.9589182304593,61.248570280414974,844.1876274061156,1105.0656504503606,260.8780230442451,0.31706196068953196,136.47618014133045,30.576740010539318,56.66477355346781,205.28862965782724,148.62385610435945,-0.2539312688342214,38.662389215025115,0.3820321946738673,37.70272701381575,39.449146959736616,1.746419945920863,-0.0037066640636710477,13.201351982558823,2.826954794079722,7.2906591406694625,18.792570536300005,11.501911395630543,-0.0407631882424927,1,1,1,1
383.51406883155687,93.76613207236083,167.18686287378966,644.7358697324057,477.54900685861605,-0.07851671521623076,949.7117298307562,54.185834616857065,809.603951841071,1070.9561736341573,261.3522217930863,0.4019111074248483,138.08024839229813,33.86418985310658,63.64477646297402,211.21668661879687,147.57191015582285,-0.17997756255551456,38.76165543981359,0.4036001181979808,38.0038264543466,39.63733291421434,1.6335064598677391,0.0067880215209331195,14.872442327590093,3.1484519797405244,7.535725271932266,21.545745387266603,14.010020115334337,0.0036649388442193446,1,1,1,1
380.9933758236405,73.74737699239495,200.99061215141398,564.2741879530627,363.2835758016487,1.285079142568445,958.3337848110466,47.86877731666527,835.7841044620928,1056.8705985893077,221.0864941272149,0.37360688444637963,145.99880223231412,34.41487397746126,77.58853296974242,225.16213786475276,147.57360489501036,0.1599288817714352,38.79253231637596,0.37744154616339864,37.85538530921436,39.584416812243504,1.729031503029141,-0.009973713993892285,13.834913011236114,2.879641615614602,7.09831956969499,21.578455832958397,14.480136263263407,0.01697131633850616,1,1,1,1
380.35074608187807,86.22196069953168,229.26445206729292,592.3525498686247,363.08809780133174,0.08800567550543605,943.120279681544,46.00464534740928,768.7849602402986,1016.8738252898496,248.08886504955103,-0.3749172417080228,135.14043312702762,26.711612009941405,79.73888746764496,194.4376228294011,114.69873536175615,-0.13107053407857297,38.85170198083438,0.35032714469688586,37.66733423036137,39.55261596121973,1.8852817308583596,-0.0014978178084211707,14.02138771602875,3.0660185216499767,8.343037436615163,22.569800665594734,14.226763228979571,-0.0002522634025442798,1,1,1,1
395.3539585229857,71.01801480553566,186.68429763490278,547.01836680786,360.33406917295724,-0.19824197386668407,957.1574413037529,50.76461022908883,810.6975218833621,1109.4605138976353,298.7629920142732,-0.3980606723620697,139.0228846027849,28.432750527256907,62.05142560790463,195.36714813852902,133.31572253062438,-0.3745583916450381,38.6909990470981,0.3477386241777641,37.95998146456907,39.62813172854235,1.6681502639732813,-0.0004915974467836108,14.261253997901306,2.5922507461833675,5.601624631493504,19.201642490783023,13.600017859289519,-0.006786226362117493,1,1,1,1
369.75143595517034,73.17768619786385,199.69303219150396,556.0892722674778,356.3962400759738,0.4753861534537714,957.5903485893576,46.47671302896019,853.4422657499988,1052.580019757293,199.13775400729423,0.27699435807432776,140.9629012269641,30.179532846484,80.20026635945877,193.83634942047533,113.63608306101656,0.09182695215254638,38.837095992172664,0.30239519073680293,38.206155953940026,39.60806337779106,1.4019074238510356,-0.0004829819263961126,13.767149306863693,2.5186636745209947,7.365674197037075,18.629610633287374,11.2639364362503,-0.015818301244754855,1,1,1,1
397.5554967475749,74.82881600712639,223.87423686964485,544.4904100875538,320.6161732179089,-0.7321419383834605,953.652765046222,50.623573536080066,827.2418559387519,1062.3164793013023,235.07462336255037,0.8144914666708729,140.0028129240498,30.808627383706167,58.98912391952942,197.01257458645938,138.02345066692996,-0.24915142563192516,38.82656671975591,0.37165243357365696,38.022776553370974,39.73181631034195,1.7090397569709737,0.002389689217699818,13.148163655245316,2.7133911909433497,7.63745983185647,19.959098653194896,12.321638821338427,-0.005597953469478929,1,1,1,1
377.6614339181043,77.00730757208767,186.66955716696452,580.0641514088306,393.3945942418661,-0.57547734968631,951.1585873398145,36.97409974242589,869.8493737231597,1052.4841052571792,182.63473153401947,0.06984613067632062,144.50112179623832,31.386214843688865,59.37596414966001,211.22484709380728,151.84888294414728,0.24039973063509806,38.7590175664882,0.3255692555184007,38.0065114360899,39.57167350474688,1.5651620686569814,0.0030075029543190214,13.7756839068558,2.9313866106313715,7.593642203421435,19.41700423740695,11.823362033985514,0.03729187969441095,1,1,1,1
392.63248151382317,76.62075026571173,211.4357920756368,574.573759760741,363.13796768510423,-1.029231726084601,950.3096472399067,44.87435898495095,832.5997881392559,1058.9927293850594,226.3929412458035,1.1541836602272184,137.7738855787979,27.851741203936818,71.58950380788936,191.05895046593722,119.46944665804786,-0.1619906854047168,38.783206449468764,0.3378076168169312,37.81395916425462,39.39584911284344,1.5818899485888238,-0.002640467343207595,14.02095867387933,3.0396790172290595,7.2480433826937904,23.313099885512187,16.065056502818397,-0.02585167444157706,1,1,1,1
359.3010269668406,82.41907063448635,179.17914162808128,574.757446372726,395.5783047446447,1.6350913730983998,950.950554856244,56.36381527334642,827.1237704404983,1132.7380802103505,305.6143097698522,1.277252657776728,139.809635557066,30.206299043460977,62.41992907051525,223.44021112164023,161.02028205112498,0.24816106884861336,38.806253438381056,0.40192905513690347,37.824185327914314,39.77611370766681,1.951928379752495,0.0001049496773820388,14.131224435918377,2.672010888686611,8.10279572927071,20.131904780093024,12.029109050822314,0.005722721330154307,1,1,1,1
366.8161326749461,61.440677393338454,225.7700438815374,539.9914603068053,314.2214164252679,0.7470423717161586,950.7102155667625,53.81774537103238,844.5357663257477,1045.5633539763892,201.02758765064152,-0.03859556672032125,139.34017285316537,26.066421311475736,92.64883962321116,208.95994388385088,116.31110426063972,0.4540166128792686,38.800850325506964,0.4187785962988797,37.56245472054743,39.57588439660935,2.013429676061918,0.0010553440341858496,13.757303833944434,3.4692308110902803,5.794841251423886,19.707361390885143,13.912520139461257,-0.018457698056656688,1,1,1,1
376.05302275773926,60.2128011841264,202.02083102590055,533.6928490199051,331.6720179940046,0.4788404556233595,946.0106212583851,47.13262725266932,832.4552636084313,1035.7281147624203,203.272851153989,-0.2932096387427946,135.1404909545317,30.169200165182875,72.64672705062327,211.71655799741296,139.0698309467897,-0.0015209595300786785,38.843152840400684,0.38362241656647256,37.72385415754995,39.62630672495099,1.902452567401042,0.005006060505847672,13.889506466955199,3.1112382747263174,8.165361423893204,23.241948073255635,15.076586649362431,0.004430221477700919,1,1,1,1
389.5687757671501,92.34809637725051,225.56752488711214,590.9578537571044,365.3903288699923,-1.1447054656303721,964.5295897231081,44.844917342740004,875.3250377353111,1049.6486348033166,174.32359706800548,0.39091423642304707,133.46916958530554,23.157780932307883,81.38884203479245,177.7132599164351,96.32441788164266,-0.41882434430493576,38.776983774240115,0.36167546714407217,37.969797768622726,39.678472865785885,1.7086750971631588,0.0028699217274742823,13.903804048991478,3.026517080793667,8.30145986870659,19.516879875707527,11.215420007000937,-0.006469829924768286,1,1,1,1
388.9600982871507,79.00798289307845,202.52370428134267,590.7026644241852,388.17896014284247,-0.6607614306504067,959.5594144695738,51.14739009589075,843.7290129165596,1062.0118122442805,218.2827993277209,-0.7393445571715345,138.6840391081784,26.545685422103023,90.11944202302217,205.54219036740346,115.42274834438129,-0.40256732154601926,38.81698831460812,0.33032338375825876,38.11585971902134,39.637040246978614,1.5211805279572772,0.001727447410697663,14.135064321797536,3.027539806619717,6.329586329277121,22.50762036678897,16.17803403751185,-0.0018452317158639292,1,1,1,1
357.7211032924898,76.08570865462741,225.58990729644472,567.8059988559323,342.2160915594876,0.4509472837640954,959.5855367750969,46.12204837914302,877.3060023732826,1075.1934851178983,197.88748274461568,-0.7701067505369154,134.00842984473095,27.312887983367727,73.88234884784782,191.8282216948778,117.94587284702999,-0.06268800717224972,38.75478345748377,0.4396434461590584,37.80404416621964,39.68700940503357,1.8829652388139309,0.0016630892910617272,13.649879891974779,2.824378689617963,8.211980868727562,20.95400230186527,12.742021433137708,0.011150633520436591,1,1,1,1
377.83301273588063,80.59884538117625,235.39920789218704,582.7189898926349,347.31978200044784,-1.2741834934237162,942.8445891055932,44.03684698789781,853.856367159051,1049.9288314133873,196.0724642543363,0.11359297249532055,139.16226525093631,28.831100272928097,61.47330318440794,208.97268883216844,147.4993856477605,-0.11563490543317698,38.9154366725823,0.3974906891060905,37.98655848382755,39.804411610331,1.8178531265034508,0.0014850990784074434,13.996090452237299,2.801137849960866,8.507232707853891,20.258677450551588,11.751444742697696,0.053022787178759016,1,1,1,1
379.1837884560219,79.6289551619882,197.32380761369024,614.1533009018935,416.8294932882033,-1.369197280471151,941.4276889536372,48.46944156732962,859.6231870603588,1075.8199140792394,216.19672701888067,-0.44385109072823375,140.83232822480602,24.719241625022523,84.49466712883564,184.34755289744623,99.85288576861059,-0.35471895326526154,38.789656325821795,0.3866143827082663,37.69161216104763,39.4436179138425,1.7520057527948723,0.001682156198017945,14.129252381056386,3.7270502891894632,5.202111256778608,21.83868180796937,16.63657055119076,-0.04027358585833873,1,1,1,1
371.3842883039577,79.58295114297428,193.09890784352913,520.8326111059395,327.73370326241036,-1.040427184556696,954.7132352308115,49.307379443699446,859.7106279756932,1057.491018633747,197.78039065805376,-0.35197010408719137,144.5646246096317,25.553998500097467,90.66461133383416,216.62832977676183,125.96371844292767,0.2791543866123935,38.86301686106324,0.4034627256816666,37.84223182819809,39.76084038771968,1.9186085595215943,0.002310756458588442,13.373713041944256,3.267803697108358,4.221540184019192,21.493247364008255,17.271707179989065,-0.004044176114619286,1,1,1,1
382.32266588482105,67.22942282234276,241.28538843363606,525.3821546093833,284.09676617574723,-0.8691808590656306,954.5728265188413,43.57857539558431,858.877093042821,1033.7784338828815,174.90134084006047,0.5088733084181443,138.89807738850274,25.77758219131104,86.27392194237677,213.50003243397293,127.22611049159616,0.4162697603062756,38.80066102710819,0.36983736686324403,37.77154903394027,39.6885220584033,1.916973024463033,0.004807355674732395,13.741738513328437,3.05968850014031,8.202439551189372,22.55458817209646,14.352148620907087,-0.0011250606222151887,1,1,1,1
364.90624866024484,81.34120841710954,225.89430368154285,530.5272006714677,304.6328969899248,0.2156603220845006,947.6911951536214,49.27889615434736,807.5862165962279,1037.6927783530987,230.10656175687075,-0.8299513868761764,146.32495172457158,31.47416238306432,94.76072136567396,211.85350962367227,117.09278825799831,-0.2526110621648741,38.9159292015783,0.4529924871282008,37.92160104703788,40.27559184976809,2.353990802730209,0.00581975692615894,14.099628906316322,3.100394119706587,7.314208154372048,20.331732260865667,13.01752410649362,-0.09376913768443103,1,1,1,1
366.29157998115676,75.07608047287118,225.36824753166624,546.972525513165,321.60427798149874,-0.9688371632729122,947.3720199867398,46.58651466439703,827.3653003472083,1042.3554193628372,214.99011901562892,-0.29016789904214757,134.37164390421677,23.756771641859952,57.96420869650781,193.20972129590172,135.24551259939392,0.3052524987643598,38.82146720204834,0.3581351306465084,37.95202479749919,39.61696843228177,1.6649436347825812,0.005260254587198973,13.454374589212001,3.019597585305413,7.5324732907106124,21.723516464564398,14.191043173853785,-0.013418071499647318,1,1,1,1
368.76433639676793,88.9901330415991,193.9306028992923,558.610672369804,364.6800694705117,1.5540363946251385,954.696970703852,47.060423419556564,864.4527608785621,1057.8894458386726,193.43668496011048,0.08169334918151194,142.75003983265725,27.737131004004414,84.97501872856077,210.27774519318257,125.3027264646218,-0.21160564035148152,38.687046269391764,0.4044648382101717,37.92456106658533,39.74728113339199,1.82272006680666,0.00531694404382906,13.89038394137213,3.2310462761534886,7.970901818516596,22.99951933638089,15.028617517864292,0.026046178282451014,1,1,1,1
377.12164405686633,84.59513486975543,215.14741124745203,560.0905955807624,344.94318433331034,0.21820544706552597,940.7782155103856,52.27110150633123,828.8468900553222,1035.5238434271857,206.67695337186353,-0.37374675654736905,133.77028198754678,23.1486519208797,57.34056809669637,188.97129002977528,131.63072193307892,0.02214472897109483,38.86650143989028,0.3569314723870074,38.21669527954598,39.68506488708494,1.4683696075389605,-0.0026521946532416167,14.353281369708487,3.601059827154908,6.029758535759983,24.105534726848845,18.075776191088863,-0.014142363795090962,1,1,1,1
374.2440134917005,75.9450097224025,234.79445795979439,574.2828122819676,339.4883543221732,0.21465176617490023,957.3874808967507,52.7799804886522,745.839016424108,1070.481058203233,324.64204177912507,0.8310810393369397,138.73823465894577,32.310794737434854,75.89056313200763,229.55746710407055,153.66690397206293,-0.02137008900770877,38.66888137834555,0.39612886252660684,37.88921344421179,39.857092148046235,1.9678787038344439,0.0020085492725301986,14.53857376391171,2.939312060762863,7.135175907954293,22.373920895712928,15.238744987758635,-0.04070754656074113,1,1,1,1
